sample_order,code_station,code_site,product_id
1,1120000201,11200002,stage_instantaneous
2,1120000201,11200002,discharge_instantaneous
3,1120000202,11200002,discharge_instantaneous
4,1232000101,12320001,stage_instantaneous
5,1232000101,12320001,discharge_instantaneous
6,1232000102,12320001,discharge_instantaneous
7,1332000101,13320001,stage_instantaneous
8,1332000101,13320001,discharge_instantaneous
9,1332000102,13320001,stage_instantaneous
10,1332000102,13320001,discharge_instantaneous
11,2101000101,21010001,stage_instantaneous
12,2101000101,21010001,discharge_instantaneous
13,2302000301,23020003,stage_instantaneous
14,2302000301,23020003,discharge_instantaneous
15,2328000101,23280001,stage_instantaneous
16,2328000101,23280001,discharge_instantaneous
17,2402000201,24020002,discharge_instantaneous
18,2404000101,24040001,stage_instantaneous
19,2404000101,24040001,discharge_instantaneous
20,2414000101,24140001,stage_instantaneous
21,2414000101,24140001,discharge_instantaneous
22,2423000101,24230001,stage_instantaneous
23,2423000101,24230001,discharge_instantaneous
24,2503000201,25030002,stage_instantaneous
25,2503000201,25030002,discharge_instantaneous
26,2512000302,25120003,stage_instantaneous
27,2512000302,25120003,discharge_instantaneous
28,2541000101,25410001,discharge_instantaneous
29,2542000101,25420001,discharge_instantaneous
30,2543000101,25430001,stage_instantaneous
31,2543000101,25430001,discharge_instantaneous
32,2544000201,25440002,discharge_instantaneous
33,2604000101,26040001,discharge_instantaneous
34,2613000101,26130001,stage_instantaneous
35,2613000101,26130001,discharge_instantaneous
36,2615000101,26150001,discharge_instantaneous
37,2616000101,26160001,stage_instantaneous
38,2616000101,26160001,discharge_instantaneous
39,2803000101,28030001,stage_instantaneous
40,2803000101,28030001,discharge_instantaneous
41,2804000201,28040002,discharge_instantaneous
42,2805000101,28050001,discharge_instantaneous
43,2805000201,28050002,discharge_instantaneous
44,2808000101,28080001,discharge_instantaneous
45,2813000101,28130001,discharge_instantaneous
46,2813000201,28130002,discharge_instantaneous
47,3013000101,30130001,stage_instantaneous
48,3013000101,30130001,discharge_instantaneous
49,3014000101,30140001,stage_instantaneous
50,3014000101,30140001,discharge_instantaneous
51,3021000101,30210001,stage_instantaneous
52,3021000101,30210001,discharge_instantaneous
53,3033000101,30330001,stage_instantaneous
54,3033000101,30330001,discharge_instantaneous
55,3033000201,30330002,stage_instantaneous
56,3033000201,30330002,discharge_instantaneous
57,3033000501,30330005,discharge_instantaneous
58,3033000601,30330006,stage_instantaneous
59,3033000601,30330006,discharge_instantaneous
60,3035000101,30350001,discharge_instantaneous
61,3045000101,30450001,stage_instantaneous
62,3045000101,30450001,discharge_instantaneous
63,3051000101,30510001,discharge_instantaneous
64,3054000101,30540001,stage_instantaneous
65,3054000101,30540001,discharge_instantaneous
66,3073000101,30730001,stage_instantaneous
67,3073000101,30730001,discharge_instantaneous
68,3074000101,30740001,stage_instantaneous
69,3074000101,30740001,discharge_instantaneous
70,3094000101,30940001,stage_instantaneous
71,3094000101,30940001,discharge_instantaneous
72,3094000102,30940001,stage_instantaneous
73,3094000102,30940001,discharge_instantaneous
74,4000000101,40000001,stage_instantaneous
75,4000000101,40000001,discharge_instantaneous
76,4000000102,40000001,stage_instantaneous
77,4000000102,40000001,discharge_instantaneous
78,4001000101,40010001,stage_instantaneous
79,4001000101,40010001,discharge_instantaneous
80,4001000201,40010002,stage_instantaneous
81,4001000201,40010002,discharge_instantaneous
82,4001000301,40010003,stage_instantaneous
83,4001000301,40010003,discharge_instantaneous
84,4005000101,40050001,stage_instantaneous
85,4005000101,40050001,discharge_instantaneous
86,4010000101,40100001,stage_instantaneous
87,4010000101,40100001,discharge_instantaneous
88,4012000201,40120002,stage_instantaneous
89,4012000201,40120002,discharge_instantaneous
90,4013000101,40130001,stage_instantaneous
91,4013000101,40130001,discharge_instantaneous
92,4013000401,40130004,discharge_instantaneous
93,4013000501,40130005,stage_instantaneous
94,4013000501,40130005,discharge_instantaneous
95,4020000201,40200002,stage_instantaneous
96,4020000201,40200002,discharge_instantaneous
97,4021000101,40210001,stage_instantaneous
98,4021000101,40210001,discharge_instantaneous
99,4022000101,40220001,discharge_instantaneous
100,4030000101,40300001,discharge_instantaneous
101,4030000501,40300005,stage_instantaneous
102,4030000501,40300005,discharge_instantaneous
103,4030000601,40300006,stage_instantaneous
104,4030000601,40300006,discharge_instantaneous
105,4030000701,40300007,stage_instantaneous
106,4030000701,40300007,discharge_instantaneous
107,4030000801,40300008,stage_instantaneous
108,4030000801,40300008,discharge_instantaneous
109,4030000901,40300009,stage_instantaneous
110,4030000901,40300009,discharge_instantaneous
111,4030001001,40300010,stage_instantaneous
112,4030001001,40300010,discharge_instantaneous
113,4031000101,40310001,discharge_instantaneous
114,4031000201,40310002,stage_instantaneous
115,4031000201,40310002,discharge_instantaneous
116,4031000601,40310006,stage_instantaneous
117,4031000601,40310006,discharge_instantaneous
118,4032000101,40320001,stage_instantaneous
119,4032000101,40320001,discharge_instantaneous
120,4032000201,40320002,discharge_instantaneous
121,4032000301,40320003,stage_instantaneous
122,4032000301,40320003,discharge_instantaneous
123,4032000401,40320004,stage_instantaneous
124,4032000401,40320004,discharge_instantaneous
125,4041000201,40410002,stage_instantaneous
126,4041000201,40410002,discharge_instantaneous
127,4050000101,40500001,stage_instantaneous
128,4050000101,40500001,discharge_instantaneous
129,4050000201,40500002,stage_instantaneous
130,4050000201,40500002,discharge_instantaneous
131,4051000101,40510001,stage_instantaneous
132,4051000101,40510001,discharge_instantaneous
133,4051000301,40510003,stage_instantaneous
134,4051000301,40510003,discharge_instantaneous
135,4051000302,40510003,stage_instantaneous
136,4051000302,40510003,discharge_instantaneous
137,4051000401,40510004,stage_instantaneous
138,4051000401,40510004,discharge_instantaneous
139,4051000501,40510005,stage_instantaneous
140,4051000501,40510005,discharge_instantaneous
141,4051000601,40510006,stage_instantaneous
142,4051000601,40510006,discharge_instantaneous
143,4061000101,40610001,stage_instantaneous
144,4061000101,40610001,discharge_instantaneous
145,4062000201,40620002,discharge_instantaneous
146,4062000501,40620005,discharge_instantaneous
147,4062000701,40620007,discharge_instantaneous
148,4062000801,40620008,stage_instantaneous
149,4062000801,40620008,discharge_instantaneous
150,5061000101,50610001,discharge_instantaneous
151,6201000101,62010001,stage_instantaneous
152,6201000101,62010001,discharge_instantaneous
153,9003000101,90030001,stage_instantaneous
154,9003000101,90030001,discharge_instantaneous
155,9011000101,90110001,stage_instantaneous
156,9011000101,90110001,discharge_instantaneous
157,9012000101,90120001,stage_instantaneous
158,9012000101,90120001,discharge_instantaneous
159,9121000102,91210001,stage_instantaneous
160,9121000102,91210001,discharge_instantaneous
161,A040000101,A0400001,discharge_instantaneous
162,A060005050,A0600050,discharge_instantaneous
163,H612044010,H6120440,discharge_instantaneous
164,H612901401,H6129014,stage_instantaneous
165,H612901401,H6129014,discharge_instantaneous
166,H620021010,H6200210,discharge_instantaneous
167,H620102001,H6201020,discharge_instantaneous
168,H621101001,H6211010,discharge_instantaneous
169,H622102001,H6221020,discharge_instantaneous
170,H630101001,H6301010,discharge_instantaneous
171,H632101204,H6321012,discharge_instantaneous
172,H641321001,H6413210,discharge_instantaneous
173,H650102002,H6501020,discharge_instantaneous
174,I120303001,I1203030,discharge_instantaneous
175,I157000101,I1570001,discharge_instantaneous
176,I223000101,I2230001,stage_instantaneous
177,I223000101,I2230001,discharge_instantaneous
178,I303101001,I3031010,discharge_instantaneous
179,I330202001,I3302020,stage_instantaneous
180,I330202001,I3302020,discharge_instantaneous
181,I336101001,I3361010,discharge_instantaneous
182,I346202001,I3462020,discharge_instantaneous
183,I352102001,I3521020,discharge_instantaneous
184,I362101001,I3621010,discharge_instantaneous
185,I362102001,I3621020,discharge_instantaneous
186,I374101001,I3741010,discharge_instantaneous
187,I621101001,I6211010,discharge_instantaneous
188,I651000101,I6510001,discharge_instantaneous
189,I929000201,I9290002,discharge_instantaneous
190,J011000101,J0110001,stage_instantaneous
191,J011000101,J0110001,discharge_instantaneous
192,J013000301,J0130003,stage_instantaneous
193,J013000301,J0130003,discharge_instantaneous
194,J050000101,J0500001,discharge_instantaneous
195,J080000201,J0800002,stage_instantaneous
196,J080000201,J0800002,discharge_instantaneous
197,J080000202,J0800002,stage_instantaneous
198,J080000202,J0800002,discharge_instantaneous
199,J110581001,J1105810,discharge_instantaneous
200,J161401001,J1614010,stage_instantaneous
201,J161401001,J1614010,discharge_instantaneous
202,J161401003,J1614010,stage_instantaneous
203,J161401003,J1614010,discharge_instantaneous
204,J261400501,J2614005,discharge_instantaneous
205,J262301001,J2623010,discharge_instantaneous
206,J262301002,J2623010,discharge_instantaneous
207,J334000101,J3340001,discharge_instantaneous
208,J382183001,J3821830,discharge_instantaneous
209,J392000601,J3920006,stage_instantaneous
210,J392000601,J3920006,discharge_instantaneous
211,J420192001,J4201920,discharge_instantaneous
212,J423191001,J4231910,discharge_instantaneous
213,J431303001,J4313030,discharge_instantaneous
214,J440191002,J4401910,discharge_instantaneous
215,J442191001,J4421910,discharge_instantaneous
216,J490201002,J4902010,discharge_instantaneous
217,J490202001,J4902020,discharge_instantaneous
218,J541211001,J5412110,stage_instantaneous
219,J541211001,J5412110,discharge_instantaneous
220,J541212001,J5412120,discharge_instantaneous
221,J543211003,J5432110,discharge_instantaneous
222,J550211001,J5502110,discharge_instantaneous
223,J571211004,J5712110,discharge_instantaneous
224,J571211005,J5712110,stage_instantaneous
225,J601000202,J6010002,stage_instantaneous
226,J601000202,J6010002,discharge_instantaneous
227,J640712302,J6407123,discharge_instantaneous
228,J701064001,J7010640,discharge_instantaneous
229,J702403001,J7024030,discharge_instantaneous
230,J704301001,J7043010,discharge_instantaneous
231,J705302001,J7053020,discharge_instantaneous
232,J712001001,J7120010,discharge_instantaneous
233,J712301001,J7123010,discharge_instantaneous
234,J739301001,J7393010,discharge_instantaneous
235,J748301001,J7483010,stage_instantaneous
236,J748301001,J7483010,discharge_instantaneous
237,J770061001,J7700610,discharge_instantaneous
238,J783301020,J7833010,stage_instantaneous
239,J783301020,J7833010,discharge_instantaneous
240,J795301010,J7953010,discharge_instantaneous
241,J798061001,J7980610,discharge_instantaneous
242,J800232001,J8002320,discharge_instantaneous
243,J820234001,J8202340,discharge_instantaneous
244,J840231001,J8402310,discharge_instantaneous
245,J850231003,J8502310,discharge_instantaneous
246,J900001001,J9000010,discharge_instantaneous
247,J900061001,J9000610,discharge_instantaneous
248,J910000101,J9100001,discharge_instantaneous
249,J930061102,J9300611,discharge_instantaneous
250,K002000101,K0020001,stage_instantaneous
251,K002000101,K0020001,discharge_instantaneous
252,K003002010,K0030020,discharge_instantaneous
253,K010002011,K0100020,stage_instantaneous
254,K010002011,K0100020,discharge_instantaneous
255,K034000101,K0340001,discharge_instantaneous
256,K041031002,K0410310,stage_instantaneous
257,K041031002,K0410310,discharge_instantaneous
258,K176401002,K1764010,discharge_instantaneous
259,K206401101,K2064011,discharge_instantaneous
260,K207081011,K2070810,stage_instantaneous
261,K207081011,K2070810,discharge_instantaneous
262,K207503001,K2075030,discharge_instantaneous
263,K221084201,K2210842,stage_instantaneous
264,K221084201,K2210842,discharge_instantaneous
265,K223403201,K2234032,stage_instantaneous
266,K223403201,K2234032,discharge_instantaneous
267,K239000201,K2390002,stage_instantaneous
268,K239000201,K2390002,discharge_instantaneous
269,K270081010,K2700810,discharge_instantaneous
270,K272422201,K2724222,stage_instantaneous
271,K272422201,K2724222,discharge_instantaneous
272,K276701001,K2767010,stage_instantaneous
273,K276701001,K2767010,discharge_instantaneous
274,K277471001,K2774710,stage_instantaneous
275,K277471001,K2774710,discharge_instantaneous
276,K285191002,K2851910,stage_instantaneous
277,K285191002,K2851910,discharge_instantaneous
278,K296000201,K2960002,stage_instantaneous
279,K296000201,K2960002,discharge_instantaneous
280,K298191101,K2981911,stage_instantaneous
281,K298191101,K2981911,discharge_instantaneous
282,K299401301,K2994013,stage_instantaneous
283,A061005051,A0610050,discharge_instantaneous
284,A100003201,A1000032,discharge_instantaneous
285,A106000101,A1060001,stage_instantaneous
286,A106000101,A1060001,discharge_instantaneous
287,A115020001,A1150200,discharge_instantaneous
288,A116003201,A1160032,stage_instantaneous
289,A116003201,A1160032,discharge_instantaneous
290,A156020101,A1560201,discharge_instantaneous
291,A161003101,A1610031,stage_instantaneous
292,A161003101,A1610031,discharge_instantaneous
293,A200000101,A2000001,stage_instantaneous
294,A200000101,A2000001,discharge_instantaneous
295,A200000102,A2000001,stage_instantaneous
296,A200000102,A2000001,discharge_instantaneous
297,A202030301,A2020303,stage_instantaneous
298,A202030301,A2020303,discharge_instantaneous
299,A204010401,A2040104,stage_instantaneous
300,A204010401,A2040104,discharge_instantaneous
301,A215030301,A2150303,stage_instantaneous
302,A215030301,A2150303,discharge_instantaneous
303,A222000101,A2220001,discharge_instantaneous
304,A226032101,A2260321,discharge_instantaneous
305,A232070301,A2320703,stage_instantaneous
306,A232070301,A2320703,discharge_instantaneous
307,A236003302,A2360033,discharge_instantaneous
308,A282000101,A2820001,discharge_instantaneous
309,A286011101,A2860111,stage_instantaneous
310,A286011101,A2860111,discharge_instantaneous
311,A286011201,A2860112,stage_instantaneous
312,A286011201,A2860112,discharge_instantaneous
313,A352000101,A3520001,stage_instantaneous
314,A352000101,A3520001,discharge_instantaneous
315,A369011002,A3690110,discharge_instantaneous
316,A410000201,A4100002,stage_instantaneous
317,A410000201,A4100002,discharge_instantaneous
318,A410000301,A4100003,stage_instantaneous
319,A410000301,A4100003,discharge_instantaneous
320,A420063002,A4200630,discharge_instantaneous
321,A430000601,A4300006,stage_instantaneous
322,A430000601,A4300006,discharge_instantaneous
323,A511061001,A5110610,discharge_instantaneous
324,A573061004,A5730610,stage_instantaneous
325,A573061004,A5730610,discharge_instantaneous
326,A600101101,A6001011,stage_instantaneous
327,A600101101,A6001011,discharge_instantaneous
328,A657111002,A6571110,stage_instantaneous
329,A657111002,A6571110,discharge_instantaneous
330,A664031003,A6640310,stage_instantaneous
331,A664031003,A6640310,discharge_instantaneous
332,A673122002,A6731220,stage_instantaneous
333,A673122002,A6731220,discharge_instantaneous
334,A694102001,A6941020,stage_instantaneous
335,A694102001,A6941020,discharge_instantaneous
336,A735201001,A7352010,discharge_instantaneous
337,A743061001,A7430610,discharge_instantaneous
338,A820101001,A8201010,stage_instantaneous
339,A820101001,A8201010,discharge_instantaneous
340,A830082101,A8300821,stage_instantaneous
341,A830082101,A8300821,discharge_instantaneous
342,A831030001,A8310300,discharge_instantaneous
343,A840601001,A8406010,stage_instantaneous
344,A840601001,A8406010,discharge_instantaneous
345,A841040101,A8410401,stage_instantaneous
346,A841040101,A8410401,discharge_instantaneous
347,A850061002,A8500610,stage_instantaneous
348,A850061002,A8500610,discharge_instantaneous
349,A851020501,A8510205,stage_instantaneous
350,A851020501,A8510205,discharge_instantaneous
351,A891030102,A8910301,stage_instantaneous
352,A891030102,A8910301,discharge_instantaneous
353,A900105301,A9001053,stage_instantaneous
354,A900105301,A9001053,discharge_instantaneous
355,A900105302,A9001053,stage_instantaneous
356,A900105302,A9001053,discharge_instantaneous
357,A901305201,A9013052,stage_instantaneous
358,A901305201,A9013052,discharge_instantaneous
359,A901305202,A9013052,stage_instantaneous
360,A901305202,A9013052,discharge_instantaneous
361,A937205050,A9372050,discharge_instantaneous
362,A940000101,A9400001,discharge_instantaneous
363,B105201001,B1052010,discharge_instantaneous
364,B130001001,B1300010,discharge_instantaneous
365,B134001001,B1340010,discharge_instantaneous
366,B210000101,B2100001,discharge_instantaneous
367,B301001002,B3010010,discharge_instantaneous
368,B435201001,B4352010,discharge_instantaneous
369,B453000101,B4530001,discharge_instantaneous
370,B466010101,B4660101,discharge_instantaneous
371,B540001001,B5400010,discharge_instantaneous
372,B560010101,B5600101,discharge_instantaneous
373,B610000601,B6100006,stage_instantaneous
374,B610000801,B6100008,stage_instantaneous
375,B713000201,B7130002,stage_instantaneous
376,B713000301,B7130003,stage_instantaneous
377,B720000002,B7200000,discharge_instantaneous
378,B720000003,B7200000,stage_instantaneous
379,B720000003,B7200000,discharge_instantaneous
380,B732201001,B7322010,discharge_instantaneous
381,D015658001,D0156580,discharge_instantaneous
382,D015850501,D0158505,stage_instantaneous
383,D015850501,D0158505,discharge_instantaneous
384,D016221001,D0162210,discharge_instantaneous
385,D019801101,D0198011,discharge_instantaneous
386,D019801201,D0198012,stage_instantaneous
387,D019801201,D0198012,discharge_instantaneous
388,D021000101,D0210001,stage_instantaneous
389,D021000101,D0210001,discharge_instantaneous
390,E131000201,E1310002,stage_instantaneous
391,E131000201,E1310002,discharge_instantaneous
392,E182702501,E1827025,discharge_instantaneous
393,E240041201,E2400412,stage_instantaneous
394,E240041201,E2400412,discharge_instantaneous
395,E351851201,E3518512,discharge_instantaneous
396,E351851301,E3518513,discharge_instantaneous
397,E351851401,E3518514,stage_instantaneous
398,E351851401,E3518514,discharge_instantaneous
399,E351851501,E3518515,stage_instantaneous
400,E351851501,E3518515,discharge_instantaneous
401,E351851601,E3518516,discharge_instantaneous
402,E362000101,E3620001,discharge_instantaneous
403,E363121001,E3631210,discharge_instantaneous
404,E363121002,E3631210,discharge_instantaneous
405,E363121101,E3631211,stage_instantaneous
406,E363121101,E3631211,discharge_instantaneous
407,E364121001,E3641210,discharge_instantaneous
408,E364121002,E3641210,discharge_instantaneous
409,E364628201,E3646282,discharge_instantaneous
410,E365851401,E3658514,discharge_instantaneous
411,E366601601,E3666016,discharge_instantaneous
412,E366601701,E3666017,discharge_instantaneous
413,E366601801,E3666018,discharge_instantaneous
414,E366601901,E3666019,discharge_instantaneous
415,E403000101,E4030001,discharge_instantaneous
416,E403653401,E4036534,discharge_instantaneous
417,E490940501,E4909405,discharge_instantaneous
418,E520571202,E5205712,stage_instantaneous
419,E520571202,E5205712,discharge_instantaneous
420,E531022101,E5310221,stage_instantaneous
421,E531022101,E5310221,discharge_instantaneous
422,E531022102,E5310221,stage_instantaneous
423,E531022102,E5310221,discharge_instantaneous
424,E531022201,E5310222,stage_instantaneous
425,E531022201,E5310222,discharge_instantaneous
426,E541000401,E5410004,discharge_instantaneous
427,E541000501,E5410005,discharge_instantaneous
428,E550572701,E5505727,discharge_instantaneous
429,E635142601,E6351426,discharge_instantaneous
430,E635142602,E6351426,discharge_instantaneous
431,E638607201,E6386072,discharge_instantaneous
432,E640091001,E6400910,stage_instantaneous
433,E640091001,E6400910,discharge_instantaneous
434,E640600201,E6406002,stage_instantaneous
435,E640600201,E6406002,discharge_instantaneous
436,E647091002,E6470910,stage_instantaneous
437,E647091002,E6470910,discharge_instantaneous
438,E649563001,E6495630,discharge_instantaneous
439,F020000101,F0200001,stage_instantaneous
440,F020000101,F0200001,discharge_instantaneous
441,F041000201,F0410002,stage_instantaneous
442,F042000101,F0420001,stage_instantaneous
443,F042000101,F0420001,discharge_instantaneous
444,F042000201,F0420002,stage_instantaneous
445,F042000201,F0420002,discharge_instantaneous
446,F128000101,F1280001,stage_instantaneous
447,F128000101,F1280001,discharge_instantaneous
448,F200000101,F2000001,stage_instantaneous
449,F200000101,F2000001,discharge_instantaneous
450,F200000102,F2000001,stage_instantaneous
451,F200000102,F2000001,discharge_instantaneous
452,F200000201,F2000002,stage_instantaneous
453,F200000201,F2000002,discharge_instantaneous
454,F210000101,F2100001,discharge_instantaneous
455,F210000102,F2100001,discharge_instantaneous
456,F211000101,F2110001,discharge_instantaneous
457,F211000102,F2110001,discharge_instantaneous
458,F211000201,F2110002,discharge_instantaneous
459,F211000202,F2110002,discharge_instantaneous
460,F211000301,F2110003,discharge_instantaneous
461,F211000302,F2110003,discharge_instantaneous
462,F214000101,F2140001,discharge_instantaneous
463,F214000102,F2140001,discharge_instantaneous
464,F220000101,F2200001,discharge_instantaneous
465,F220000102,F2200001,discharge_instantaneous
466,F221000101,F2210001,discharge_instantaneous
467,F221000102,F2210001,discharge_instantaneous
468,F221000103,F2210001,discharge_instantaneous
469,F221000201,F2210002,discharge_instantaneous
470,F240000104,F2400001,stage_instantaneous
471,F240000104,F2400001,discharge_instantaneous
472,F240000105,F2400001,discharge_instantaneous
473,F240000201,F2400002,stage_instantaneous
474,F240000201,F2400002,discharge_instantaneous
475,F240000301,F2400003,stage_instantaneous
476,F240000301,F2400003,discharge_instantaneous
477,F240000302,F2400003,discharge_instantaneous
478,F243000101,F2430001,stage_instantaneous
479,F243000101,F2430001,discharge_instantaneous
480,F324000201,F3240002,stage_instantaneous
481,F330000102,F3300001,discharge_instantaneous
482,F332000201,F3320002,stage_instantaneous
483,F332000202,F3320002,stage_instantaneous
484,F332000202,F3320002,discharge_instantaneous
485,F333000201,F3330002,stage_instantaneous
486,F335000101,F3350001,stage_instantaneous
487,F335000101,F3350001,discharge_instantaneous
488,F336000201,F3360002,stage_instantaneous
489,F336000201,F3360002,discharge_instantaneous
490,F336000301,F3360003,stage_instantaneous
491,F336000301,F3360003,discharge_instantaneous
492,F351000105,F3510001,discharge_instantaneous
493,F358000101,F3580001,discharge_instantaneous
494,F359000103,F3590001,stage_instantaneous
495,F359000103,F3590001,discharge_instantaneous
496,F400000101,F4000001,discharge_instantaneous
497,F400000202,F4000002,discharge_instantaneous
498,F400000205,F4000002,stage_instantaneous
499,F400000205,F4000002,discharge_instantaneous
500,F400000301,F4000003,discharge_instantaneous
501,F416000101,F4160001,discharge_instantaneous
502,F420000101,F4200001,discharge_instantaneous
503,F437000201,F4370002,discharge_instantaneous
504,F440000101,F4400001,discharge_instantaneous
505,F440000102,F4400001,discharge_instantaneous
506,F443000101,F4430001,stage_instantaneous
507,F443000101,F4430001,discharge_instantaneous
508,F443000102,F4430001,stage_instantaneous
509,F443000102,F4430001,discharge_instantaneous
510,F446000201,F4460002,discharge_instantaneous
511,F447000101,F4470001,discharge_instantaneous
512,F447000201,F4470002,stage_instantaneous
513,F447000201,F4470002,discharge_instantaneous
514,F447000202,F4470002,discharge_instantaneous
515,F447000203,F4470002,discharge_instantaneous
516,F447000204,F4470002,stage_instantaneous
517,F447000204,F4470002,discharge_instantaneous
518,F449000501,F4490005,discharge_instantaneous
519,F449000502,F4490005,discharge_instantaneous
520,F449000503,F4490005,stage_instantaneous
521,F449000503,F4490005,discharge_instantaneous
522,F449000601,F4490006,discharge_instantaneous
523,F460000301,F4600003,discharge_instantaneous
524,F460000302,F4600003,discharge_instantaneous
525,F461000401,F4610004,discharge_instantaneous
526,F461000601,F4610006,discharge_instantaneous
527,F461000602,F4610006,stage_instantaneous
528,F461000602,F4610006,discharge_instantaneous
529,F462000701,F4620007,discharge_instantaneous
530,F464000102,F4640001,stage_instantaneous
531,F464000102,F4640001,discharge_instantaneous
532,F465000302,F4650003,discharge_instantaneous
533,F467000101,F4670001,stage_instantaneous
534,F467000101,F4670001,discharge_instantaneous
535,F468000101,F4680001,discharge_instantaneous
536,F468000102,F4680001,discharge_instantaneous
537,F470000101,F4700001,stage_instantaneous
538,F470000101,F4700001,discharge_instantaneous
539,F470000201,F4700002,stage_instantaneous
540,F470000201,F4700002,discharge_instantaneous
541,F471000201,F4710002,stage_instantaneous
542,F471000201,F4710002,discharge_instantaneous
543,F471000301,F4710003,stage_instantaneous
544,F471000301,F4710003,discharge_instantaneous
545,F472000101,F4720001,stage_instantaneous
546,F472000101,F4720001,discharge_instantaneous
547,F473000201,F4730002,stage_instantaneous
548,F473000201,F4730002,discharge_instantaneous
549,F474000301,F4740003,stage_instantaneous
550,F474000301,F4740003,discharge_instantaneous
551,F475000101,F4750001,stage_instantaneous
552,F475000101,F4750001,discharge_instantaneous
553,F477000201,F4770002,stage_instantaneous
554,F477000201,F4770002,discharge_instantaneous
555,F477000301,F4770003,stage_instantaneous
556,F477000301,F4770003,discharge_instantaneous
557,F477000401,F4770004,stage_instantaneous
558,F477000401,F4770004,discharge_instantaneous
559,F480000201,F4800002,stage_instantaneous
560,F480000201,F4800002,discharge_instantaneous
561,F481000201,F4810002,stage_instantaneous
562,F481000201,F4810002,discharge_instantaneous
563,F481000301,F4810003,stage_instantaneous
564,F481000301,F4810003,discharge_instantaneous
565,F483000301,F4830003,stage_instantaneous
566,F483000301,F4830003,discharge_instantaneous
567,F483000401,F4830004,stage_instantaneous
568,F483000401,F4830004,discharge_instantaneous
569,F483000402,F4830004,stage_instantaneous
570,F483000402,F4830004,discharge_instantaneous
571,F483000501,F4830005,stage_instantaneous
572,F483000501,F4830005,discharge_instantaneous
573,F483000502,F4830005,stage_instantaneous
574,F483000502,F4830005,discharge_instantaneous
575,F483000601,F4830006,stage_instantaneous
576,F483000601,F4830006,discharge_instantaneous
577,F483000602,F4830006,stage_instantaneous
578,F483000602,F4830006,discharge_instantaneous
579,F484000101,F4840001,stage_instantaneous
580,F484000101,F4840001,discharge_instantaneous
581,F485000101,F4850001,stage_instantaneous
582,F485000101,F4850001,discharge_instantaneous
583,F486000401,F4860004,stage_instantaneous
584,F486000401,F4860004,discharge_instantaneous
585,F486000501,F4860005,stage_instantaneous
586,F486000501,F4860005,discharge_instantaneous
587,F486000601,F4860006,stage_instantaneous
588,F486000601,F4860006,discharge_instantaneous
589,F486000701,F4860007,stage_instantaneous
590,F486000701,F4860007,discharge_instantaneous
591,F487000102,F4870001,stage_instantaneous
592,F487000102,F4870001,discharge_instantaneous
593,F487000501,F4870005,discharge_instantaneous
594,F487000502,F4870005,stage_instantaneous
595,F487000502,F4870005,discharge_instantaneous
596,F487000503,F4870005,stage_instantaneous
597,F487000503,F4870005,discharge_instantaneous
598,F487000601,F4870006,stage_instantaneous
599,F487000601,F4870006,discharge_instantaneous
600,F487000602,F4870006,stage_instantaneous
601,F487000602,F4870006,discharge_instantaneous
602,F487000701,F4870007,stage_instantaneous
603,F487000701,F4870007,discharge_instantaneous
604,F487000702,F4870007,stage_instantaneous
605,F487000702,F4870007,discharge_instantaneous
606,F487000801,F4870008,stage_instantaneous
607,F487000801,F4870008,discharge_instantaneous
608,F487000802,F4870008,stage_instantaneous
609,F487000802,F4870008,discharge_instantaneous
610,F487000901,F4870009,stage_instantaneous
611,F487000901,F4870009,discharge_instantaneous
612,F487001001,F4870010,stage_instantaneous
613,F487001001,F4870010,discharge_instantaneous
614,F487001002,F4870010,stage_instantaneous
615,F487001002,F4870010,discharge_instantaneous
616,F490000105,F4900001,discharge_instantaneous
617,F490000106,F4900001,discharge_instantaneous
618,F606000101,F6060001,discharge_instantaneous
619,F613000201,F6130002,discharge_instantaneous
620,F620000201,F6200002,discharge_instantaneous
621,F620000301,F6200003,stage_instantaneous
622,F620000301,F6200003,discharge_instantaneous
623,F620000302,F6200003,stage_instantaneous
624,F620000302,F6200003,discharge_instantaneous
625,F643000101,F6430001,discharge_instantaneous
626,F643000102,F6430001,stage_instantaneous
627,F643000102,F6430001,discharge_instantaneous
628,F643000103,F6430001,stage_instantaneous
629,F643000103,F6430001,discharge_instantaneous
630,F654000301,F6540003,stage_instantaneous
631,F654000301,F6540003,discharge_instantaneous
632,F654000401,F6540004,stage_instantaneous
633,F654000401,F6540004,discharge_instantaneous
634,F654000501,F6540005,stage_instantaneous
635,F654000501,F6540005,discharge_instantaneous
636,F654000601,F6540006,stage_instantaneous
637,F654000601,F6540006,discharge_instantaneous
638,F654000701,F6540007,stage_instantaneous
639,F654000701,F6540007,discharge_instantaneous
640,F654000801,F6540008,stage_instantaneous
641,F654000801,F6540008,discharge_instantaneous
642,F654000901,F6540009,stage_instantaneous
643,F654000901,F6540009,discharge_instantaneous
644,F654001001,F6540010,stage_instantaneous
645,F654001001,F6540010,discharge_instantaneous
646,F655000102,F6550001,stage_instantaneous
647,F655000102,F6550001,discharge_instantaneous
648,F658000401,F6580004,discharge_instantaneous
649,F662000101,F6620001,discharge_instantaneous
650,F664000107,F6640001,stage_instantaneous
651,F664000107,F6640001,discharge_instantaneous
652,F664000108,F6640001,stage_instantaneous
653,F664000108,F6640001,discharge_instantaneous
654,F664000301,F6640003,discharge_instantaneous
655,F664000401,F6640004,discharge_instantaneous
656,F664000402,F6640004,discharge_instantaneous
657,F664000501,F6640005,stage_instantaneous
658,F664000501,F6640005,discharge_instantaneous
659,F664000601,F6640006,discharge_instantaneous
660,F664000602,F6640006,discharge_instantaneous
661,F664000603,F6640006,stage_instantaneous
662,F664000603,F6640006,discharge_instantaneous
663,F700000102,F7000001,discharge_instantaneous
664,F700000112,F7000001,discharge_instantaneous
665,F704000101,F7040001,discharge_instantaneous
666,F704000102,F7040001,stage_instantaneous
667,F704000102,F7040001,discharge_instantaneous
668,F704000103,F7040001,stage_instantaneous
669,F704000103,F7040001,discharge_instantaneous
670,F712000102,F7120001,discharge_instantaneous
671,G400022101,G4000221,stage_instantaneous
672,G400022101,G4000221,discharge_instantaneous
673,G410000501,G4100005,discharge_instantaneous
674,G510061201,G5100612,stage_instantaneous
675,G510061301,G5100613,stage_instantaneous
676,G510061301,G5100613,discharge_instantaneous
677,H000000201,H0000002,discharge_instantaneous
678,H000000301,H0000003,stage_instantaneous
679,H000000301,H0000003,discharge_instantaneous
680,H001000301,H0010003,stage_instantaneous
681,H001000301,H0010003,discharge_instantaneous
682,H001000401,H0010004,stage_instantaneous
