code_station,code_site,product_id,native_field,route,http_status,points_window_1,points_window_2,windows,request_error,probed_at
1120000201,11200002,stage_instantaneous,H,hydroportail,200,0,0,01/06/2026-08/06/2026 then 01/06/2023-08/06/2023,,2026-09-08T15:40:13.966594Z
1120000201,11200002,discharge_instantaneous,Q,hydroportail,200,0,0,01/06/2026-08/06/2026 then 01/06/2023-08/06/2023,,2026-09-08T15:40:16.578129Z
1120000202,11200002,discharge_instantaneous,Q,hydroportail,200,0,0,01/06/2026-08/06/2026 then 01/06/2023-08/06/2023,,2026-09-08T15:40:18.560936Z
1232000101,12320001,stage_instantaneous,H,hydroportail,200,286,,01/06/2026-08/06/2026 then 01/06/2023-08/06/2023,,2026-09-08T15:40:19.884460Z
1232000101,12320001,discharge_instantaneous,Q,hydroportail,200,282,,01/06/2026-08/06/2026 then 01/06/2023-08/06/2023,,2026-09-08T15:40:21.293411Z
1232000102,12320001,discharge_instantaneous,Q,hydroportail,200,0,0,01/06/2026-08/06/2026 then 01/06/2023-08/06/2023,,2026-09-08T15:40:24.346610Z
1332000101,13320001,stage_instantaneous,H,hydroportail,200,0,0,01/06/2026-08/06/2026 then 01/06/2023-08/06/2023,,2026-09-08T15:40:26.046605Z
1332000101,13320001,discharge_instantaneous,Q,hydroportail,200,0,0,01/06/2026-08/06/2026 then 01/06/2023-08/06/2023,,2026-09-08T15:40:28.333184Z
1332000102,13320001,stage_instantaneous,H,hydroportail,200,0,0,01/06/2026-08/06/2026 then 01/06/2023-08/06/2023,,2026-09-08T15:40:29.736385Z
1332000102,13320001,discharge_instantaneous,Q,hydroportail,200,0,0,01/06/2026-08/06/2026 then 01/06/2023-08/06/2023,,2026-09-08T15:40:31.371849Z
2101000101,21010001,stage_instantaneous,H,hydroportail,200,0,0,01/06/2026-08/06/2026 then 01/06/2023-08/06/2023,,2026-09-08T15:40:32.711565Z
2101000101,21010001,discharge_instantaneous,Q,hydroportail,200,0,0,01/06/2026-08/06/2026 then 01/06/2023-08/06/2023,,2026-09-08T15:40:34.912118Z
2302000301,23020003,stage_instantaneous,H,hydroportail,200,0,0,01/06/2026-08/06/2026 then 01/06/2023-08/06/2023,,2026-09-08T15:40:37.277153Z
2302000301,23020003,discharge_instantaneous,Q,hydroportail,200,0,0,01/06/2026-08/06/2026 then 01/06/2023-08/06/2023,,2026-09-08T15:40:39.723828Z
2328000101,23280001,stage_instantaneous,H,hydroportail,200,0,1920,01/06/2026-08/06/2026 then 01/06/2023-08/06/2023,,2026-09-08T15:40:41.864906Z
2328000101,23280001,discharge_instantaneous,Q,hydroportail,200,0,1920,01/06/2026-08/06/2026 then 01/06/2023-08/06/2023,,2026-09-08T15:40:43.828255Z
2402000201,24020002,discharge_instantaneous,Q,hydroportail,200,0,0,01/06/2026-08/06/2026 then 01/06/2023-08/06/2023,,2026-09-08T15:40:45.898277Z
2404000101,24040001,stage_instantaneous,H,hydroportail,200,0,0,01/06/2026-08/06/2026 then 01/06/2023-08/06/2023,,2026-09-08T15:40:47.371818Z
2404000101,24040001,discharge_instantaneous,Q,hydroportail,200,0,0,01/06/2026-08/06/2026 then 01/06/2023-08/06/2023,,2026-09-08T15:40:48.973964Z
2414000101,24140001,stage_instantaneous,H,hydroportail,200,0,0,01/06/2026-08/06/2026 then 01/06/2023-08/06/2023,,2026-09-08T15:40:50.480675Z
2414000101,24140001,discharge_instantaneous,Q,hydroportail,200,0,0,01/06/2026-08/06/2026 then 01/06/2023-08/06/2023,,2026-09-08T15:40:52.196516Z
2423000101,24230001,stage_instantaneous,H,hydroportail,200,0,0,01/06/2026-08/06/2026 then 01/06/2023-08/06/2023,,2026-09-08T15:40:53.541181Z
2423000101,24230001,discharge_instantaneous,Q,hydroportail,200,0,0,01/06/2026-08/06/2026 then 01/06/2023-08/06/2023,,2026-09-08T15:40:55.323919Z
2503000201,25030002,stage_instantaneous,H,hydroportail,200,0,0,01/06/2026-08/06/2026 then 01/06/2023-08/06/2023,,2026-09-08T15:40:56.911683Z
2503000201,25030002,discharge_instantaneous,Q,hydroportail,200,0,0,01/06/2026-08/06/2026 then 01/06/2023-08/06/2023,,2026-09-08T15:40:59.615150Z
2512000302,25120003,stage_instantaneous,H,hydroportail,200,0,0,01/06/2026-08/06/2026 then 01/06/2023-08/06/2023,,2026-09-08T15:41:01.125237Z
2512000302,25120003,discharge_instantaneous,Q,hydroportail,200,0,0,01/06/2026-08/06/2026 then 01/06/2023-08/06/2023,,2026-09-08T15:41:03.383372Z
2541000101,25410001,discharge_instantaneous,Q,hydroportail,200,0,0,01/06/2026-08/06/2026 then 01/06/2023-08/06/2023,,2026-09-08T15:41:05.054803Z
2542000101,25420001,discharge_instantaneous,Q,hydroportail,200,0,0,01/06/2026-08/06/2026 then 01/06/2023-08/06/2023,,2026-09-08T15:41:53.838397Z
2543000101,25430001,stage_instantaneous,H,hydroportail,200,0,1920,01/06/2026-08/06/2026 then 01/06/2023-08/06/2023,,2026-09-08T15:41:55.763352Z
2543000101,25430001,discharge_instantaneous,Q,hydroportail,200,0,0,01/06/2026-08/06/2026 then 01/06/2023-08/06/2023,,2026-09-08T15:41:57.305690Z
2544000201,25440002,discharge_instantaneous,Q,hydroportail,200,0,0,01/06/2026-08/06/2026 then 01/06/2023-08/06/2023,,2026-09-08T15:41:58.988169Z
2604000101,26040001,discharge_instantaneous,Q,hydroportail,200,0,0,01/06/2026-08/06/2026 then 01/06/2023-08/06/2023,,2026-09-08T15:42:00.809037Z
2613000101,26130001,stage_instantaneous,H,hydroportail,200,0,0,01/06/2026-08/06/2026 then 01/06/2023-08/06/2023,,2026-09-08T15:42:02.388821Z
2613000101,26130001,discharge_instantaneous,Q,hydroportail,200,0,0,01/06/2026-08/06/2026 then 01/06/2023-08/06/2023,,2026-09-08T15:42:05.025134Z
2615000101,26150001,discharge_instantaneous,Q,hydroportail,200,0,0,01/06/2026-08/06/2026 then 01/06/2023-08/06/2023,,2026-09-08T15:43:53.675290Z
2616000101,26160001,stage_instantaneous,H,hydroportail,200,0,0,01/06/2026-08/06/2026 then 01/06/2023-08/06/2023,,2026-09-08T15:43:55.250053Z
2616000101,26160001,discharge_instantaneous,Q,hydroportail,200,0,0,01/06/2026-08/06/2026 then 01/06/2023-08/06/2023,,2026-09-08T15:43:57.141029Z
2803000101,28030001,stage_instantaneous,H,hydroportail,200,0,0,01/06/2026-08/06/2026 then 01/06/2023-08/06/2023,,2026-09-08T15:43:58.688913Z
2803000101,28030001,discharge_instantaneous,Q,hydroportail,200,0,0,01/06/2026-08/06/2026 then 01/06/2023-08/06/2023,,2026-09-08T15:44:00.705603Z
2804000201,28040002,discharge_instantaneous,Q,hydroportail,200,0,0,01/06/2026-08/06/2026 then 01/06/2023-08/06/2023,,2026-09-08T15:44:03.250813Z
2805000101,28050001,discharge_instantaneous,Q,hydroportail,200,0,0,01/06/2026-08/06/2026 then 01/06/2023-08/06/2023,,2026-09-08T15:44:06.431193Z
2805000201,28050002,discharge_instantaneous,Q,hydroportail,200,0,0,01/06/2026-08/06/2026 then 01/06/2023-08/06/2023,,2026-09-08T15:44:08.466314Z
2808000101,28080001,discharge_instantaneous,Q,hydroportail,200,0,0,01/06/2026-08/06/2026 then 01/06/2023-08/06/2023,,2026-09-08T15:44:10.770484Z
2813000101,28130001,discharge_instantaneous,Q,hydroportail,200,0,0,01/06/2026-08/06/2026 then 01/06/2023-08/06/2023,,2026-09-08T15:44:12.808050Z
2813000201,28130002,discharge_instantaneous,Q,hydroportail,200,0,0,01/06/2026-08/06/2026 then 01/06/2023-08/06/2023,,2026-09-08T15:44:14.856273Z
3013000101,30130001,stage_instantaneous,H,hydroportail,200,0,0,01/06/2026-08/06/2026 then 01/06/2023-08/06/2023,,2026-09-08T15:44:16.340256Z
3013000101,30130001,discharge_instantaneous,Q,hydroportail,200,0,0,01/06/2026-08/06/2026 then 01/06/2023-08/06/2023,,2026-09-08T15:44:18.132695Z
3014000101,30140001,stage_instantaneous,H,hydroportail,200,0,0,01/06/2026-08/06/2026 then 01/06/2023-08/06/2023,,2026-09-08T15:44:19.752046Z
3014000101,30140001,discharge_instantaneous,Q,hydroportail,200,0,0,01/06/2026-08/06/2026 then 01/06/2023-08/06/2023,,2026-09-08T15:44:21.460774Z
3021000101,30210001,stage_instantaneous,H,hydroportail,200,0,0,01/06/2026-08/06/2026 then 01/06/2023-08/06/2023,,2026-09-08T15:44:23.405916Z
3021000101,30210001,discharge_instantaneous,Q,hydroportail,200,0,0,01/06/2026-08/06/2026 then 01/06/2023-08/06/2023,,2026-09-08T15:44:25.199728Z
3033000101,30330001,stage_instantaneous,H,hydroportail,200,0,0,01/06/2026-08/06/2026 then 01/06/2023-08/06/2023,,2026-09-08T15:44:26.829651Z
3033000101,30330001,discharge_instantaneous,Q,hydroportail,200,0,0,01/06/2026-08/06/2026 then 01/06/2023-08/06/2023,,2026-09-08T15:44:28.491254Z
3033000201,30330002,stage_instantaneous,H,hydroportail,200,0,0,01/06/2026-08/06/2026 then 01/06/2023-08/06/2023,,2026-09-08T15:44:37.182281Z
3033000201,30330002,discharge_instantaneous,Q,hydroportail,200,0,0,01/06/2026-08/06/2026 then 01/06/2023-08/06/2023,,2026-09-08T15:44:39.380404Z
3033000501,30330005,discharge_instantaneous,Q,hydroportail,200,0,0,01/06/2026-08/06/2026 then 01/06/2023-08/06/2023,,2026-09-08T15:44:41.187906Z
3033000601,30330006,stage_instantaneous,H,hydroportail,200,0,0,01/06/2026-08/06/2026 then 01/06/2023-08/06/2023,,2026-09-08T15:44:42.751375Z
3033000601,30330006,discharge_instantaneous,Q,hydroportail,200,0,0,01/06/2026-08/06/2026 then 01/06/2023-08/06/2023,,2026-09-08T15:44:44.852586Z
3035000101,30350001,discharge_instantaneous,Q,hydroportail,200,10,,01/06/2026-08/06/2026 then 01/06/2023-08/06/2023,,2026-09-08T15:44:46.367152Z
3045000101,30450001,stage_instantaneous,H,hydroportail,200,187,,01/06/2026-08/06/2026 then 01/06/2023-08/06/2023,,2026-09-08T15:44:47.570424Z
3045000101,30450001,discharge_instantaneous,Q,hydroportail,200,0,0,01/06/2026-08/06/2026 then 01/06/2023-08/06/2023,,2026-09-08T15:44:49.267928Z
3051000101,30510001,discharge_instantaneous,Q,hydroportail,200,0,0,01/06/2026-08/06/2026 then 01/06/2023-08/06/2023,,2026-09-08T15:44:50.785865Z
3054000101,30540001,stage_instantaneous,H,hydroportail,200,0,0,01/06/2026-08/06/2026 then 01/06/2023-08/06/2023,,2026-09-08T15:44:52.132883Z
3054000101,30540001,discharge_instantaneous,Q,hydroportail,200,0,0,01/06/2026-08/06/2026 then 01/06/2023-08/06/2023,,2026-09-08T15:44:54.063523Z
3073000101,30730001,stage_instantaneous,H,hydroportail,200,0,0,01/06/2026-08/06/2026 then 01/06/2023-08/06/2023,,2026-09-08T15:44:55.730540Z
3073000101,30730001,discharge_instantaneous,Q,hydroportail,200,0,0,01/06/2026-08/06/2026 then 01/06/2023-08/06/2023,,2026-09-08T15:44:57.356345Z
3074000101,30740001,stage_instantaneous,H,hydroportail,200,0,0,01/06/2026-08/06/2026 then 01/06/2023-08/06/2023,,2026-09-08T15:44:58.918467Z
3074000101,30740001,discharge_instantaneous,Q,hydroportail,200,0,0,01/06/2026-08/06/2026 then 01/06/2023-08/06/2023,,2026-09-08T15:45:02.602825Z
3094000101,30940001,stage_instantaneous,H,hydroportail,200,0,0,01/06/2026-08/06/2026 then 01/06/2023-08/06/2023,,2026-09-08T15:45:11.214873Z
3094000101,30940001,discharge_instantaneous,Q,hydroportail,200,0,0,01/06/2026-08/06/2026 then 01/06/2023-08/06/2023,,2026-09-08T15:45:15.958165Z
3094000102,30940001,stage_instantaneous,H,hydroportail,200,0,0,01/06/2026-08/06/2026 then 01/06/2023-08/06/2023,,2026-09-08T15:45:19.048179Z
3094000102,30940001,discharge_instantaneous,Q,hydroportail,200,0,0,01/06/2026-08/06/2026 then 01/06/2023-08/06/2023,,2026-09-08T15:45:22.521911Z
4000000101,40000001,stage_instantaneous,H,hydroportail,200,0,0,01/06/2026-08/06/2026 then 01/06/2023-08/06/2023,,2026-09-08T15:45:25.368865Z
4000000101,40000001,discharge_instantaneous,Q,hydroportail,200,0,0,01/06/2026-08/06/2026 then 01/06/2023-08/06/2023,,2026-09-08T15:45:29.341306Z
4000000102,40000001,stage_instantaneous,H,hydroportail,200,0,0,01/06/2026-08/06/2026 then 01/06/2023-08/06/2023,,2026-09-08T15:45:32.107387Z
4000000102,40000001,discharge_instantaneous,Q,hydroportail,200,0,0,01/06/2026-08/06/2026 then 01/06/2023-08/06/2023,,2026-09-08T15:45:34.067566Z
4001000101,40010001,stage_instantaneous,H,hydroportail,200,0,0,01/06/2026-08/06/2026 then 01/06/2023-08/06/2023,,2026-09-08T15:45:36.244061Z
4001000101,40010001,discharge_instantaneous,Q,hydroportail,200,0,0,01/06/2026-08/06/2026 then 01/06/2023-08/06/2023,,2026-09-08T15:45:39.323557Z
4001000201,40010002,stage_instantaneous,H,hydroportail,200,0,0,01/06/2026-08/06/2026 then 01/06/2023-08/06/2023,,2026-09-08T15:45:41.618626Z
4001000201,40010002,discharge_instantaneous,Q,hydroportail,200,0,0,01/06/2026-08/06/2026 then 01/06/2023-08/06/2023,,2026-09-08T15:45:44.553186Z
4001000301,40010003,stage_instantaneous,H,hydroportail,200,0,0,01/06/2026-08/06/2026 then 01/06/2023-08/06/2023,,2026-09-08T15:45:46.667518Z
4001000301,40010003,discharge_instantaneous,Q,hydroportail,200,0,0,01/06/2026-08/06/2026 then 01/06/2023-08/06/2023,,2026-09-08T15:45:48.971712Z
4005000101,40050001,stage_instantaneous,H,hydroportail,200,0,0,01/06/2026-08/06/2026 then 01/06/2023-08/06/2023,,2026-09-08T15:45:51.304575Z
4005000101,40050001,discharge_instantaneous,Q,hydroportail,200,0,0,01/06/2026-08/06/2026 then 01/06/2023-08/06/2023,,2026-09-08T15:45:53.373498Z
4010000101,40100001,stage_instantaneous,H,hydroportail,200,0,0,01/06/2026-08/06/2026 then 01/06/2023-08/06/2023,,2026-09-08T15:45:56.986233Z
4010000101,40100001,discharge_instantaneous,Q,hydroportail,200,0,0,01/06/2026-08/06/2026 then 01/06/2023-08/06/2023,,2026-09-08T15:45:58.854904Z
4012000201,40120002,stage_instantaneous,H,hydroportail,200,0,0,01/06/2026-08/06/2026 then 01/06/2023-08/06/2023,,2026-09-08T15:46:01.131303Z
4012000201,40120002,discharge_instantaneous,Q,hydroportail,200,0,0,01/06/2026-08/06/2026 then 01/06/2023-08/06/2023,,2026-09-08T15:46:04.207079Z
4013000101,40130001,stage_instantaneous,H,hydroportail,200,0,0,01/06/2026-08/06/2026 then 01/06/2023-08/06/2023,,2026-09-08T15:46:05.863941Z
4013000101,40130001,discharge_instantaneous,Q,hydroportail,200,0,0,01/06/2026-08/06/2026 then 01/06/2023-08/06/2023,,2026-09-08T15:46:07.804334Z
4013000401,40130004,discharge_instantaneous,Q,hydroportail,200,0,0,01/06/2026-08/06/2026 then 01/06/2023-08/06/2023,,2026-09-08T15:46:10.019449Z
4013000501,40130005,stage_instantaneous,H,hydroportail,200,0,0,01/06/2026-08/06/2026 then 01/06/2023-08/06/2023,,2026-09-08T15:46:11.806349Z
4013000501,40130005,discharge_instantaneous,Q,hydroportail,200,0,0,01/06/2026-08/06/2026 then 01/06/2023-08/06/2023,,2026-09-08T15:46:13.658524Z
4020000201,40200002,stage_instantaneous,H,hydroportail,200,0,0,01/06/2026-08/06/2026 then 01/06/2023-08/06/2023,,2026-09-08T15:46:16.380526Z
4020000201,40200002,discharge_instantaneous,Q,hydroportail,200,0,0,01/06/2026-08/06/2026 then 01/06/2023-08/06/2023,,2026-09-08T15:46:17.995116Z
4021000101,40210001,stage_instantaneous,H,hydroportail,200,0,0,01/06/2026-08/06/2026 then 01/06/2023-08/06/2023,,2026-09-08T15:46:19.876109Z
4021000101,40210001,discharge_instantaneous,Q,hydroportail,200,0,0,01/06/2026-08/06/2026 then 01/06/2023-08/06/2023,,2026-09-08T15:46:21.719475Z
4022000101,40220001,discharge_instantaneous,Q,hydroportail,200,0,0,01/06/2026-08/06/2026 then 01/06/2023-08/06/2023,,2026-09-08T15:46:23.794392Z
4030000101,40300001,discharge_instantaneous,Q,hydroportail,200,0,0,01/06/2026-08/06/2026 then 01/06/2023-08/06/2023,,2026-09-08T15:46:26.666447Z
4030000501,40300005,stage_instantaneous,H,hydroportail,200,0,0,01/06/2026-08/06/2026 then 01/06/2023-08/06/2023,,2026-09-08T15:46:28.230005Z
4030000501,40300005,discharge_instantaneous,Q,hydroportail,200,0,0,01/06/2026-08/06/2026 then 01/06/2023-08/06/2023,,2026-09-08T15:46:30.158214Z
4030000601,40300006,stage_instantaneous,H,hydroportail,200,0,0,01/06/2026-08/06/2026 then 01/06/2023-08/06/2023,,2026-09-08T15:46:32.474561Z
4030000601,40300006,discharge_instantaneous,Q,hydroportail,200,0,0,01/06/2026-08/06/2026 then 01/06/2023-08/06/2023,,2026-09-08T15:46:34.314610Z
4030000701,40300007,stage_instantaneous,H,hydroportail,200,0,0,01/06/2026-08/06/2026 then 01/06/2023-08/06/2023,,2026-09-08T15:46:36.223792Z
4030000701,40300007,discharge_instantaneous,Q,hydroportail,200,0,0,01/06/2026-08/06/2026 then 01/06/2023-08/06/2023,,2026-09-08T15:46:38.023884Z
4030000801,40300008,stage_instantaneous,H,hydroportail,200,0,0,01/06/2026-08/06/2026 then 01/06/2023-08/06/2023,,2026-09-08T15:46:39.711998Z
4030000801,40300008,discharge_instantaneous,Q,hydroportail,200,0,0,01/06/2026-08/06/2026 then 01/06/2023-08/06/2023,,2026-09-08T15:46:41.816422Z
4030000901,40300009,stage_instantaneous,H,hydroportail,200,65,,01/06/2026-08/06/2026 then 01/06/2023-08/06/2023,,2026-09-08T15:46:43.065946Z
4030000901,40300009,discharge_instantaneous,Q,hydroportail,200,65,,01/06/2026-08/06/2026 then 01/06/2023-08/06/2023,,2026-09-08T15:46:44.409700Z
4030001001,40300010,stage_instantaneous,H,hydroportail,200,0,0,01/06/2026-08/06/2026 then 01/06/2023-08/06/2023,,2026-09-08T15:46:46.549720Z
4030001001,40300010,discharge_instantaneous,Q,hydroportail,200,0,0,01/06/2026-08/06/2026 then 01/06/2023-08/06/2023,,2026-09-08T15:46:48.793482Z
4031000101,40310001,discharge_instantaneous,Q,hydroportail,200,0,0,01/06/2026-08/06/2026 then 01/06/2023-08/06/2023,,2026-09-08T15:46:50.888008Z
4031000201,40310002,stage_instantaneous,H,hydroportail,200,0,0,01/06/2026-08/06/2026 then 01/06/2023-08/06/2023,,2026-09-08T15:46:52.760563Z
4031000201,40310002,discharge_instantaneous,Q,hydroportail,200,0,0,01/06/2026-08/06/2026 then 01/06/2023-08/06/2023,,2026-09-08T15:46:54.623549Z
4031000601,40310006,stage_instantaneous,H,hydroportail,200,0,0,01/06/2026-08/06/2026 then 01/06/2023-08/06/2023,,2026-09-08T15:46:57.221350Z
4031000601,40310006,discharge_instantaneous,Q,hydroportail,200,0,0,01/06/2026-08/06/2026 then 01/06/2023-08/06/2023,,2026-09-08T15:47:07.327381Z
4032000101,40320001,stage_instantaneous,H,hydroportail,200,0,0,01/06/2026-08/06/2026 then 01/06/2023-08/06/2023,,2026-09-08T15:47:13.674387Z
4032000101,40320001,discharge_instantaneous,Q,hydroportail,200,0,0,01/06/2026-08/06/2026 then 01/06/2023-08/06/2023,,2026-09-08T15:47:16.350513Z
4032000201,40320002,discharge_instantaneous,Q,hydroportail,200,0,0,01/06/2026-08/06/2026 then 01/06/2023-08/06/2023,,2026-09-08T15:47:18.325384Z
4032000301,40320003,stage_instantaneous,H,hydroportail,200,0,0,01/06/2026-08/06/2026 then 01/06/2023-08/06/2023,,2026-09-08T15:47:20.226902Z
4032000301,40320003,discharge_instantaneous,Q,hydroportail,200,0,0,01/06/2026-08/06/2026 then 01/06/2023-08/06/2023,,2026-09-08T15:47:22.177477Z
4032000401,40320004,stage_instantaneous,H,hydroportail,200,0,0,01/06/2026-08/06/2026 then 01/06/2023-08/06/2023,,2026-09-08T15:47:24.282742Z
4032000401,40320004,discharge_instantaneous,Q,hydroportail,200,0,0,01/06/2026-08/06/2026 then 01/06/2023-08/06/2023,,2026-09-08T15:47:26.246701Z
4041000201,40410002,stage_instantaneous,H,hydroportail,200,0,0,01/06/2026-08/06/2026 then 01/06/2023-08/06/2023,,2026-09-08T15:47:28.370892Z
4041000201,40410002,discharge_instantaneous,Q,hydroportail,200,0,0,01/06/2026-08/06/2026 then 01/06/2023-08/06/2023,,2026-09-08T15:47:30.178188Z
4050000101,40500001,stage_instantaneous,H,hydroportail,200,0,0,01/06/2026-08/06/2026 then 01/06/2023-08/06/2023,,2026-09-08T15:47:32.016460Z
4050000101,40500001,discharge_instantaneous,Q,hydroportail,200,0,0,01/06/2026-08/06/2026 then 01/06/2023-08/06/2023,,2026-09-08T15:47:33.632236Z
4050000201,40500002,stage_instantaneous,H,hydroportail,200,0,0,01/06/2026-08/06/2026 then 01/06/2023-08/06/2023,,2026-09-08T15:47:35.566935Z
4050000201,40500002,discharge_instantaneous,Q,hydroportail,200,0,0,01/06/2026-08/06/2026 then 01/06/2023-08/06/2023,,2026-09-08T15:47:37.366422Z
4051000101,40510001,stage_instantaneous,H,hydroportail,200,0,0,01/06/2026-08/06/2026 then 01/06/2023-08/06/2023,,2026-09-08T15:47:39.286990Z
4051000101,40510001,discharge_instantaneous,Q,hydroportail,200,0,0,01/06/2026-08/06/2026 then 01/06/2023-08/06/2023,,2026-09-08T15:47:40.958072Z
4051000301,40510003,stage_instantaneous,H,hydroportail,200,0,0,01/06/2026-08/06/2026 then 01/06/2023-08/06/2023,,2026-09-08T15:47:42.667336Z
4051000301,40510003,discharge_instantaneous,Q,hydroportail,200,0,0,01/06/2026-08/06/2026 then 01/06/2023-08/06/2023,,2026-09-08T15:47:44.528914Z
4051000302,40510003,stage_instantaneous,H,hydroportail,404,,,01/06/2026-08/06/2026 then 01/06/2023-08/06/2023,,2026-09-08T15:47:45.242387Z
4051000302,40510003,discharge_instantaneous,Q,hydroportail,404,,,01/06/2026-08/06/2026 then 01/06/2023-08/06/2023,,2026-09-08T15:47:46.074821Z
4051000401,40510004,stage_instantaneous,H,hydroportail,200,0,0,01/06/2026-08/06/2026 then 01/06/2023-08/06/2023,,2026-09-08T15:47:47.873621Z
4051000401,40510004,discharge_instantaneous,Q,hydroportail,200,0,0,01/06/2026-08/06/2026 then 01/06/2023-08/06/2023,,2026-09-08T15:47:49.715923Z
4051000501,40510005,stage_instantaneous,H,hydroportail,200,0,0,01/06/2026-08/06/2026 then 01/06/2023-08/06/2023,,2026-09-08T15:47:51.245818Z
4051000501,40510005,discharge_instantaneous,Q,hydroportail,200,0,0,01/06/2026-08/06/2026 then 01/06/2023-08/06/2023,,2026-09-08T15:47:52.816738Z
4051000601,40510006,stage_instantaneous,H,hydroportail,200,0,0,01/06/2026-08/06/2026 then 01/06/2023-08/06/2023,,2026-09-08T15:47:54.295429Z
4051000601,40510006,discharge_instantaneous,Q,hydroportail,200,0,0,01/06/2026-08/06/2026 then 01/06/2023-08/06/2023,,2026-09-08T15:47:56.012050Z
4061000101,40610001,stage_instantaneous,H,hydroportail,200,0,0,01/06/2026-08/06/2026 then 01/06/2023-08/06/2023,,2026-09-08T15:48:26.943608Z
4061000101,40610001,discharge_instantaneous,Q,hydroportail,200,0,0,01/06/2026-08/06/2026 then 01/06/2023-08/06/2023,,2026-09-08T15:48:29.408536Z
4062000201,40620002,discharge_instantaneous,Q,hydroportail,200,0,0,01/06/2026-08/06/2026 then 01/06/2023-08/06/2023,,2026-09-08T15:48:31.133660Z
4062000501,40620005,discharge_instantaneous,Q,hydroportail,200,0,0,01/06/2026-08/06/2026 then 01/06/2023-08/06/2023,,2026-09-08T15:48:33.055084Z
4062000701,40620007,discharge_instantaneous,Q,hydroportail,200,0,0,01/06/2026-08/06/2026 then 01/06/2023-08/06/2023,,2026-09-08T15:48:34.986265Z
4062000801,40620008,stage_instantaneous,H,hydroportail,200,0,0,01/06/2026-08/06/2026 then 01/06/2023-08/06/2023,,2026-09-08T15:48:36.647977Z
4062000801,40620008,discharge_instantaneous,Q,hydroportail,200,0,0,01/06/2026-08/06/2026 then 01/06/2023-08/06/2023,,2026-09-08T15:48:38.249882Z
5061000101,50610001,discharge_instantaneous,Q,hydroportail,200,0,0,01/06/2026-08/06/2026 then 01/06/2023-08/06/2023,,2026-09-08T15:48:39.658185Z
6201000101,62010001,stage_instantaneous,H,hydroportail,200,0,294,01/06/2026-08/06/2026 then 01/06/2023-08/06/2023,,2026-09-08T15:48:41.470435Z
6201000101,62010001,discharge_instantaneous,Q,hydroportail,200,0,0,01/06/2026-08/06/2026 then 01/06/2023-08/06/2023,,2026-09-08T15:48:43.873158Z
9003000101,90030001,stage_instantaneous,H,hydroportail,200,0,0,01/06/2026-08/06/2026 then 01/06/2023-08/06/2023,,2026-09-08T15:48:46.203475Z
9003000101,90030001,discharge_instantaneous,Q,hydroportail,200,0,0,01/06/2026-08/06/2026 then 01/06/2023-08/06/2023,,2026-09-08T15:48:51.795820Z
9011000101,90110001,stage_instantaneous,H,hydroportail,200,0,0,01/06/2026-08/06/2026 then 01/06/2023-08/06/2023,,2026-09-08T15:48:54.171631Z
9011000101,90110001,discharge_instantaneous,Q,hydroportail,200,0,0,01/06/2026-08/06/2026 then 01/06/2023-08/06/2023,,2026-09-08T15:48:56.800574Z
9012000101,90120001,stage_instantaneous,H,hydroportail,200,0,0,01/06/2026-08/06/2026 then 01/06/2023-08/06/2023,,2026-09-08T15:48:58.353453Z
9012000101,90120001,discharge_instantaneous,Q,hydroportail,200,0,0,01/06/2026-08/06/2026 then 01/06/2023-08/06/2023,,2026-09-08T15:49:00.445261Z
9121000102,91210001,stage_instantaneous,H,hydroportail,200,0,369,01/06/2026-08/06/2026 then 01/06/2023-08/06/2023,,2026-09-08T15:49:02.302370Z
9121000102,91210001,discharge_instantaneous,Q,hydroportail,200,0,368,01/06/2026-08/06/2026 then 01/06/2023-08/06/2023,,2026-09-08T15:49:03.988240Z
A040000101,A0400001,discharge_instantaneous,Q,hydroportail,200,85,,01/06/2026-08/06/2026 then 01/06/2023-08/06/2023,,2026-09-08T15:49:05.568804Z
A060005050,A0600050,discharge_instantaneous,Q,hydroportail,200,18,,01/06/2026-08/06/2026 then 01/06/2023-08/06/2023,,2026-09-08T15:50:39.812530Z
H612044010,H6120440,discharge_instantaneous,Q,hydroportail,200,0,0,01/06/2026-08/06/2026 then 01/06/2023-08/06/2023,,2026-09-08T17:02:51.801527Z
H612901401,H6129014,stage_instantaneous,H,hydroportail,200,0,0,01/06/2026-08/06/2026 then 01/06/2023-08/06/2023,,2026-09-08T17:02:53.607664Z
H612901401,H6129014,discharge_instantaneous,Q,hydroportail,200,0,0,01/06/2026-08/06/2026 then 01/06/2023-08/06/2023,,2026-09-08T17:02:57.147823Z
H620021010,H6200210,discharge_instantaneous,Q,hydroportail,200,0,0,01/06/2026-08/06/2026 then 01/06/2023-08/06/2023,,2026-09-08T17:03:08.261527Z
H620102001,H6201020,discharge_instantaneous,Q,hydroportail,200,0,0,01/06/2026-08/06/2026 then 01/06/2023-08/06/2023,,2026-09-08T17:03:12.691257Z
H621101001,H6211010,discharge_instantaneous,Q,hydroportail,200,0,0,01/06/2026-08/06/2026 then 01/06/2023-08/06/2023,,2026-09-08T17:03:15.529272Z
H622102001,H6221020,discharge_instantaneous,Q,hydroportail,200,0,0,01/06/2026-08/06/2026 then 01/06/2023-08/06/2023,,2026-09-08T17:03:17.792442Z
H630101001,H6301010,discharge_instantaneous,Q,hydroportail,200,0,0,01/06/2026-08/06/2026 then 01/06/2023-08/06/2023,,2026-09-08T17:03:20.349507Z
H632101204,H6321012,discharge_instantaneous,Q,hydroportail,200,0,0,01/06/2026-08/06/2026 then 01/06/2023-08/06/2023,,2026-09-08T17:03:23.018193Z
H641321001,H6413210,discharge_instantaneous,Q,hydroportail,200,0,0,01/06/2026-08/06/2026 then 01/06/2023-08/06/2023,,2026-09-08T17:03:25.073068Z
H650102002,H6501020,discharge_instantaneous,Q,hydroportail,200,0,0,01/06/2026-08/06/2026 then 01/06/2023-08/06/2023,,2026-09-08T17:03:27.757226Z
I120303001,I1203030,discharge_instantaneous,Q,hydroportail,200,0,0,01/06/2026-08/06/2026 then 01/06/2023-08/06/2023,,2026-09-08T17:20:23.074384Z
I157000101,I1570001,discharge_instantaneous,Q,hydroportail,200,0,0,01/06/2026-08/06/2026 then 01/06/2023-08/06/2023,,2026-09-08T17:20:25.822877Z
I223000101,I2230001,stage_instantaneous,H,hydroportail,200,0,0,01/06/2026-08/06/2026 then 01/06/2023-08/06/2023,,2026-09-08T17:20:27.999883Z
I223000101,I2230001,discharge_instantaneous,Q,hydroportail,200,0,0,01/06/2026-08/06/2026 then 01/06/2023-08/06/2023,,2026-09-08T17:20:31.066639Z
I303101001,I3031010,discharge_instantaneous,Q,hydroportail,500,,,01/06/2026-08/06/2026 then 01/06/2023-08/06/2023,,2026-09-08T17:20:31.737191Z
I330202001,I3302020,stage_instantaneous,H,hydroportail,200,0,0,01/06/2026-08/06/2026 then 01/06/2023-08/06/2023,,2026-09-08T17:20:33.833379Z
I330202001,I3302020,discharge_instantaneous,Q,hydroportail,200,0,0,01/06/2026-08/06/2026 then 01/06/2023-08/06/2023,,2026-09-08T17:20:36.042491Z
I336101001,I3361010,discharge_instantaneous,Q,hydroportail,200,0,0,01/06/2026-08/06/2026 then 01/06/2023-08/06/2023,,2026-09-08T17:20:38.059467Z
I346202001,I3462020,discharge_instantaneous,Q,hydroportail,200,191,,01/06/2026-08/06/2026 then 01/06/2023-08/06/2023,,2026-09-08T17:20:39.361828Z
I352102001,I3521020,discharge_instantaneous,Q,hydroportail,200,0,0,01/06/2026-08/06/2026 then 01/06/2023-08/06/2023,,2026-09-08T17:20:41.557761Z
I362101001,I3621010,discharge_instantaneous,Q,hydroportail,200,0,0,01/06/2026-08/06/2026 then 01/06/2023-08/06/2023,,2026-09-08T17:20:43.420870Z
I362102001,I3621020,discharge_instantaneous,Q,hydroportail,200,0,0,01/06/2026-08/06/2026 then 01/06/2023-08/06/2023,,2026-09-08T17:20:45.198174Z
I374101001,I3741010,discharge_instantaneous,Q,hydroportail,200,0,0,01/06/2026-08/06/2026 then 01/06/2023-08/06/2023,,2026-09-08T17:20:46.926117Z
I621101001,I6211010,discharge_instantaneous,Q,hydroportail,500,,,01/06/2026-08/06/2026 then 01/06/2023-08/06/2023,,2026-09-08T17:20:47.890082Z
I651000101,I6510001,discharge_instantaneous,Q,hydroportail,500,,,01/06/2026-08/06/2026 then 01/06/2023-08/06/2023,,2026-09-08T17:20:48.642045Z
I929000201,I9290002,discharge_instantaneous,Q,hydroportail,200,0,0,01/06/2026-08/06/2026 then 01/06/2023-08/06/2023,,2026-09-08T17:20:51.402025Z
J011000101,J0110001,stage_instantaneous,H,hydroportail,200,0,0,01/06/2026-08/06/2026 then 01/06/2023-08/06/2023,,2026-09-08T17:20:53.184590Z
J011000101,J0110001,discharge_instantaneous,Q,hydroportail,200,0,0,01/06/2026-08/06/2026 then 01/06/2023-08/06/2023,,2026-09-08T17:20:55.269947Z
J013000301,J0130003,stage_instantaneous,H,hydroportail,200,0,0,01/06/2026-08/06/2026 then 01/06/2023-08/06/2023,,2026-09-08T17:20:57.074016Z
J013000301,J0130003,discharge_instantaneous,Q,hydroportail,200,0,0,01/06/2026-08/06/2026 then 01/06/2023-08/06/2023,,2026-09-08T17:20:58.738885Z
J050000101,J0500001,discharge_instantaneous,Q,hydroportail,200,0,0,01/06/2026-08/06/2026 then 01/06/2023-08/06/2023,,2026-09-08T17:49:31.660915Z
J080000201,J0800002,stage_instantaneous,H,hydroportail,200,0,0,01/06/2026-08/06/2026 then 01/06/2023-08/06/2023,,2026-09-08T17:49:33.066941Z
J080000201,J0800002,discharge_instantaneous,Q,hydroportail,200,0,0,01/06/2026-08/06/2026 then 01/06/2023-08/06/2023,,2026-09-08T17:49:34.779216Z
J080000202,J0800002,stage_instantaneous,H,hydroportail,200,0,0,01/06/2026-08/06/2026 then 01/06/2023-08/06/2023,,2026-09-08T17:49:36.113263Z
J080000202,J0800002,discharge_instantaneous,Q,hydroportail,200,0,0,01/06/2026-08/06/2026 then 01/06/2023-08/06/2023,,2026-09-08T18:50:22.565886Z
J110581001,J1105810,discharge_instantaneous,Q,hydroportail,200,2304,,01/06/2026-08/06/2026 then 01/06/2023-08/06/2023,,2026-09-08T18:50:24.206855Z
J161401001,J1614010,stage_instantaneous,H,hydroportail,200,0,0,01/06/2026-08/06/2026 then 01/06/2023-08/06/2023,,2026-09-08T18:50:25.891068Z
J161401001,J1614010,discharge_instantaneous,Q,hydroportail,200,0,0,01/06/2026-08/06/2026 then 01/06/2023-08/06/2023,,2026-09-08T18:50:27.793889Z
J161401003,J1614010,stage_instantaneous,H,hydroportail,200,0,0,01/06/2026-08/06/2026 then 01/06/2023-08/06/2023,,2026-09-08T18:50:29.308532Z
J161401003,J1614010,discharge_instantaneous,Q,hydroportail,200,0,0,01/06/2026-08/06/2026 then 01/06/2023-08/06/2023,,2026-09-08T18:50:30.918776Z
J261400501,J2614005,discharge_instantaneous,Q,hydroportail,500,,,01/06/2026-08/06/2026 then 01/06/2023-08/06/2023,,2026-09-08T18:50:31.728598Z
J262301001,J2623010,discharge_instantaneous,Q,hydroportail,500,,,01/06/2026-08/06/2026 then 01/06/2023-08/06/2023,,2026-09-08T18:50:32.546827Z
J262301002,J2623010,discharge_instantaneous,Q,hydroportail,500,,,01/06/2026-08/06/2026 then 01/06/2023-08/06/2023,,2026-09-08T18:50:33.266043Z
J334000101,J3340001,discharge_instantaneous,Q,hydroportail,200,0,0,01/06/2026-08/06/2026 then 01/06/2023-08/06/2023,,2026-09-08T18:50:35.242225Z
J382183001,J3821830,discharge_instantaneous,Q,hydroportail,200,0,0,01/06/2026-08/06/2026 then 01/06/2023-08/06/2023,,2026-09-08T19:22:09.270179Z
J392000601,J3920006,stage_instantaneous,H,hydroportail,200,0,0,01/06/2026-08/06/2026 then 01/06/2023-08/06/2023,,2026-09-08T19:22:11.071582Z
J392000601,J3920006,discharge_instantaneous,Q,hydroportail,200,0,0,01/06/2026-08/06/2026 then 01/06/2023-08/06/2023,,2026-09-08T19:22:13.184122Z
J420192001,J4201920,discharge_instantaneous,Q,hydroportail,500,,,01/06/2026-08/06/2026 then 01/06/2023-08/06/2023,,2026-09-08T19:39:24.858502Z
J423191001,J4231910,discharge_instantaneous,Q,hydroportail,500,,,01/06/2026-08/06/2026 then 01/06/2023-08/06/2023,,2026-09-08T19:39:25.185498Z
J431303001,J4313030,discharge_instantaneous,Q,hydroportail,500,,,01/06/2026-08/06/2026 then 01/06/2023-08/06/2023,,2026-09-08T19:39:25.544419Z
J440191002,J4401910,discharge_instantaneous,Q,hydroportail,500,,,01/06/2026-08/06/2026 then 01/06/2023-08/06/2023,,2026-09-08T19:39:25.896649Z
J442191001,J4421910,discharge_instantaneous,Q,hydroportail,200,0,0,01/06/2026-08/06/2026 then 01/06/2023-08/06/2023,,2026-09-08T19:39:27.643634Z
J490201002,J4902010,discharge_instantaneous,Q,hydroportail,200,0,0,01/06/2026-08/06/2026 then 01/06/2023-08/06/2023,,2026-09-08T19:39:29.294027Z
J490202001,J4902020,discharge_instantaneous,Q,hydroportail,200,0,0,01/06/2026-08/06/2026 then 01/06/2023-08/06/2023,,2026-09-08T19:56:00.426049Z
J541211001,J5412110,stage_instantaneous,H,hydroportail,200,0,0,01/06/2026-08/06/2026 then 01/06/2023-08/06/2023,,2026-09-08T19:56:02.006055Z
J541211001,J5412110,discharge_instantaneous,Q,hydroportail,200,0,0,01/06/2026-08/06/2026 then 01/06/2023-08/06/2023,,2026-09-08T20:29:30.820757Z
J541212001,J5412120,discharge_instantaneous,Q,hydroportail,500,,,01/06/2026-08/06/2026 then 01/06/2023-08/06/2023,,2026-09-08T20:29:31.163208Z
J543211003,J5432110,discharge_instantaneous,Q,hydroportail,200,0,0,01/06/2026-08/06/2026 then 01/06/2023-08/06/2023,,2026-09-08T23:48:19.103468Z
J550211001,J5502110,discharge_instantaneous,Q,hydroportail,500,,,01/06/2026-08/06/2026 then 01/06/2023-08/06/2023,,2026-09-08T23:48:19.941702Z
J571211004,J5712110,discharge_instantaneous,Q,hydroportail,200,0,0,01/06/2026-08/06/2026 then 01/06/2023-08/06/2023,,2026-09-08T23:48:21.854899Z
J571211005,J5712110,stage_instantaneous,H,hydroportail,200,0,1028,01/06/2026-08/06/2026 then 01/06/2023-08/06/2023,,2026-09-08T23:48:23.451318Z
J601000202,J6010002,stage_instantaneous,H,hydroportail,200,0,0,01/06/2026-08/06/2026 then 01/06/2023-08/06/2023,,2026-09-08T23:48:24.996620Z
J601000202,J6010002,discharge_instantaneous,Q,hydroportail,200,0,0,01/06/2026-08/06/2026 then 01/06/2023-08/06/2023,,2026-09-08T23:48:26.819155Z
J640712302,J6407123,discharge_instantaneous,Q,hydroportail,200,0,0,01/06/2026-08/06/2026 then 01/06/2023-08/06/2023,,2026-09-08T23:48:28.954661Z
J701064001,J7010640,discharge_instantaneous,Q,hydroportail,200,0,0,01/06/2026-08/06/2026 then 01/06/2023-08/06/2023,,2026-09-09T00:05:03.848461Z
J702403001,J7024030,discharge_instantaneous,Q,hydroportail,200,0,0,01/06/2026-08/06/2026 then 01/06/2023-08/06/2023,,2026-09-09T02:41:51.325271Z
J704301001,J7043010,discharge_instantaneous,Q,hydroportail,200,0,0,01/06/2026-08/06/2026 then 01/06/2023-08/06/2023,,2026-09-09T02:41:53.142651Z
J705302001,J7053020,discharge_instantaneous,Q,hydroportail,200,0,0,01/06/2026-08/06/2026 then 01/06/2023-08/06/2023,,2026-09-09T02:41:55.062455Z
J712001001,J7120010,discharge_instantaneous,Q,hydroportail,500,,,01/06/2026-08/06/2026 then 01/06/2023-08/06/2023,,2026-09-09T02:41:55.418399Z
J712301001,J7123010,discharge_instantaneous,Q,hydroportail,500,,,01/06/2026-08/06/2026 then 01/06/2023-08/06/2023,,2026-09-09T02:41:55.781166Z
J739301001,J7393010,discharge_instantaneous,Q,hydroportail,500,,,01/06/2026-08/06/2026 then 01/06/2023-08/06/2023,,2026-09-09T02:41:56.117897Z
J748301001,J7483010,stage_instantaneous,H,hydroportail,200,2303,,01/06/2026-08/06/2026 then 01/06/2023-08/06/2023,,2026-09-09T02:41:57.175190Z
J748301001,J7483010,discharge_instantaneous,Q,hydroportail,200,0,0,01/06/2026-08/06/2026 then 01/06/2023-08/06/2023,,2026-09-09T02:41:58.973739Z
J770061001,J7700610,discharge_instantaneous,Q,hydroportail,500,,,01/06/2026-08/06/2026 then 01/06/2023-08/06/2023,,2026-09-09T02:41:59.325072Z
J783301020,J7833010,stage_instantaneous,H,hydroportail,200,0,0,01/06/2026-08/06/2026 then 01/06/2023-08/06/2023,,2026-09-09T02:42:00.664356Z
J783301020,J7833010,discharge_instantaneous,Q,hydroportail,200,0,0,01/06/2026-08/06/2026 then 01/06/2023-08/06/2023,,2026-09-09T02:42:02.791691Z
J795301010,J7953010,discharge_instantaneous,Q,hydroportail,200,0,0,01/06/2026-08/06/2026 then 01/06/2023-08/06/2023,,2026-09-09T03:15:58.510700Z
J798061001,J7980610,discharge_instantaneous,Q,hydroportail,500,,,01/06/2026-08/06/2026 then 01/06/2023-08/06/2023,,2026-09-09T03:15:59.952524Z
J800232001,J8002320,discharge_instantaneous,Q,hydroportail,200,0,0,01/06/2026-08/06/2026 then 01/06/2023-08/06/2023,,2026-09-09T04:42:45.558385Z
J820234001,J8202340,discharge_instantaneous,Q,hydroportail,500,,,01/06/2026-08/06/2026 then 01/06/2023-08/06/2023,,2026-09-09T04:42:54.621214Z
J840231001,J8402310,discharge_instantaneous,Q,hydroportail,500,,,01/06/2026-08/06/2026 then 01/06/2023-08/06/2023,,2026-09-09T05:43:39.888086Z
J850231003,J8502310,discharge_instantaneous,Q,hydroportail,500,,,01/06/2026-08/06/2026 then 01/06/2023-08/06/2023,,2026-09-09T05:43:40.701805Z
J900001001,J9000010,discharge_instantaneous,Q,hydroportail,500,,,01/06/2026-08/06/2026 then 01/06/2023-08/06/2023,,2026-09-09T05:43:41.337235Z
J900061001,J9000610,discharge_instantaneous,Q,hydroportail,200,0,0,01/06/2026-08/06/2026 then 01/06/2023-08/06/2023,,2026-09-09T05:43:43.407681Z
J910000101,J9100001,discharge_instantaneous,Q,hydroportail,200,0,1152,01/06/2026-08/06/2026 then 01/06/2023-08/06/2023,,2026-09-09T05:43:45.235315Z
J930061102,J9300611,discharge_instantaneous,Q,hydroportail,200,0,0,01/06/2026-08/06/2026 then 01/06/2023-08/06/2023,,2026-09-09T05:43:47.209804Z
K002000101,K0020001,stage_instantaneous,H,hydroportail,200,0,0,01/06/2026-08/06/2026 then 01/06/2023-08/06/2023,,2026-09-09T05:43:48.806564Z
K002000101,K0020001,discharge_instantaneous,Q,hydroportail,200,0,0,01/06/2026-08/06/2026 then 01/06/2023-08/06/2023,,2026-09-09T05:43:50.754133Z
K003002010,K0030020,discharge_instantaneous,Q,hydroportail,200,0,2302,01/06/2026-08/06/2026 then 01/06/2023-08/06/2023,,2026-09-09T05:43:53.278611Z
K010002011,K0100020,stage_instantaneous,H,hydroportail,200,0,0,01/06/2026-08/06/2026 then 01/06/2023-08/06/2023,,2026-09-09T05:43:55.134324Z
K010002011,K0100020,discharge_instantaneous,Q,hydroportail,200,0,0,01/06/2026-08/06/2026 then 01/06/2023-08/06/2023,,2026-09-09T05:43:57.066820Z
K034000101,K0340001,discharge_instantaneous,Q,hydroportail,200,0,1195,01/06/2026-08/06/2026 then 01/06/2023-08/06/2023,,2026-09-09T05:43:58.827295Z
K041031002,K0410310,stage_instantaneous,H,hydroportail,200,0,0,01/06/2026-08/06/2026 then 01/06/2023-08/06/2023,,2026-09-09T05:44:00.482024Z
K041031002,K0410310,discharge_instantaneous,Q,hydroportail,200,0,0,01/06/2026-08/06/2026 then 01/06/2023-08/06/2023,,2026-09-09T05:44:02.630887Z
K176401002,K1764010,discharge_instantaneous,Q,hydroportail,200,1152,,01/06/2026-08/06/2026 then 01/06/2023-08/06/2023,,2026-09-09T07:40:35.661307Z
K206401101,K2064011,discharge_instantaneous,Q,hydroportail,200,0,0,01/06/2026-08/06/2026 then 01/06/2023-08/06/2023,,2026-09-09T07:40:38.136116Z
K207081011,K2070810,stage_instantaneous,H,hydroportail,200,0,0,01/06/2026-08/06/2026 then 01/06/2023-08/06/2023,,2026-09-09T07:40:39.928337Z
K207081011,K2070810,discharge_instantaneous,Q,hydroportail,200,0,0,01/06/2026-08/06/2026 then 01/06/2023-08/06/2023,,2026-09-09T07:40:42.330156Z
K207503001,K2075030,discharge_instantaneous,Q,hydroportail,200,0,0,01/06/2026-08/06/2026 then 01/06/2023-08/06/2023,,2026-09-09T07:40:45.576070Z
K221084201,K2210842,stage_instantaneous,H,hydroportail,200,0,0,01/06/2026-08/06/2026 then 01/06/2023-08/06/2023,,2026-09-09T07:40:47.761284Z
K221084201,K2210842,discharge_instantaneous,Q,hydroportail,200,0,0,01/06/2026-08/06/2026 then 01/06/2023-08/06/2023,,2026-09-09T07:44:14.557995Z
K223403201,K2234032,stage_instantaneous,H,hydroportail,200,0,0,01/06/2026-08/06/2026 then 01/06/2023-08/06/2023,,2026-09-09T07:44:15.987545Z
K223403201,K2234032,discharge_instantaneous,Q,hydroportail,200,0,0,01/06/2026-08/06/2026 then 01/06/2023-08/06/2023,,2026-09-09T07:44:17.973872Z
K239000201,K2390002,stage_instantaneous,H,hydroportail,404,,,01/06/2026-08/06/2026 then 01/06/2023-08/06/2023,,2026-09-09T07:44:18.626817Z
K239000201,K2390002,discharge_instantaneous,Q,hydroportail,404,,,01/06/2026-08/06/2026 then 01/06/2023-08/06/2023,,2026-09-09T07:44:19.158755Z
K270081010,K2700810,discharge_instantaneous,Q,hydroportail,200,0,0,01/06/2026-08/06/2026 then 01/06/2023-08/06/2023,,2026-09-09T07:44:21.173729Z
K272422201,K2724222,stage_instantaneous,H,hydroportail,200,0,0,01/06/2026-08/06/2026 then 01/06/2023-08/06/2023,,2026-09-09T07:44:23.150793Z
K272422201,K2724222,discharge_instantaneous,Q,hydroportail,200,0,0,01/06/2026-08/06/2026 then 01/06/2023-08/06/2023,,2026-09-09T07:44:24.858268Z
K276701001,K2767010,stage_instantaneous,H,hydroportail,200,576,,01/06/2026-08/06/2026 then 01/06/2023-08/06/2023,,2026-09-09T07:44:26.483548Z
K276701001,K2767010,discharge_instantaneous,Q,hydroportail,200,576,,01/06/2026-08/06/2026 then 01/06/2023-08/06/2023,,2026-09-09T07:44:27.780337Z
K277471001,K2774710,stage_instantaneous,H,hydroportail,200,576,,01/06/2026-08/06/2026 then 01/06/2023-08/06/2023,,2026-09-09T07:44:29.046221Z
K277471001,K2774710,discharge_instantaneous,Q,hydroportail,200,576,,01/06/2026-08/06/2026 then 01/06/2023-08/06/2023,,2026-09-09T07:44:30.390318Z
K285191002,K2851910,stage_instantaneous,H,hydroportail,200,0,0,01/06/2026-08/06/2026 then 01/06/2023-08/06/2023,,2026-09-09T07:44:32.065045Z
K285191002,K2851910,discharge_instantaneous,Q,hydroportail,200,0,0,01/06/2026-08/06/2026 then 01/06/2023-08/06/2023,,2026-09-09T07:44:33.835476Z
K296000201,K2960002,stage_instantaneous,H,hydroportail,200,0,192,01/06/2026-08/06/2026 then 01/06/2023-08/06/2023,,2026-09-09T07:44:35.422155Z
K296000201,K2960002,discharge_instantaneous,Q,hydroportail,200,0,0,01/06/2026-08/06/2026 then 01/06/2023-08/06/2023,,2026-09-09T07:44:37.135454Z
K298191101,K2981911,stage_instantaneous,H,hydroportail,200,0,192,01/06/2026-08/06/2026 then 01/06/2023-08/06/2023,,2026-09-09T07:44:38.750398Z
K298191101,K2981911,discharge_instantaneous,Q,hydroportail,200,0,0,01/06/2026-08/06/2026 then 01/06/2023-08/06/2023,,2026-09-09T07:44:40.401700Z
K299401301,K2994013,stage_instantaneous,H,hydroportail,200,0,192,01/06/2026-08/06/2026 then 01/06/2023-08/06/2023,,2026-09-09T07:44:41.990307Z
A061005051,A0610050,discharge_instantaneous,Q,hydroportail,200,0,0,01/06/2026-08/06/2026 then 01/06/2023-08/06/2023,,2026-09-09T07:46:00.185722Z
A100003201,A1000032,discharge_instantaneous,Q,hydroportail,200,0,0,01/06/2026-08/06/2026 then 01/06/2023-08/06/2023,,2026-09-09T07:46:02.407499Z
A106000101,A1060001,stage_instantaneous,H,hydroportail,200,0,0,01/06/2026-08/06/2026 then 01/06/2023-08/06/2023,,2026-09-09T07:46:03.838232Z
A106000101,A1060001,discharge_instantaneous,Q,hydroportail,200,0,0,01/06/2026-08/06/2026 then 01/06/2023-08/06/2023,,2026-09-09T07:46:06.518620Z
A115020001,A1150200,discharge_instantaneous,Q,hydroportail,500,,,01/06/2026-08/06/2026 then 01/06/2023-08/06/2023,,2026-09-09T07:46:07.026690Z
A116003201,A1160032,stage_instantaneous,H,hydroportail,200,0,0,01/06/2026-08/06/2026 then 01/06/2023-08/06/2023,,2026-09-09T07:46:08.596853Z
A116003201,A1160032,discharge_instantaneous,Q,hydroportail,200,0,0,01/06/2026-08/06/2026 then 01/06/2023-08/06/2023,,2026-09-09T07:46:10.827560Z
A156020101,A1560201,discharge_instantaneous,Q,hydroportail,500,,,01/06/2026-08/06/2026 then 01/06/2023-08/06/2023,,2026-09-09T07:46:11.947546Z
A161003101,A1610031,stage_instantaneous,H,hydroportail,200,0,0,01/06/2026-08/06/2026 then 01/06/2023-08/06/2023,,2026-09-09T07:46:13.465246Z
A161003101,A1610031,discharge_instantaneous,Q,hydroportail,200,0,0,01/06/2026-08/06/2026 then 01/06/2023-08/06/2023,,2026-09-09T07:46:15.711361Z
A200000101,A2000001,stage_instantaneous,H,hydroportail,200,0,0,01/06/2026-08/06/2026 then 01/06/2023-08/06/2023,,2026-09-09T07:46:17.142407Z
A200000101,A2000001,discharge_instantaneous,Q,hydroportail,200,0,0,01/06/2026-08/06/2026 then 01/06/2023-08/06/2023,,2026-09-09T07:46:20.044681Z
A200000102,A2000001,stage_instantaneous,H,hydroportail,200,0,0,01/06/2026-08/06/2026 then 01/06/2023-08/06/2023,,2026-09-09T07:46:21.477007Z
A200000102,A2000001,discharge_instantaneous,Q,hydroportail,200,0,0,01/06/2026-08/06/2026 then 01/06/2023-08/06/2023,,2026-09-09T07:46:23.380146Z
A202030301,A2020303,stage_instantaneous,H,hydroportail,200,0,0,01/06/2026-08/06/2026 then 01/06/2023-08/06/2023,,2026-09-09T07:46:25.166063Z
A202030301,A2020303,discharge_instantaneous,Q,hydroportail,200,0,0,01/06/2026-08/06/2026 then 01/06/2023-08/06/2023,,2026-09-09T07:46:27.123732Z
A204010401,A2040104,stage_instantaneous,H,hydroportail,200,0,0,01/06/2026-08/06/2026 then 01/06/2023-08/06/2023,,2026-09-09T07:46:28.667432Z
A204010401,A2040104,discharge_instantaneous,Q,hydroportail,200,0,0,01/06/2026-08/06/2026 then 01/06/2023-08/06/2023,,2026-09-09T07:46:30.761723Z
A215030301,A2150303,stage_instantaneous,H,hydroportail,200,0,0,01/06/2026-08/06/2026 then 01/06/2023-08/06/2023,,2026-09-09T07:46:33.259632Z
A215030301,A2150303,discharge_instantaneous,Q,hydroportail,200,0,0,01/06/2026-08/06/2026 then 01/06/2023-08/06/2023,,2026-09-09T07:46:35.326035Z
A222000101,A2220001,discharge_instantaneous,Q,hydroportail,200,0,0,01/06/2026-08/06/2026 then 01/06/2023-08/06/2023,,2026-09-09T07:46:38.152626Z
A226032101,A2260321,discharge_instantaneous,Q,hydroportail,200,0,0,01/06/2026-08/06/2026 then 01/06/2023-08/06/2023,,2026-09-09T07:46:40.933482Z
A232070301,A2320703,stage_instantaneous,H,hydroportail,200,0,0,01/06/2026-08/06/2026 then 01/06/2023-08/06/2023,,2026-09-09T07:46:44.976575Z
A232070301,A2320703,discharge_instantaneous,Q,hydroportail,200,0,0,01/06/2026-08/06/2026 then 01/06/2023-08/06/2023,,2026-09-09T07:46:47.687916Z
A236003302,A2360033,discharge_instantaneous,Q,hydroportail,200,0,0,01/06/2026-08/06/2026 then 01/06/2023-08/06/2023,,2026-09-09T07:46:50.719229Z
A282000101,A2820001,discharge_instantaneous,Q,hydroportail,200,0,0,01/06/2026-08/06/2026 then 01/06/2023-08/06/2023,,2026-09-09T07:46:55.140762Z
A286011101,A2860111,stage_instantaneous,H,hydroportail,200,0,109,01/06/2026-08/06/2026 then 01/06/2023-08/06/2023,,2026-09-09T07:46:57.064975Z
A286011101,A2860111,discharge_instantaneous,Q,hydroportail,200,0,0,01/06/2026-08/06/2026 then 01/06/2023-08/06/2023,,2026-09-09T07:46:59.398658Z
A286011201,A2860112,stage_instantaneous,H,hydroportail,200,0,109,01/06/2026-08/06/2026 then 01/06/2023-08/06/2023,,2026-09-09T07:47:02.439500Z
A286011201,A2860112,discharge_instantaneous,Q,hydroportail,200,0,0,01/06/2026-08/06/2026 then 01/06/2023-08/06/2023,,2026-09-09T07:47:05.960554Z
A352000101,A3520001,stage_instantaneous,H,hydroportail,200,0,0,01/06/2026-08/06/2026 then 01/06/2023-08/06/2023,,2026-09-09T07:47:08.762896Z
A352000101,A3520001,discharge_instantaneous,Q,hydroportail,200,0,0,01/06/2026-08/06/2026 then 01/06/2023-08/06/2023,,2026-09-09T07:47:12.781762Z
A369011002,A3690110,discharge_instantaneous,Q,hydroportail,200,0,0,01/06/2026-08/06/2026 then 01/06/2023-08/06/2023,,2026-09-09T07:47:15.720207Z
A410000201,A4100002,stage_instantaneous,H,hydroportail,200,0,0,01/06/2026-08/06/2026 then 01/06/2023-08/06/2023,,2026-09-09T07:47:18.399461Z
A410000201,A4100002,discharge_instantaneous,Q,hydroportail,200,0,0,01/06/2026-08/06/2026 then 01/06/2023-08/06/2023,,2026-09-09T07:47:21.743557Z
A410000301,A4100003,stage_instantaneous,H,hydroportail,200,0,0,01/06/2026-08/06/2026 then 01/06/2023-08/06/2023,,2026-09-09T07:47:26.219186Z
A410000301,A4100003,discharge_instantaneous,Q,hydroportail,200,0,0,01/06/2026-08/06/2026 then 01/06/2023-08/06/2023,,2026-09-09T07:47:30.257107Z
A420063002,A4200630,discharge_instantaneous,Q,hydroportail,200,2304,,01/06/2026-08/06/2026 then 01/06/2023-08/06/2023,,2026-09-09T07:47:32.660311Z
A430000601,A4300006,stage_instantaneous,H,hydroportail,200,0,0,01/06/2026-08/06/2026 then 01/06/2023-08/06/2023,,2026-09-09T07:47:35.778735Z
A430000601,A4300006,discharge_instantaneous,Q,hydroportail,200,0,0,01/06/2026-08/06/2026 then 01/06/2023-08/06/2023,,2026-09-09T07:47:38.524771Z
A511061001,A5110610,discharge_instantaneous,Q,hydroportail,200,855,,01/06/2026-08/06/2026 then 01/06/2023-08/06/2023,,2026-09-09T07:47:40.002090Z
A573061004,A5730610,stage_instantaneous,H,hydroportail,200,0,0,01/06/2026-08/06/2026 then 01/06/2023-08/06/2023,,2026-09-09T07:47:41.644737Z
A573061004,A5730610,discharge_instantaneous,Q,hydroportail,200,0,0,01/06/2026-08/06/2026 then 01/06/2023-08/06/2023,,2026-09-09T07:47:43.839371Z
A600101101,A6001011,stage_instantaneous,H,hydroportail,200,0,0,01/06/2026-08/06/2026 then 01/06/2023-08/06/2023,,2026-09-09T07:47:45.271076Z
A600101101,A6001011,discharge_instantaneous,Q,hydroportail,200,0,0,01/06/2026-08/06/2026 then 01/06/2023-08/06/2023,,2026-09-09T07:47:47.081754Z
A657111002,A6571110,stage_instantaneous,H,hydroportail,200,0,0,01/06/2026-08/06/2026 then 01/06/2023-08/06/2023,,2026-09-09T07:47:48.638136Z
A657111002,A6571110,discharge_instantaneous,Q,hydroportail,200,0,0,01/06/2026-08/06/2026 then 01/06/2023-08/06/2023,,2026-09-09T07:47:50.552512Z
A664031003,A6640310,stage_instantaneous,H,hydroportail,200,0,0,01/06/2026-08/06/2026 then 01/06/2023-08/06/2023,,2026-09-09T07:47:51.884562Z
A664031003,A6640310,discharge_instantaneous,Q,hydroportail,200,0,0,01/06/2026-08/06/2026 then 01/06/2023-08/06/2023,,2026-09-09T07:47:53.726971Z
A673122002,A6731220,stage_instantaneous,H,hydroportail,200,0,0,01/06/2026-08/06/2026 then 01/06/2023-08/06/2023,,2026-09-09T07:47:55.996305Z
A673122002,A6731220,discharge_instantaneous,Q,hydroportail,200,0,0,01/06/2026-08/06/2026 then 01/06/2023-08/06/2023,,2026-09-09T07:47:58.022456Z
A694102001,A6941020,stage_instantaneous,H,hydroportail,200,0,0,01/06/2026-08/06/2026 then 01/06/2023-08/06/2023,,2026-09-09T07:48:00.143101Z
A694102001,A6941020,discharge_instantaneous,Q,hydroportail,200,0,0,01/06/2026-08/06/2026 then 01/06/2023-08/06/2023,,2026-09-09T07:48:02.373915Z
A735201001,A7352010,discharge_instantaneous,Q,hydroportail,200,0,2304,01/06/2026-08/06/2026 then 01/06/2023-08/06/2023,,2026-09-09T07:48:04.824743Z
A743061001,A7430610,discharge_instantaneous,Q,hydroportail,500,,,01/06/2026-08/06/2026 then 01/06/2023-08/06/2023,,2026-09-09T07:48:05.350550Z
A820101001,A8201010,stage_instantaneous,H,hydroportail,200,2304,,01/06/2026-08/06/2026 then 01/06/2023-08/06/2023,,2026-09-09T07:48:06.360244Z
A820101001,A8201010,discharge_instantaneous,Q,hydroportail,200,2304,,01/06/2026-08/06/2026 then 01/06/2023-08/06/2023,,2026-09-09T07:48:07.847707Z
A830082101,A8300821,stage_instantaneous,H,hydroportail,200,0,0,01/06/2026-08/06/2026 then 01/06/2023-08/06/2023,,2026-09-09T07:48:09.520624Z
A830082101,A8300821,discharge_instantaneous,Q,hydroportail,200,0,0,01/06/2026-08/06/2026 then 01/06/2023-08/06/2023,,2026-09-09T07:48:11.886873Z
A831030001,A8310300,discharge_instantaneous,Q,hydroportail,200,0,0,01/06/2026-08/06/2026 then 01/06/2023-08/06/2023,,2026-09-09T07:48:14.033634Z
A840601001,A8406010,stage_instantaneous,H,hydroportail,200,0,0,01/06/2026-08/06/2026 then 01/06/2023-08/06/2023,,2026-09-09T07:48:15.835366Z
A840601001,A8406010,discharge_instantaneous,Q,hydroportail,200,0,0,01/06/2026-08/06/2026 then 01/06/2023-08/06/2023,,2026-09-09T07:48:17.953937Z
A841040101,A8410401,stage_instantaneous,H,hydroportail,200,0,0,01/06/2026-08/06/2026 then 01/06/2023-08/06/2023,,2026-09-09T07:48:19.711158Z
A841040101,A8410401,discharge_instantaneous,Q,hydroportail,200,0,0,01/06/2026-08/06/2026 then 01/06/2023-08/06/2023,,2026-09-09T07:48:21.740548Z
A850061002,A8500610,stage_instantaneous,H,hydroportail,200,0,0,01/06/2026-08/06/2026 then 01/06/2023-08/06/2023,,2026-09-09T07:48:23.499594Z
A850061002,A8500610,discharge_instantaneous,Q,hydroportail,200,0,0,01/06/2026-08/06/2026 then 01/06/2023-08/06/2023,,2026-09-09T07:48:25.208055Z
A851020501,A8510205,stage_instantaneous,H,hydroportail,200,0,0,01/06/2026-08/06/2026 then 01/06/2023-08/06/2023,,2026-09-09T07:48:26.835815Z
A851020501,A8510205,discharge_instantaneous,Q,hydroportail,200,0,0,01/06/2026-08/06/2026 then 01/06/2023-08/06/2023,,2026-09-09T07:48:29.455676Z
A891030102,A8910301,stage_instantaneous,H,hydroportail,200,0,0,01/06/2026-08/06/2026 then 01/06/2023-08/06/2023,,2026-09-09T07:48:30.970800Z
A891030102,A8910301,discharge_instantaneous,Q,hydroportail,200,0,0,01/06/2026-08/06/2026 then 01/06/2023-08/06/2023,,2026-09-09T07:48:32.708427Z
A900105301,A9001053,stage_instantaneous,H,hydroportail,200,0,0,01/06/2026-08/06/2026 then 01/06/2023-08/06/2023,,2026-09-09T07:48:34.347214Z
A900105301,A9001053,discharge_instantaneous,Q,hydroportail,200,0,0,01/06/2026-08/06/2026 then 01/06/2023-08/06/2023,,2026-09-09T07:48:36.632849Z
A900105302,A9001053,stage_instantaneous,H,hydroportail,200,0,0,01/06/2026-08/06/2026 then 01/06/2023-08/06/2023,,2026-09-09T07:48:38.187459Z
A900105302,A9001053,discharge_instantaneous,Q,hydroportail,200,0,0,01/06/2026-08/06/2026 then 01/06/2023-08/06/2023,,2026-09-09T07:48:40.717249Z
A901305201,A9013052,stage_instantaneous,H,hydroportail,200,0,0,01/06/2026-08/06/2026 then 01/06/2023-08/06/2023,,2026-09-09T07:48:42.227395Z
A901305201,A9013052,discharge_instantaneous,Q,hydroportail,200,0,0,01/06/2026-08/06/2026 then 01/06/2023-08/06/2023,,2026-09-09T07:48:43.923286Z
A901305202,A9013052,stage_instantaneous,H,hydroportail,200,0,0,01/06/2026-08/06/2026 then 01/06/2023-08/06/2023,,2026-09-09T07:48:45.391391Z
A901305202,A9013052,discharge_instantaneous,Q,hydroportail,200,0,0,01/06/2026-08/06/2026 then 01/06/2023-08/06/2023,,2026-09-09T07:48:47.130477Z
A937205050,A9372050,discharge_instantaneous,Q,hydroportail,200,0,0,01/06/2026-08/06/2026 then 01/06/2023-08/06/2023,,2026-09-09T07:48:49.186367Z
A940000101,A9400001,discharge_instantaneous,Q,hydroportail,200,0,0,01/06/2026-08/06/2026 then 01/06/2023-08/06/2023,,2026-09-09T07:48:50.942685Z
B105201001,B1052010,discharge_instantaneous,Q,hydroportail,200,124,,01/06/2026-08/06/2026 then 01/06/2023-08/06/2023,,2026-09-09T07:48:52.276449Z
B130001001,B1300010,discharge_instantaneous,Q,hydroportail,200,0,0,01/06/2026-08/06/2026 then 01/06/2023-08/06/2023,,2026-09-09T07:48:54.319466Z
B134001001,B1340010,discharge_instantaneous,Q,hydroportail,200,0,0,01/06/2026-08/06/2026 then 01/06/2023-08/06/2023,,2026-09-09T07:48:56.045726Z
B210000101,B2100001,discharge_instantaneous,Q,hydroportail,200,0,0,01/06/2026-08/06/2026 then 01/06/2023-08/06/2023,,2026-09-09T07:48:58.484331Z
B301001002,B3010010,discharge_instantaneous,Q,hydroportail,200,0,0,01/06/2026-08/06/2026 then 01/06/2023-08/06/2023,,2026-09-09T07:49:00.757290Z
B435201001,B4352010,discharge_instantaneous,Q,hydroportail,200,0,0,01/06/2026-08/06/2026 then 01/06/2023-08/06/2023,,2026-09-09T07:49:03.196798Z
B453000101,B4530001,discharge_instantaneous,Q,hydroportail,200,0,0,01/06/2026-08/06/2026 then 01/06/2023-08/06/2023,,2026-09-09T07:49:05.346912Z
B466010101,B4660101,discharge_instantaneous,Q,hydroportail,200,0,0,01/06/2026-08/06/2026 then 01/06/2023-08/06/2023,,2026-09-09T07:49:07.042208Z
B540001001,B5400010,discharge_instantaneous,Q,hydroportail,200,0,0,01/06/2026-08/06/2026 then 01/06/2023-08/06/2023,,2026-09-09T07:49:08.760895Z
B560010101,B5600101,discharge_instantaneous,Q,hydroportail,200,0,0,01/06/2026-08/06/2026 then 01/06/2023-08/06/2023,,2026-09-09T07:49:10.649574Z
B610000601,B6100006,stage_instantaneous,H,hydroportail,200,0,0,01/06/2026-08/06/2026 then 01/06/2023-08/06/2023,,2026-09-09T07:49:12.138913Z
B610000801,B6100008,stage_instantaneous,H,hydroportail,200,0,0,01/06/2026-08/06/2026 then 01/06/2023-08/06/2023,,2026-09-09T07:49:13.606743Z
B713000201,B7130002,stage_instantaneous,H,hydroportail,200,0,0,01/06/2026-08/06/2026 then 01/06/2023-08/06/2023,,2026-09-09T07:49:15.080918Z
B713000301,B7130003,stage_instantaneous,H,hydroportail,200,0,0,01/06/2026-08/06/2026 then 01/06/2023-08/06/2023,,2026-09-09T07:49:17.528040Z
B720000002,B7200000,discharge_instantaneous,Q,hydroportail,200,1444,,01/06/2026-08/06/2026 then 01/06/2023-08/06/2023,,2026-09-09T07:49:19.065143Z
B720000003,B7200000,stage_instantaneous,H,hydroportail,200,0,0,01/06/2026-08/06/2026 then 01/06/2023-08/06/2023,,2026-09-09T07:49:20.436643Z
B720000003,B7200000,discharge_instantaneous,Q,hydroportail,200,0,0,01/06/2026-08/06/2026 then 01/06/2023-08/06/2023,,2026-09-09T07:49:22.098191Z
B732201001,B7322010,discharge_instantaneous,Q,hydroportail,200,0,0,01/06/2026-08/06/2026 then 01/06/2023-08/06/2023,,2026-09-09T07:49:23.913416Z
D015658001,D0156580,discharge_instantaneous,Q,hydroportail,200,0,0,01/06/2026-08/06/2026 then 01/06/2023-08/06/2023,,2026-09-09T07:49:26.477880Z
D015850501,D0158505,stage_instantaneous,H,hydroportail,200,0,1152,01/06/2026-08/06/2026 then 01/06/2023-08/06/2023,,2026-09-09T07:49:28.534756Z
D015850501,D0158505,discharge_instantaneous,Q,hydroportail,200,0,1152,01/06/2026-08/06/2026 then 01/06/2023-08/06/2023,,2026-09-09T07:49:30.683720Z
D016221001,D0162210,discharge_instantaneous,Q,hydroportail,200,0,0,01/06/2026-08/06/2026 then 01/06/2023-08/06/2023,,2026-09-09T07:49:33.061394Z
D019801101,D0198011,discharge_instantaneous,Q,hydroportail,200,0,0,01/06/2026-08/06/2026 then 01/06/2023-08/06/2023,,2026-09-09T07:49:34.887946Z
D019801201,D0198012,stage_instantaneous,H,hydroportail,200,0,2334,01/06/2026-08/06/2026 then 01/06/2023-08/06/2023,,2026-09-09T07:49:36.367520Z
D019801201,D0198012,discharge_instantaneous,Q,hydroportail,200,0,2333,01/06/2026-08/06/2026 then 01/06/2023-08/06/2023,,2026-09-09T07:49:38.680733Z
D021000101,D0210001,stage_instantaneous,H,hydroportail,200,0,0,01/06/2026-08/06/2026 then 01/06/2023-08/06/2023,,2026-09-09T07:49:40.428304Z
D021000101,D0210001,discharge_instantaneous,Q,hydroportail,200,0,0,01/06/2026-08/06/2026 then 01/06/2023-08/06/2023,,2026-09-09T07:49:42.132729Z
E131000201,E1310002,stage_instantaneous,H,hydroportail,200,0,0,01/06/2026-08/06/2026 then 01/06/2023-08/06/2023,,2026-09-09T07:49:43.693812Z
E131000201,E1310002,discharge_instantaneous,Q,hydroportail,200,0,0,01/06/2026-08/06/2026 then 01/06/2023-08/06/2023,,2026-09-09T07:49:45.491607Z
E182702501,E1827025,discharge_instantaneous,Q,hydroportail,200,0,1152,01/06/2026-08/06/2026 then 01/06/2023-08/06/2023,,2026-09-09T07:49:47.306583Z
E240041201,E2400412,stage_instantaneous,H,hydroportail,200,0,0,01/06/2026-08/06/2026 then 01/06/2023-08/06/2023,,2026-09-09T07:49:49.060802Z
E240041201,E2400412,discharge_instantaneous,Q,hydroportail,200,0,0,01/06/2026-08/06/2026 then 01/06/2023-08/06/2023,,2026-09-09T07:49:50.879512Z
E351851201,E3518512,discharge_instantaneous,Q,hydroportail,200,0,0,01/06/2026-08/06/2026 then 01/06/2023-08/06/2023,,2026-09-09T07:49:53.215444Z
E351851301,E3518513,discharge_instantaneous,Q,hydroportail,200,0,0,01/06/2026-08/06/2026 then 01/06/2023-08/06/2023,,2026-09-09T07:49:55.170946Z
E351851401,E3518514,stage_instantaneous,H,hydroportail,200,0,1918,01/06/2026-08/06/2026 then 01/06/2023-08/06/2023,,2026-09-09T07:49:56.395886Z
E351851401,E3518514,discharge_instantaneous,Q,hydroportail,200,0,0,01/06/2026-08/06/2026 then 01/06/2023-08/06/2023,,2026-09-09T07:49:58.250448Z
E351851501,E3518515,stage_instantaneous,H,hydroportail,200,0,1152,01/06/2026-08/06/2026 then 01/06/2023-08/06/2023,,2026-09-09T07:50:00.161925Z
E351851501,E3518515,discharge_instantaneous,Q,hydroportail,200,0,0,01/06/2026-08/06/2026 then 01/06/2023-08/06/2023,,2026-09-09T07:50:10.831053Z
E351851601,E3518516,discharge_instantaneous,Q,hydroportail,200,0,0,01/06/2026-08/06/2026 then 01/06/2023-08/06/2023,,2026-09-09T07:50:18.119673Z
E362000101,E3620001,discharge_instantaneous,Q,hydroportail,200,0,0,01/06/2026-08/06/2026 then 01/06/2023-08/06/2023,,2026-09-09T07:50:21.509093Z
E363121001,E3631210,discharge_instantaneous,Q,hydroportail,200,0,0,01/06/2026-08/06/2026 then 01/06/2023-08/06/2023,,2026-09-09T07:50:24.196141Z
E363121002,E3631210,discharge_instantaneous,Q,hydroportail,200,0,0,01/06/2026-08/06/2026 then 01/06/2023-08/06/2023,,2026-09-09T07:50:26.539788Z
E363121101,E3631211,stage_instantaneous,H,hydroportail,200,0,3840,01/06/2026-08/06/2026 then 01/06/2023-08/06/2023,,2026-09-09T07:50:29.199348Z
E363121101,E3631211,discharge_instantaneous,Q,hydroportail,200,0,0,01/06/2026-08/06/2026 then 01/06/2023-08/06/2023,,2026-09-09T07:50:31.293905Z
E364121001,E3641210,discharge_instantaneous,Q,hydroportail,200,0,0,01/06/2026-08/06/2026 then 01/06/2023-08/06/2023,,2026-09-09T07:50:33.540183Z
E364121002,E3641210,discharge_instantaneous,Q,hydroportail,200,0,0,01/06/2026-08/06/2026 then 01/06/2023-08/06/2023,,2026-09-09T07:50:36.953873Z
E364628201,E3646282,discharge_instantaneous,Q,hydroportail,200,0,0,01/06/2026-08/06/2026 then 01/06/2023-08/06/2023,,2026-09-09T07:50:38.915942Z
E365851401,E3658514,discharge_instantaneous,Q,hydroportail,200,0,0,01/06/2026-08/06/2026 then 01/06/2023-08/06/2023,,2026-09-09T07:50:41.348214Z
E366601601,E3666016,discharge_instantaneous,Q,hydroportail,200,0,0,01/06/2026-08/06/2026 then 01/06/2023-08/06/2023,,2026-09-09T07:50:45.055213Z
E366601701,E3666017,discharge_instantaneous,Q,hydroportail,200,0,0,01/06/2026-08/06/2026 then 01/06/2023-08/06/2023,,2026-09-09T07:50:47.852256Z
E366601801,E3666018,discharge_instantaneous,Q,hydroportail,200,0,0,01/06/2026-08/06/2026 then 01/06/2023-08/06/2023,,2026-09-09T07:50:50.221680Z
E366601901,E3666019,discharge_instantaneous,Q,hydroportail,200,0,0,01/06/2026-08/06/2026 then 01/06/2023-08/06/2023,,2026-09-09T07:50:53.642803Z
E403000101,E4030001,discharge_instantaneous,Q,hydroportail,200,0,0,01/06/2026-08/06/2026 then 01/06/2023-08/06/2023,,2026-09-09T07:50:56.767577Z
E403653401,E4036534,discharge_instantaneous,Q,hydroportail,200,0,0,01/06/2026-08/06/2026 then 01/06/2023-08/06/2023,,2026-09-09T07:51:01.413112Z
E490940501,E4909405,discharge_instantaneous,Q,hydroportail,500,,,01/06/2026-08/06/2026 then 01/06/2023-08/06/2023,,2026-09-09T07:51:03.229597Z
E520571202,E5205712,stage_instantaneous,H,hydroportail,200,0,1920,01/06/2026-08/06/2026 then 01/06/2023-08/06/2023,,2026-09-09T07:51:06.000341Z
E520571202,E5205712,discharge_instantaneous,Q,hydroportail,200,0,1920,01/06/2026-08/06/2026 then 01/06/2023-08/06/2023,,2026-09-09T07:51:08.983014Z
E531022101,E5310221,stage_instantaneous,H,hydroportail,404,,,01/06/2026-08/06/2026 then 01/06/2023-08/06/2023,,2026-09-09T07:51:10.508328Z
E531022101,E5310221,discharge_instantaneous,Q,hydroportail,404,,,01/06/2026-08/06/2026 then 01/06/2023-08/06/2023,,2026-09-09T07:51:11.375407Z
E531022102,E5310221,stage_instantaneous,H,hydroportail,404,,,01/06/2026-08/06/2026 then 01/06/2023-08/06/2023,,2026-09-09T07:51:12.189645Z
E531022102,E5310221,discharge_instantaneous,Q,hydroportail,404,,,01/06/2026-08/06/2026 then 01/06/2023-08/06/2023,,2026-09-09T07:51:13.092341Z
E531022201,E5310222,stage_instantaneous,H,hydroportail,200,0,0,01/06/2026-08/06/2026 then 01/06/2023-08/06/2023,,2026-09-09T07:51:15.389920Z
E531022201,E5310222,discharge_instantaneous,Q,hydroportail,200,0,0,01/06/2026-08/06/2026 then 01/06/2023-08/06/2023,,2026-09-09T07:51:17.677884Z
E541000401,E5410004,discharge_instantaneous,Q,hydroportail,200,0,0,01/06/2026-08/06/2026 then 01/06/2023-08/06/2023,,2026-09-09T07:51:19.279198Z
E541000501,E5410005,discharge_instantaneous,Q,hydroportail,200,0,0,01/06/2026-08/06/2026 then 01/06/2023-08/06/2023,,2026-09-09T07:51:23.410709Z
E550572701,E5505727,discharge_instantaneous,Q,hydroportail,200,0,0,01/06/2026-08/06/2026 then 01/06/2023-08/06/2023,,2026-09-09T07:51:27.105054Z
E635142601,E6351426,discharge_instantaneous,Q,hydroportail,200,0,0,01/06/2026-08/06/2026 then 01/06/2023-08/06/2023,,2026-09-09T07:51:29.655437Z
E635142602,E6351426,discharge_instantaneous,Q,hydroportail,200,1152,,01/06/2026-08/06/2026 then 01/06/2023-08/06/2023,,2026-09-09T07:51:31.959116Z
E638607201,E6386072,discharge_instantaneous,Q,hydroportail,200,0,0,01/06/2026-08/06/2026 then 01/06/2023-08/06/2023,,2026-09-09T07:51:34.858016Z
E640091001,E6400910,stage_instantaneous,H,hydroportail,200,2303,,01/06/2026-08/06/2026 then 01/06/2023-08/06/2023,,2026-09-09T07:51:35.983312Z
E640091001,E6400910,discharge_instantaneous,Q,hydroportail,200,2304,,01/06/2026-08/06/2026 then 01/06/2023-08/06/2023,,2026-09-09T07:51:37.478217Z
E640600201,E6406002,stage_instantaneous,H,hydroportail,200,0,0,01/06/2026-08/06/2026 then 01/06/2023-08/06/2023,,2026-09-09T07:51:39.641552Z
E640600201,E6406002,discharge_instantaneous,Q,hydroportail,200,0,0,01/06/2026-08/06/2026 then 01/06/2023-08/06/2023,,2026-09-09T07:51:42.688858Z
E647091002,E6470910,stage_instantaneous,H,hydroportail,200,0,0,01/06/2026-08/06/2026 then 01/06/2023-08/06/2023,,2026-09-09T07:51:44.579598Z
E647091002,E6470910,discharge_instantaneous,Q,hydroportail,200,0,0,01/06/2026-08/06/2026 then 01/06/2023-08/06/2023,,2026-09-09T07:52:34.498401Z
E649563001,E6495630,discharge_instantaneous,Q,hydroportail,200,0,0,01/06/2026-08/06/2026 then 01/06/2023-08/06/2023,,2026-09-09T07:52:36.991496Z
F020000101,F0200001,stage_instantaneous,H,hydroportail,200,0,0,01/06/2026-08/06/2026 then 01/06/2023-08/06/2023,,2026-09-09T07:52:38.886439Z
F020000101,F0200001,discharge_instantaneous,Q,hydroportail,200,0,0,01/06/2026-08/06/2026 then 01/06/2023-08/06/2023,,2026-09-09T07:52:40.790081Z
F041000201,F0410002,stage_instantaneous,H,hydroportail,500,,,01/06/2026-08/06/2026 then 01/06/2023-08/06/2023,,2026-09-09T07:52:41.614143Z
F042000101,F0420001,stage_instantaneous,H,hydroportail,200,0,0,01/06/2026-08/06/2026 then 01/06/2023-08/06/2023,,2026-09-09T07:52:43.754362Z
F042000101,F0420001,discharge_instantaneous,Q,hydroportail,200,0,0,01/06/2026-08/06/2026 then 01/06/2023-08/06/2023,,2026-09-09T07:52:46.014727Z
F042000201,F0420002,stage_instantaneous,H,hydroportail,200,0,0,01/06/2026-08/06/2026 then 01/06/2023-08/06/2023,,2026-09-09T07:52:47.731990Z
F042000201,F0420002,discharge_instantaneous,Q,hydroportail,200,0,0,01/06/2026-08/06/2026 then 01/06/2023-08/06/2023,,2026-09-09T07:52:50.051241Z
F128000101,F1280001,stage_instantaneous,H,hydroportail,404,,,01/06/2026-08/06/2026 then 01/06/2023-08/06/2023,,2026-09-09T07:52:51.024180Z
F128000101,F1280001,discharge_instantaneous,Q,hydroportail,404,,,01/06/2026-08/06/2026 then 01/06/2023-08/06/2023,,2026-09-09T07:52:51.836980Z
F200000101,F2000001,stage_instantaneous,H,hydroportail,200,0,0,01/06/2026-08/06/2026 then 01/06/2023-08/06/2023,,2026-09-09T07:52:53.426023Z
F200000101,F2000001,discharge_instantaneous,Q,hydroportail,200,0,0,01/06/2026-08/06/2026 then 01/06/2023-08/06/2023,,2026-09-09T07:52:55.468630Z
F200000102,F2000001,stage_instantaneous,H,hydroportail,200,0,0,01/06/2026-08/06/2026 then 01/06/2023-08/06/2023,,2026-09-09T07:52:58.265977Z
F200000102,F2000001,discharge_instantaneous,Q,hydroportail,200,0,0,01/06/2026-08/06/2026 then 01/06/2023-08/06/2023,,2026-09-09T07:53:00.780390Z
F200000201,F2000002,stage_instantaneous,H,hydroportail,200,0,0,01/06/2026-08/06/2026 then 01/06/2023-08/06/2023,,2026-09-09T07:53:03.266989Z
F200000201,F2000002,discharge_instantaneous,Q,hydroportail,200,0,0,01/06/2026-08/06/2026 then 01/06/2023-08/06/2023,,2026-09-09T07:53:05.200555Z
F210000101,F2100001,discharge_instantaneous,Q,hydroportail,200,0,0,01/06/2026-08/06/2026 then 01/06/2023-08/06/2023,,2026-09-09T07:53:07.343977Z
F210000102,F2100001,discharge_instantaneous,Q,hydroportail,200,0,0,01/06/2026-08/06/2026 then 01/06/2023-08/06/2023,,2026-09-09T07:53:09.429539Z
F211000101,F2110001,discharge_instantaneous,Q,hydroportail,200,0,0,01/06/2026-08/06/2026 then 01/06/2023-08/06/2023,,2026-09-09T07:53:11.965307Z
F211000102,F2110001,discharge_instantaneous,Q,hydroportail,200,0,0,01/06/2026-08/06/2026 then 01/06/2023-08/06/2023,,2026-09-09T07:53:14.355601Z
F211000201,F2110002,discharge_instantaneous,Q,hydroportail,200,0,0,01/06/2026-08/06/2026 then 01/06/2023-08/06/2023,,2026-09-09T07:53:16.494405Z
F211000202,F2110002,discharge_instantaneous,Q,hydroportail,200,0,0,01/06/2026-08/06/2026 then 01/06/2023-08/06/2023,,2026-09-09T07:53:18.414318Z
F211000301,F2110003,discharge_instantaneous,Q,hydroportail,200,0,0,01/06/2026-08/06/2026 then 01/06/2023-08/06/2023,,2026-09-09T07:53:20.259648Z
F211000302,F2110003,discharge_instantaneous,Q,hydroportail,200,0,0,01/06/2026-08/06/2026 then 01/06/2023-08/06/2023,,2026-09-09T07:53:22.286295Z
F214000101,F2140001,discharge_instantaneous,Q,hydroportail,200,0,0,01/06/2026-08/06/2026 then 01/06/2023-08/06/2023,,2026-09-09T07:53:24.265645Z
F214000102,F2140001,discharge_instantaneous,Q,hydroportail,200,0,0,01/06/2026-08/06/2026 then 01/06/2023-08/06/2023,,2026-09-09T07:53:26.158967Z
F220000101,F2200001,discharge_instantaneous,Q,hydroportail,200,0,0,01/06/2026-08/06/2026 then 01/06/2023-08/06/2023,,2026-09-09T07:53:28.585833Z
F220000102,F2200001,discharge_instantaneous,Q,hydroportail,200,0,0,01/06/2026-08/06/2026 then 01/06/2023-08/06/2023,,2026-09-09T07:53:30.766900Z
F221000101,F2210001,discharge_instantaneous,Q,hydroportail,200,0,0,01/06/2026-08/06/2026 then 01/06/2023-08/06/2023,,2026-09-09T07:53:32.701263Z
F221000102,F2210001,discharge_instantaneous,Q,hydroportail,200,0,0,01/06/2026-08/06/2026 then 01/06/2023-08/06/2023,,2026-09-09T07:53:34.556281Z
F221000103,F2210001,discharge_instantaneous,Q,hydroportail,200,0,0,01/06/2026-08/06/2026 then 01/06/2023-08/06/2023,,2026-09-09T07:54:24.652949Z
F221000201,F2210002,discharge_instantaneous,Q,hydroportail,500,,,01/06/2026-08/06/2026 then 01/06/2023-08/06/2023,,2026-09-09T07:54:25.151111Z
F240000104,F2400001,stage_instantaneous,H,hydroportail,200,0,0,01/06/2026-08/06/2026 then 01/06/2023-08/06/2023,,2026-09-09T07:54:26.551578Z
F240000104,F2400001,discharge_instantaneous,Q,hydroportail,200,0,0,01/06/2026-08/06/2026 then 01/06/2023-08/06/2023,,2026-09-09T07:54:28.365503Z
F240000105,F2400001,discharge_instantaneous,Q,hydroportail,200,0,0,01/06/2026-08/06/2026 then 01/06/2023-08/06/2023,,2026-09-09T07:54:30.206916Z
F240000201,F2400002,stage_instantaneous,H,hydroportail,200,0,0,01/06/2026-08/06/2026 then 01/06/2023-08/06/2023,,2026-09-09T07:54:31.979822Z
F240000201,F2400002,discharge_instantaneous,Q,hydroportail,200,0,0,01/06/2026-08/06/2026 then 01/06/2023-08/06/2023,,2026-09-09T07:54:33.787413Z
F240000301,F2400003,stage_instantaneous,H,hydroportail,200,0,0,01/06/2026-08/06/2026 then 01/06/2023-08/06/2023,,2026-09-09T07:54:35.427357Z
F240000301,F2400003,discharge_instantaneous,Q,hydroportail,200,0,0,01/06/2026-08/06/2026 then 01/06/2023-08/06/2023,,2026-09-09T07:54:37.090455Z
F240000302,F2400003,discharge_instantaneous,Q,hydroportail,200,0,0,01/06/2026-08/06/2026 then 01/06/2023-08/06/2023,,2026-09-09T07:54:38.752414Z
F243000101,F2430001,stage_instantaneous,H,hydroportail,200,0,0,01/06/2026-08/06/2026 then 01/06/2023-08/06/2023,,2026-09-09T07:54:40.488145Z
F243000101,F2430001,discharge_instantaneous,Q,hydroportail,200,0,0,01/06/2026-08/06/2026 then 01/06/2023-08/06/2023,,2026-09-09T07:54:42.107889Z
F324000201,F3240002,stage_instantaneous,H,hydroportail,500,,,01/06/2026-08/06/2026 then 01/06/2023-08/06/2023,,2026-09-09T07:54:42.610969Z
F330000102,F3300001,discharge_instantaneous,Q,hydroportail,500,,,01/06/2026-08/06/2026 then 01/06/2023-08/06/2023,,2026-09-09T07:54:43.579514Z
F332000201,F3320002,stage_instantaneous,H,hydroportail,500,,,01/06/2026-08/06/2026 then 01/06/2023-08/06/2023,,2026-09-09T07:54:44.075094Z
F332000202,F3320002,stage_instantaneous,H,hydroportail,200,0,0,01/06/2026-08/06/2026 then 01/06/2023-08/06/2023,,2026-09-09T07:54:45.567834Z
F332000202,F3320002,discharge_instantaneous,Q,hydroportail,200,0,0,01/06/2026-08/06/2026 then 01/06/2023-08/06/2023,,2026-09-09T07:54:47.547487Z
F333000201,F3330002,stage_instantaneous,H,hydroportail,500,,,01/06/2026-08/06/2026 then 01/06/2023-08/06/2023,,2026-09-09T07:54:48.973535Z
F335000101,F3350001,stage_instantaneous,H,hydroportail,200,0,0,01/06/2026-08/06/2026 then 01/06/2023-08/06/2023,,2026-09-09T07:54:50.441083Z
F335000101,F3350001,discharge_instantaneous,Q,hydroportail,200,0,0,01/06/2026-08/06/2026 then 01/06/2023-08/06/2023,,2026-09-09T07:54:52.200738Z
F336000201,F3360002,stage_instantaneous,H,hydroportail,200,0,0,01/06/2026-08/06/2026 then 01/06/2023-08/06/2023,,2026-09-09T07:54:53.658449Z
F336000201,F3360002,discharge_instantaneous,Q,hydroportail,200,0,0,01/06/2026-08/06/2026 then 01/06/2023-08/06/2023,,2026-09-09T07:54:55.605998Z
F336000301,F3360003,stage_instantaneous,H,hydroportail,200,0,0,01/06/2026-08/06/2026 then 01/06/2023-08/06/2023,,2026-09-09T07:54:57.145478Z
F336000301,F3360003,discharge_instantaneous,Q,hydroportail,200,0,0,01/06/2026-08/06/2026 then 01/06/2023-08/06/2023,,2026-09-09T07:54:59.495626Z
F351000105,F3510001,discharge_instantaneous,Q,hydroportail,500,,,01/06/2026-08/06/2026 then 01/06/2023-08/06/2023,,2026-09-09T07:54:59.995030Z
F358000101,F3580001,discharge_instantaneous,Q,hydroportail,500,,,01/06/2026-08/06/2026 then 01/06/2023-08/06/2023,,2026-09-09T07:55:01.089545Z
F359000103,F3590001,stage_instantaneous,H,hydroportail,200,0,0,01/06/2026-08/06/2026 then 01/06/2023-08/06/2023,,2026-09-09T07:55:09.657996Z
F359000103,F3590001,discharge_instantaneous,Q,hydroportail,500,,,01/06/2026-08/06/2026 then 01/06/2023-08/06/2023,,2026-09-09T07:55:13.322666Z
F400000101,F4000001,discharge_instantaneous,Q,hydroportail,200,0,0,01/06/2026-08/06/2026 then 01/06/2023-08/06/2023,,2026-09-09T07:55:15.728687Z
F400000202,F4000002,discharge_instantaneous,Q,hydroportail,200,0,0,01/06/2026-08/06/2026 then 01/06/2023-08/06/2023,,2026-09-09T07:55:17.907440Z
F400000205,F4000002,stage_instantaneous,H,hydroportail,200,0,0,01/06/2026-08/06/2026 then 01/06/2023-08/06/2023,,2026-09-09T07:55:19.959129Z
F400000205,F4000002,discharge_instantaneous,Q,hydroportail,200,0,0,01/06/2026-08/06/2026 then 01/06/2023-08/06/2023,,2026-09-09T07:55:22.262610Z
F400000301,F4000003,discharge_instantaneous,Q,hydroportail,500,,,01/06/2026-08/06/2026 then 01/06/2023-08/06/2023,,2026-09-09T07:55:22.782090Z
F416000101,F4160001,discharge_instantaneous,Q,hydroportail,500,,,01/06/2026-08/06/2026 then 01/06/2023-08/06/2023,,2026-09-09T07:55:23.365753Z
F420000101,F4200001,discharge_instantaneous,Q,hydroportail,500,,,01/06/2026-08/06/2026 then 01/06/2023-08/06/2023,,2026-09-09T07:55:24.011601Z
F437000201,F4370002,discharge_instantaneous,Q,hydroportail,500,,,01/06/2026-08/06/2026 then 01/06/2023-08/06/2023,,2026-09-09T07:55:24.725912Z
F440000101,F4400001,discharge_instantaneous,Q,hydroportail,200,0,0,01/06/2026-08/06/2026 then 01/06/2023-08/06/2023,,2026-09-09T07:55:26.757801Z
F440000102,F4400001,discharge_instantaneous,Q,hydroportail,200,0,0,01/06/2026-08/06/2026 then 01/06/2023-08/06/2023,,2026-09-09T07:55:28.879664Z
F443000101,F4430001,stage_instantaneous,H,hydroportail,200,0,0,01/06/2026-08/06/2026 then 01/06/2023-08/06/2023,,2026-09-09T07:55:30.589830Z
F443000101,F4430001,discharge_instantaneous,Q,hydroportail,200,0,0,01/06/2026-08/06/2026 then 01/06/2023-08/06/2023,,2026-09-09T07:55:32.771785Z
F443000102,F4430001,stage_instantaneous,H,hydroportail,200,0,0,01/06/2026-08/06/2026 then 01/06/2023-08/06/2023,,2026-09-09T07:55:34.553098Z
F443000102,F4430001,discharge_instantaneous,Q,hydroportail,200,0,0,01/06/2026-08/06/2026 then 01/06/2023-08/06/2023,,2026-09-09T07:55:36.496672Z
F446000201,F4460002,discharge_instantaneous,Q,hydroportail,200,0,0,01/06/2026-08/06/2026 then 01/06/2023-08/06/2023,,2026-09-09T07:55:41.677369Z
F447000101,F4470001,discharge_instantaneous,Q,hydroportail,500,,,01/06/2026-08/06/2026 then 01/06/2023-08/06/2023,,2026-09-09T07:55:42.214575Z
F447000201,F4470002,stage_instantaneous,H,hydroportail,200,0,576,01/06/2026-08/06/2026 then 01/06/2023-08/06/2023,,2026-09-09T07:55:43.570152Z
F447000201,F4470002,discharge_instantaneous,Q,hydroportail,500,,,01/06/2026-08/06/2026 then 01/06/2023-08/06/2023,,2026-09-09T07:55:44.078677Z
F447000202,F4470002,discharge_instantaneous,Q,hydroportail,200,0,0,01/06/2026-08/06/2026 then 01/06/2023-08/06/2023,,2026-09-09T07:55:46.568715Z
F447000203,F4470002,discharge_instantaneous,Q,hydroportail,200,0,0,01/06/2026-08/06/2026 then 01/06/2023-08/06/2023,,2026-09-09T07:55:48.560519Z
F447000204,F4470002,stage_instantaneous,H,hydroportail,200,0,0,01/06/2026-08/06/2026 then 01/06/2023-08/06/2023,,2026-09-09T07:55:49.944702Z
F447000204,F4470002,discharge_instantaneous,Q,hydroportail,200,0,0,01/06/2026-08/06/2026 then 01/06/2023-08/06/2023,,2026-09-09T07:55:51.689048Z
F449000501,F4490005,discharge_instantaneous,Q,hydroportail,200,0,0,01/06/2026-08/06/2026 then 01/06/2023-08/06/2023,,2026-09-09T07:55:53.527760Z
F449000502,F4490005,discharge_instantaneous,Q,hydroportail,200,0,0,01/06/2026-08/06/2026 then 01/06/2023-08/06/2023,,2026-09-09T07:56:43.558652Z
F449000503,F4490005,stage_instantaneous,H,hydroportail,200,0,0,01/06/2026-08/06/2026 then 01/06/2023-08/06/2023,,2026-09-09T07:56:45.109809Z
F449000503,F4490005,discharge_instantaneous,Q,hydroportail,200,0,0,01/06/2026-08/06/2026 then 01/06/2023-08/06/2023,,2026-09-09T07:56:47.184154Z
F449000601,F4490006,discharge_instantaneous,Q,hydroportail,500,,,01/06/2026-08/06/2026 then 01/06/2023-08/06/2023,,2026-09-09T07:56:47.681065Z
F460000301,F4600003,discharge_instantaneous,Q,hydroportail,200,0,0,01/06/2026-08/06/2026 then 01/06/2023-08/06/2023,,2026-09-09T07:56:49.363210Z
F460000302,F4600003,discharge_instantaneous,Q,hydroportail,200,0,0,01/06/2026-08/06/2026 then 01/06/2023-08/06/2023,,2026-09-09T07:56:51.106324Z
F461000401,F4610004,discharge_instantaneous,Q,hydroportail,200,0,627,01/06/2026-08/06/2026 then 01/06/2023-08/06/2023,,2026-09-09T07:56:53.039990Z
F461000601,F4610006,discharge_instantaneous,Q,hydroportail,200,0,0,01/06/2026-08/06/2026 then 01/06/2023-08/06/2023,,2026-09-09T07:56:55.295845Z
F461000602,F4610006,stage_instantaneous,H,hydroportail,200,0,0,01/06/2026-08/06/2026 then 01/06/2023-08/06/2023,,2026-09-09T07:56:57.034465Z
F461000602,F4610006,discharge_instantaneous,Q,hydroportail,200,0,0,01/06/2026-08/06/2026 then 01/06/2023-08/06/2023,,2026-09-09T07:56:58.935825Z
F462000701,F4620007,discharge_instantaneous,Q,hydroportail,200,0,0,01/06/2026-08/06/2026 then 01/06/2023-08/06/2023,,2026-09-09T07:57:01.083368Z
F464000102,F4640001,stage_instantaneous,H,hydroportail,200,0,764,01/06/2026-08/06/2026 then 01/06/2023-08/06/2023,,2026-09-09T07:57:02.897334Z
F464000102,F4640001,discharge_instantaneous,Q,hydroportail,200,0,766,01/06/2026-08/06/2026 then 01/06/2023-08/06/2023,,2026-09-09T07:57:04.789919Z
F465000302,F4650003,discharge_instantaneous,Q,hydroportail,200,0,0,01/06/2026-08/06/2026 then 01/06/2023-08/06/2023,,2026-09-09T07:57:07.488163Z
F467000101,F4670001,stage_instantaneous,H,hydroportail,200,0,1152,01/06/2026-08/06/2026 then 01/06/2023-08/06/2023,,2026-09-09T07:57:08.916032Z
F467000101,F4670001,discharge_instantaneous,Q,hydroportail,200,0,1152,01/06/2026-08/06/2026 then 01/06/2023-08/06/2023,,2026-09-09T07:57:10.895102Z
F468000101,F4680001,discharge_instantaneous,Q,hydroportail,200,0,0,01/06/2026-08/06/2026 then 01/06/2023-08/06/2023,,2026-09-09T07:57:13.145202Z
F468000102,F4680001,discharge_instantaneous,Q,hydroportail,200,0,0,01/06/2026-08/06/2026 then 01/06/2023-08/06/2023,,2026-09-09T07:57:15.084820Z
F470000101,F4700001,stage_instantaneous,H,hydroportail,200,0,0,01/06/2026-08/06/2026 then 01/06/2023-08/06/2023,,2026-09-09T07:57:16.749021Z
F470000101,F4700001,discharge_instantaneous,Q,hydroportail,500,,,01/06/2026-08/06/2026 then 01/06/2023-08/06/2023,,2026-09-09T07:57:17.268973Z
F470000201,F4700002,stage_instantaneous,H,hydroportail,200,0,0,01/06/2026-08/06/2026 then 01/06/2023-08/06/2023,,2026-09-09T07:58:06.764263Z
F470000201,F4700002,discharge_instantaneous,Q,hydroportail,500,,,01/06/2026-08/06/2026 then 01/06/2023-08/06/2023,,2026-09-09T07:58:07.256834Z
F471000201,F4710002,stage_instantaneous,H,hydroportail,200,0,0,01/06/2026-08/06/2026 then 01/06/2023-08/06/2023,,2026-09-09T07:58:09.412838Z
F471000201,F4710002,discharge_instantaneous,Q,hydroportail,500,,,01/06/2026-08/06/2026 then 01/06/2023-08/06/2023,,2026-09-09T07:58:12.353327Z
F471000301,F4710003,stage_instantaneous,H,hydroportail,200,0,0,01/06/2026-08/06/2026 then 01/06/2023-08/06/2023,,2026-09-09T07:58:18.496924Z
F471000301,F4710003,discharge_instantaneous,Q,hydroportail,500,,,01/06/2026-08/06/2026 then 01/06/2023-08/06/2023,,2026-09-09T07:58:20.258884Z
F472000101,F4720001,stage_instantaneous,H,hydroportail,200,0,0,01/06/2026-08/06/2026 then 01/06/2023-08/06/2023,,2026-09-09T07:58:22.013176Z
F472000101,F4720001,discharge_instantaneous,Q,hydroportail,500,,,01/06/2026-08/06/2026 then 01/06/2023-08/06/2023,,2026-09-09T07:58:22.979537Z
F473000201,F4730002,stage_instantaneous,H,hydroportail,200,0,0,01/06/2026-08/06/2026 then 01/06/2023-08/06/2023,,2026-09-09T07:58:24.510107Z
F473000201,F4730002,discharge_instantaneous,Q,hydroportail,500,,,01/06/2026-08/06/2026 then 01/06/2023-08/06/2023,,2026-09-09T07:58:25.003895Z
F474000301,F4740003,stage_instantaneous,H,hydroportail,200,0,0,01/06/2026-08/06/2026 then 01/06/2023-08/06/2023,,2026-09-09T07:58:26.407473Z
F474000301,F4740003,discharge_instantaneous,Q,hydroportail,500,,,01/06/2026-08/06/2026 then 01/06/2023-08/06/2023,,2026-09-09T07:58:26.900056Z
F475000101,F4750001,stage_instantaneous,H,hydroportail,200,0,0,01/06/2026-08/06/2026 then 01/06/2023-08/06/2023,,2026-09-09T07:58:28.858835Z
F475000101,F4750001,discharge_instantaneous,Q,hydroportail,500,,,01/06/2026-08/06/2026 then 01/06/2023-08/06/2023,,2026-09-09T07:58:29.356222Z
F477000201,F4770002,stage_instantaneous,H,hydroportail,200,0,0,01/06/2026-08/06/2026 then 01/06/2023-08/06/2023,,2026-09-09T07:58:30.718972Z
F477000201,F4770002,discharge_instantaneous,Q,hydroportail,500,,,01/06/2026-08/06/2026 then 01/06/2023-08/06/2023,,2026-09-09T07:58:31.220978Z
F477000301,F4770003,stage_instantaneous,H,hydroportail,200,0,0,01/06/2026-08/06/2026 then 01/06/2023-08/06/2023,,2026-09-09T07:58:32.667839Z
F477000301,F4770003,discharge_instantaneous,Q,hydroportail,500,,,01/06/2026-08/06/2026 then 01/06/2023-08/06/2023,,2026-09-09T07:58:33.165104Z
F477000401,F4770004,stage_instantaneous,H,hydroportail,200,0,0,01/06/2026-08/06/2026 then 01/06/2023-08/06/2023,,2026-09-09T07:58:34.974447Z
F477000401,F4770004,discharge_instantaneous,Q,hydroportail,500,,,01/06/2026-08/06/2026 then 01/06/2023-08/06/2023,,2026-09-09T07:58:35.845878Z
F480000201,F4800002,stage_instantaneous,H,hydroportail,200,0,0,01/06/2026-08/06/2026 then 01/06/2023-08/06/2023,,2026-09-09T07:58:37.289309Z
F480000201,F4800002,discharge_instantaneous,Q,hydroportail,500,,,01/06/2026-08/06/2026 then 01/06/2023-08/06/2023,,2026-09-09T07:58:37.879376Z
F481000201,F4810002,stage_instantaneous,H,hydroportail,200,0,0,01/06/2026-08/06/2026 then 01/06/2023-08/06/2023,,2026-09-09T07:58:39.479850Z
F481000201,F4810002,discharge_instantaneous,Q,hydroportail,500,,,01/06/2026-08/06/2026 then 01/06/2023-08/06/2023,,2026-09-09T07:58:39.983366Z
F481000301,F4810003,stage_instantaneous,H,hydroportail,200,0,0,01/06/2026-08/06/2026 then 01/06/2023-08/06/2023,,2026-09-09T07:58:41.495457Z
F481000301,F4810003,discharge_instantaneous,Q,hydroportail,500,,,01/06/2026-08/06/2026 then 01/06/2023-08/06/2023,,2026-09-09T07:58:41.991680Z
F483000301,F4830003,stage_instantaneous,H,hydroportail,200,0,0,01/06/2026-08/06/2026 then 01/06/2023-08/06/2023,,2026-09-09T07:58:43.208150Z
F483000301,F4830003,discharge_instantaneous,Q,hydroportail,500,,,01/06/2026-08/06/2026 then 01/06/2023-08/06/2023,,2026-09-09T07:58:43.728280Z
F483000401,F4830004,stage_instantaneous,H,hydroportail,200,0,0,01/06/2026-08/06/2026 then 01/06/2023-08/06/2023,,2026-09-09T07:58:45.067223Z
F483000401,F4830004,discharge_instantaneous,Q,hydroportail,500,,,01/06/2026-08/06/2026 then 01/06/2023-08/06/2023,,2026-09-09T07:58:45.575521Z
F483000402,F4830004,stage_instantaneous,H,hydroportail,200,0,0,01/06/2026-08/06/2026 then 01/06/2023-08/06/2023,,2026-09-09T07:58:46.898183Z
F483000402,F4830004,discharge_instantaneous,Q,hydroportail,500,,,01/06/2026-08/06/2026 then 01/06/2023-08/06/2023,,2026-09-09T07:58:47.390412Z
F483000501,F4830005,stage_instantaneous,H,hydroportail,200,0,0,01/06/2026-08/06/2026 then 01/06/2023-08/06/2023,,2026-09-09T07:58:48.799433Z
F483000501,F4830005,discharge_instantaneous,Q,hydroportail,500,,,01/06/2026-08/06/2026 then 01/06/2023-08/06/2023,,2026-09-09T07:58:49.289999Z
F483000502,F4830005,stage_instantaneous,H,hydroportail,200,0,0,01/06/2026-08/06/2026 then 01/06/2023-08/06/2023,,2026-09-09T07:58:50.778598Z
F483000502,F4830005,discharge_instantaneous,Q,hydroportail,500,,,01/06/2026-08/06/2026 then 01/06/2023-08/06/2023,,2026-09-09T07:58:51.914092Z
F483000601,F4830006,stage_instantaneous,H,hydroportail,200,0,0,01/06/2026-08/06/2026 then 01/06/2023-08/06/2023,,2026-09-09T07:58:53.144244Z
F483000601,F4830006,discharge_instantaneous,Q,hydroportail,500,,,01/06/2026-08/06/2026 then 01/06/2023-08/06/2023,,2026-09-09T07:58:53.650206Z
F483000602,F4830006,stage_instantaneous,H,hydroportail,200,0,0,01/06/2026-08/06/2026 then 01/06/2023-08/06/2023,,2026-09-09T07:58:55.074885Z
F483000602,F4830006,discharge_instantaneous,Q,hydroportail,500,,,01/06/2026-08/06/2026 then 01/06/2023-08/06/2023,,2026-09-09T07:58:55.573811Z
F484000101,F4840001,stage_instantaneous,H,hydroportail,200,0,0,01/06/2026-08/06/2026 then 01/06/2023-08/06/2023,,2026-09-09T07:58:57.174184Z
F484000101,F4840001,discharge_instantaneous,Q,hydroportail,500,,,01/06/2026-08/06/2026 then 01/06/2023-08/06/2023,,2026-09-09T07:58:57.676257Z
F485000101,F4850001,stage_instantaneous,H,hydroportail,200,0,0,01/06/2026-08/06/2026 then 01/06/2023-08/06/2023,,2026-09-09T07:58:59.120474Z
F485000101,F4850001,discharge_instantaneous,Q,hydroportail,500,,,01/06/2026-08/06/2026 then 01/06/2023-08/06/2023,,2026-09-09T07:58:59.616005Z
F486000401,F4860004,stage_instantaneous,H,hydroportail,200,0,0,01/06/2026-08/06/2026 then 01/06/2023-08/06/2023,,2026-09-09T07:59:01.180884Z
F486000401,F4860004,discharge_instantaneous,Q,hydroportail,500,,,01/06/2026-08/06/2026 then 01/06/2023-08/06/2023,,2026-09-09T07:59:01.678481Z
F486000501,F4860005,stage_instantaneous,H,hydroportail,200,0,0,01/06/2026-08/06/2026 then 01/06/2023-08/06/2023,,2026-09-09T07:59:03.475810Z
F486000501,F4860005,discharge_instantaneous,Q,hydroportail,500,,,01/06/2026-08/06/2026 then 01/06/2023-08/06/2023,,2026-09-09T07:59:03.979555Z
F486000601,F4860006,stage_instantaneous,H,hydroportail,200,0,0,01/06/2026-08/06/2026 then 01/06/2023-08/06/2023,,2026-09-09T07:59:05.479860Z
F486000601,F4860006,discharge_instantaneous,Q,hydroportail,500,,,01/06/2026-08/06/2026 then 01/06/2023-08/06/2023,,2026-09-09T07:59:05.977589Z
F486000701,F4860007,stage_instantaneous,H,hydroportail,200,0,0,01/06/2026-08/06/2026 then 01/06/2023-08/06/2023,,2026-09-09T07:59:07.651589Z
F486000701,F4860007,discharge_instantaneous,Q,hydroportail,500,,,01/06/2026-08/06/2026 then 01/06/2023-08/06/2023,,2026-09-09T07:59:08.149673Z
F487000102,F4870001,stage_instantaneous,H,hydroportail,200,0,0,01/06/2026-08/06/2026 then 01/06/2023-08/06/2023,,2026-09-09T07:59:09.887282Z
F487000102,F4870001,discharge_instantaneous,Q,hydroportail,200,0,0,01/06/2026-08/06/2026 then 01/06/2023-08/06/2023,,2026-09-09T07:59:12.282588Z
F487000501,F4870005,discharge_instantaneous,Q,hydroportail,500,,,01/06/2026-08/06/2026 then 01/06/2023-08/06/2023,,2026-09-09T07:59:12.800951Z
F487000502,F4870005,stage_instantaneous,H,hydroportail,200,0,0,01/06/2026-08/06/2026 then 01/06/2023-08/06/2023,,2026-09-09T07:59:14.142401Z
F487000502,F4870005,discharge_instantaneous,Q,hydroportail,500,,,01/06/2026-08/06/2026 then 01/06/2023-08/06/2023,,2026-09-09T07:59:14.644040Z
F487000503,F4870005,stage_instantaneous,H,hydroportail,200,0,0,01/06/2026-08/06/2026 then 01/06/2023-08/06/2023,,2026-09-09T07:59:16.160791Z
F487000503,F4870005,discharge_instantaneous,Q,hydroportail,500,,,01/06/2026-08/06/2026 then 01/06/2023-08/06/2023,,2026-09-09T07:59:16.659149Z
F487000601,F4870006,stage_instantaneous,H,hydroportail,200,0,0,01/06/2026-08/06/2026 then 01/06/2023-08/06/2023,,2026-09-09T07:59:18.044841Z
F487000601,F4870006,discharge_instantaneous,Q,hydroportail,500,,,01/06/2026-08/06/2026 then 01/06/2023-08/06/2023,,2026-09-09T07:59:18.552077Z
F487000602,F4870006,stage_instantaneous,H,hydroportail,200,0,0,01/06/2026-08/06/2026 then 01/06/2023-08/06/2023,,2026-09-09T07:59:19.892265Z
F487000602,F4870006,discharge_instantaneous,Q,hydroportail,500,,,01/06/2026-08/06/2026 then 01/06/2023-08/06/2023,,2026-09-09T07:59:20.389715Z
F487000701,F4870007,stage_instantaneous,H,hydroportail,200,0,0,01/06/2026-08/06/2026 then 01/06/2023-08/06/2023,,2026-09-09T07:59:22.215961Z
F487000701,F4870007,discharge_instantaneous,Q,hydroportail,500,,,01/06/2026-08/06/2026 then 01/06/2023-08/06/2023,,2026-09-09T07:59:22.711281Z
F487000702,F4870007,stage_instantaneous,H,hydroportail,200,0,0,01/06/2026-08/06/2026 then 01/06/2023-08/06/2023,,2026-09-09T07:59:24.015036Z
F487000702,F4870007,discharge_instantaneous,Q,hydroportail,500,,,01/06/2026-08/06/2026 then 01/06/2023-08/06/2023,,2026-09-09T07:59:24.524509Z
F487000801,F4870008,stage_instantaneous,H,hydroportail,200,0,0,01/06/2026-08/06/2026 then 01/06/2023-08/06/2023,,2026-09-09T07:59:26.063046Z
F487000801,F4870008,discharge_instantaneous,Q,hydroportail,500,,,01/06/2026-08/06/2026 then 01/06/2023-08/06/2023,,2026-09-09T07:59:26.562163Z
F487000802,F4870008,stage_instantaneous,H,hydroportail,200,0,0,01/06/2026-08/06/2026 then 01/06/2023-08/06/2023,,2026-09-09T07:59:28.130493Z
F487000802,F4870008,discharge_instantaneous,Q,hydroportail,500,,,01/06/2026-08/06/2026 then 01/06/2023-08/06/2023,,2026-09-09T07:59:28.631507Z
F487000901,F4870009,stage_instantaneous,H,hydroportail,200,0,0,01/06/2026-08/06/2026 then 01/06/2023-08/06/2023,,2026-09-09T07:59:30.295882Z
F487000901,F4870009,discharge_instantaneous,Q,hydroportail,200,0,0,01/06/2026-08/06/2026 then 01/06/2023-08/06/2023,,2026-09-09T07:59:32.512581Z
F487001001,F4870010,stage_instantaneous,H,hydroportail,200,0,0,01/06/2026-08/06/2026 then 01/06/2023-08/06/2023,,2026-09-09T07:59:33.826156Z
F487001001,F4870010,discharge_instantaneous,Q,hydroportail,500,,,01/06/2026-08/06/2026 then 01/06/2023-08/06/2023,,2026-09-09T07:59:34.320076Z
F487001002,F4870010,stage_instantaneous,H,hydroportail,200,0,0,01/06/2026-08/06/2026 then 01/06/2023-08/06/2023,,2026-09-09T07:59:37.216013Z
F487001002,F4870010,discharge_instantaneous,Q,hydroportail,500,,,01/06/2026-08/06/2026 then 01/06/2023-08/06/2023,,2026-09-09T07:59:37.713813Z
F490000105,F4900001,discharge_instantaneous,Q,hydroportail,200,0,0,01/06/2026-08/06/2026 then 01/06/2023-08/06/2023,,2026-09-09T07:59:39.867616Z
F490000106,F4900001,discharge_instantaneous,Q,hydroportail,200,0,0,01/06/2026-08/06/2026 then 01/06/2023-08/06/2023,,2026-09-09T07:59:41.567587Z
F606000101,F6060001,discharge_instantaneous,Q,hydroportail,200,0,0,01/06/2026-08/06/2026 then 01/06/2023-08/06/2023,,2026-09-09T07:59:44.112890Z
F613000201,F6130002,discharge_instantaneous,Q,hydroportail,200,0,0,01/06/2026-08/06/2026 then 01/06/2023-08/06/2023,,2026-09-09T07:59:45.583169Z
F620000201,F6200002,discharge_instantaneous,Q,hydroportail,500,,,01/06/2026-08/06/2026 then 01/06/2023-08/06/2023,,2026-09-09T07:59:46.103842Z
F620000301,F6200003,stage_instantaneous,H,hydroportail,200,0,0,01/06/2026-08/06/2026 then 01/06/2023-08/06/2023,,2026-09-09T07:59:47.546776Z
F620000301,F6200003,discharge_instantaneous,Q,hydroportail,200,0,0,01/06/2026-08/06/2026 then 01/06/2023-08/06/2023,,2026-09-09T07:59:49.384196Z
F620000302,F6200003,stage_instantaneous,H,hydroportail,200,0,0,01/06/2026-08/06/2026 then 01/06/2023-08/06/2023,,2026-09-09T07:59:51.199929Z
F620000302,F6200003,discharge_instantaneous,Q,hydroportail,200,0,0,01/06/2026-08/06/2026 then 01/06/2023-08/06/2023,,2026-09-09T07:59:52.940828Z
F643000101,F6430001,discharge_instantaneous,Q,hydroportail,500,,,01/06/2026-08/06/2026 then 01/06/2023-08/06/2023,,2026-09-09T07:59:53.440549Z
F643000102,F6430001,stage_instantaneous,H,hydroportail,200,0,0,01/06/2026-08/06/2026 then 01/06/2023-08/06/2023,,2026-09-09T07:59:54.948291Z
F643000102,F6430001,discharge_instantaneous,Q,hydroportail,200,0,0,01/06/2026-08/06/2026 then 01/06/2023-08/06/2023,,2026-09-09T07:59:56.753075Z
F643000103,F6430001,stage_instantaneous,H,hydroportail,200,0,0,01/06/2026-08/06/2026 then 01/06/2023-08/06/2023,,2026-09-09T07:59:58.393614Z
F643000103,F6430001,discharge_instantaneous,Q,hydroportail,200,0,0,01/06/2026-08/06/2026 then 01/06/2023-08/06/2023,,2026-09-09T08:00:00.409448Z
F654000301,F6540003,stage_instantaneous,H,hydroportail,200,0,0,01/06/2026-08/06/2026 then 01/06/2023-08/06/2023,,2026-09-09T08:00:09.743527Z
F654000301,F6540003,discharge_instantaneous,Q,hydroportail,200,0,0,01/06/2026-08/06/2026 then 01/06/2023-08/06/2023,,2026-09-09T08:00:26.039506Z
F654000401,F6540004,stage_instantaneous,H,hydroportail,200,0,0,01/06/2026-08/06/2026 then 01/06/2023-08/06/2023,,2026-09-09T08:00:36.413513Z
F654000401,F6540004,discharge_instantaneous,Q,hydroportail,200,0,0,01/06/2026-08/06/2026 then 01/06/2023-08/06/2023,,2026-09-09T08:00:44.127889Z
F654000501,F6540005,stage_instantaneous,H,hydroportail,200,0,0,01/06/2026-08/06/2026 then 01/06/2023-08/06/2023,,2026-09-09T08:00:51.758074Z
F654000501,F6540005,discharge_instantaneous,Q,hydroportail,200,0,0,01/06/2026-08/06/2026 then 01/06/2023-08/06/2023,,2026-09-09T08:01:00.474917Z
F654000601,F6540006,stage_instantaneous,H,hydroportail,200,0,0,01/06/2026-08/06/2026 then 01/06/2023-08/06/2023,,2026-09-09T08:01:11.268464Z
F654000601,F6540006,discharge_instantaneous,Q,hydroportail,200,0,0,01/06/2026-08/06/2026 then 01/06/2023-08/06/2023,,2026-09-09T08:01:18.770145Z
F654000701,F6540007,stage_instantaneous,H,hydroportail,200,0,0,01/06/2026-08/06/2026 then 01/06/2023-08/06/2023,,2026-09-09T08:01:24.877086Z
F654000701,F6540007,discharge_instantaneous,Q,hydroportail,200,0,0,01/06/2026-08/06/2026 then 01/06/2023-08/06/2023,,2026-09-09T08:01:31.160412Z
F654000801,F6540008,stage_instantaneous,H,hydroportail,200,0,0,01/06/2026-08/06/2026 then 01/06/2023-08/06/2023,,2026-09-09T08:01:37.595774Z
F654000801,F6540008,discharge_instantaneous,Q,hydroportail,200,0,0,01/06/2026-08/06/2026 then 01/06/2023-08/06/2023,,2026-09-09T08:01:44.891894Z
F654000901,F6540009,stage_instantaneous,H,hydroportail,200,0,0,01/06/2026-08/06/2026 then 01/06/2023-08/06/2023,,2026-09-09T08:01:48.565061Z
F654000901,F6540009,discharge_instantaneous,Q,hydroportail,200,0,0,01/06/2026-08/06/2026 then 01/06/2023-08/06/2023,,2026-09-09T08:01:51.995840Z
F654001001,F6540010,stage_instantaneous,H,hydroportail,200,0,0,01/06/2026-08/06/2026 then 01/06/2023-08/06/2023,,2026-09-09T08:01:55.645061Z
F654001001,F6540010,discharge_instantaneous,Q,hydroportail,200,0,0,01/06/2026-08/06/2026 then 01/06/2023-08/06/2023,,2026-09-09T08:01:59.347580Z
F655000102,F6550001,stage_instantaneous,H,hydroportail,200,0,557,01/06/2026-08/06/2026 then 01/06/2023-08/06/2023,,2026-09-09T08:02:04.869312Z
F655000102,F6550001,discharge_instantaneous,Q,hydroportail,200,0,557,01/06/2026-08/06/2026 then 01/06/2023-08/06/2023,,2026-09-09T08:02:09.646006Z
F658000401,F6580004,discharge_instantaneous,Q,hydroportail,500,,,01/06/2026-08/06/2026 then 01/06/2023-08/06/2023,,2026-09-09T08:02:11.184283Z
F662000101,F6620001,discharge_instantaneous,Q,hydroportail,500,,,01/06/2026-08/06/2026 then 01/06/2023-08/06/2023,,2026-09-09T08:02:13.014055Z
F664000107,F6640001,stage_instantaneous,H,hydroportail,200,0,0,01/06/2026-08/06/2026 then 01/06/2023-08/06/2023,,2026-09-09T08:02:17.116838Z
F664000107,F6640001,discharge_instantaneous,Q,hydroportail,200,0,0,01/06/2026-08/06/2026 then 01/06/2023-08/06/2023,,2026-09-09T08:02:24.740239Z
F664000108,F6640001,stage_instantaneous,H,hydroportail,200,0,0,01/06/2026-08/06/2026 then 01/06/2023-08/06/2023,,2026-09-09T08:02:30.271881Z
F664000108,F6640001,discharge_instantaneous,Q,hydroportail,200,0,0,01/06/2026-08/06/2026 then 01/06/2023-08/06/2023,,2026-09-09T08:03:21.817146Z
F664000301,F6640003,discharge_instantaneous,Q,hydroportail,200,0,0,01/06/2026-08/06/2026 then 01/06/2023-08/06/2023,,2026-09-09T08:03:25.576307Z
F664000401,F6640004,discharge_instantaneous,Q,hydroportail,200,0,0,01/06/2026-08/06/2026 then 01/06/2023-08/06/2023,,2026-09-09T08:03:30.305536Z
F664000402,F6640004,discharge_instantaneous,Q,hydroportail,200,0,0,01/06/2026-08/06/2026 then 01/06/2023-08/06/2023,,2026-09-09T08:03:34.992884Z
F664000501,F6640005,stage_instantaneous,H,hydroportail,200,0,0,01/06/2026-08/06/2026 then 01/06/2023-08/06/2023,,2026-09-09T08:03:38.670807Z
F664000501,F6640005,discharge_instantaneous,Q,hydroportail,200,0,0,01/06/2026-08/06/2026 then 01/06/2023-08/06/2023,,2026-09-09T08:03:41.653376Z
F664000601,F6640006,discharge_instantaneous,Q,hydroportail,200,0,0,01/06/2026-08/06/2026 then 01/06/2023-08/06/2023,,2026-09-09T08:03:45.505561Z
F664000602,F6640006,discharge_instantaneous,Q,hydroportail,200,0,0,01/06/2026-08/06/2026 then 01/06/2023-08/06/2023,,2026-09-09T08:03:49.463562Z
F664000603,F6640006,stage_instantaneous,H,hydroportail,200,0,0,01/06/2026-08/06/2026 then 01/06/2023-08/06/2023,,2026-09-09T08:03:53.587892Z
F664000603,F6640006,discharge_instantaneous,Q,hydroportail,200,0,0,01/06/2026-08/06/2026 then 01/06/2023-08/06/2023,,2026-09-09T08:03:57.704861Z
F700000102,F7000001,discharge_instantaneous,Q,hydroportail,200,0,0,01/06/2026-08/06/2026 then 01/06/2023-08/06/2023,,2026-09-09T08:04:01.383702Z
F700000112,F7000001,discharge_instantaneous,Q,hydroportail,200,0,0,01/06/2026-08/06/2026 then 01/06/2023-08/06/2023,,2026-09-09T08:04:06.661196Z
F704000101,F7040001,discharge_instantaneous,Q,hydroportail,500,,,01/06/2026-08/06/2026 then 01/06/2023-08/06/2023,,2026-09-09T08:04:07.965019Z
F704000102,F7040001,stage_instantaneous,H,hydroportail,200,0,0,01/06/2026-08/06/2026 then 01/06/2023-08/06/2023,,2026-09-09T08:04:12.214468Z
F704000102,F7040001,discharge_instantaneous,Q,hydroportail,200,0,0,01/06/2026-08/06/2026 then 01/06/2023-08/06/2023,,2026-09-09T08:04:16.813471Z
F704000103,F7040001,stage_instantaneous,H,hydroportail,200,0,0,01/06/2026-08/06/2026 then 01/06/2023-08/06/2023,,2026-09-09T08:04:20.915291Z
F704000103,F7040001,discharge_instantaneous,Q,hydroportail,200,0,0,01/06/2026-08/06/2026 then 01/06/2023-08/06/2023,,2026-09-09T08:04:24.898434Z
F712000102,F7120001,discharge_instantaneous,Q,hydroportail,500,,,01/06/2026-08/06/2026 then 01/06/2023-08/06/2023,,2026-09-09T08:04:26.276600Z
G400022101,G4000221,stage_instantaneous,H,hydroportail,200,0,0,01/06/2026-08/06/2026 then 01/06/2023-08/06/2023,,2026-09-09T08:04:28.321903Z
G400022101,G4000221,discharge_instantaneous,Q,hydroportail,200,0,0,01/06/2026-08/06/2026 then 01/06/2023-08/06/2023,,2026-09-09T08:04:31.167315Z
G410000501,G4100005,discharge_instantaneous,Q,hydroportail,200,763,,01/06/2026-08/06/2026 then 01/06/2023-08/06/2023,,2026-09-09T08:04:32.868622Z
G510061201,G5100612,stage_instantaneous,H,hydroportail,500,,,01/06/2026-08/06/2026 then 01/06/2023-08/06/2023,,2026-09-09T08:04:34.062442Z
G510061301,G5100613,stage_instantaneous,H,hydroportail,200,0,0,01/06/2026-08/06/2026 then 01/06/2023-08/06/2023,,2026-09-09T08:04:36.071665Z
G510061301,G5100613,discharge_instantaneous,Q,hydroportail,200,0,0,01/06/2026-08/06/2026 then 01/06/2023-08/06/2023,,2026-09-09T08:04:39.007787Z
H000000201,H0000002,discharge_instantaneous,Q,hydroportail,200,0,0,01/06/2026-08/06/2026 then 01/06/2023-08/06/2023,,2026-09-09T08:04:42.045036Z
H000000301,H0000003,stage_instantaneous,H,hydroportail,200,0,0,01/06/2026-08/06/2026 then 01/06/2023-08/06/2023,,2026-09-09T08:04:45.008467Z
H000000301,H0000003,discharge_instantaneous,Q,hydroportail,200,0,0,01/06/2026-08/06/2026 then 01/06/2023-08/06/2023,,2026-09-09T08:04:49.270964Z
H001000301,H0010003,stage_instantaneous,H,hydroportail,200,0,0,01/06/2026-08/06/2026 then 01/06/2023-08/06/2023,,2026-09-09T08:04:53.205845Z
H001000301,H0010003,discharge_instantaneous,Q,hydroportail,200,0,0,01/06/2026-08/06/2026 then 01/06/2023-08/06/2023,,2026-09-09T08:04:57.015286Z
H001000401,H0010004,stage_instantaneous,H,hydroportail,200,0,0,01/06/2026-08/06/2026 then 01/06/2023-08/06/2023,,2026-09-09T08:05:00.043757Z
