station_id,snapshot_presence,snapshot_discharge_state,graph_discharge_status,graph_stage_status,window_start,window_end,comparison
1,present,null,empty_in_tested_window,available,2026-06-08,2026-09-06,agree_snapshot_null_graph_empty
3,present,null,empty_in_tested_window,available,2026-06-08,2026-09-06,agree_snapshot_null_graph_empty
4,present,null,empty_in_tested_window,available,2026-06-08,2026-09-06,agree_snapshot_null_graph_empty
5,present,null,empty_in_tested_window,available,2026-06-08,2026-09-06,agree_snapshot_null_graph_empty
8,present,null,empty_in_tested_window,available,2026-06-08,2026-09-06,agree_snapshot_null_graph_empty
10,present,null,empty_in_tested_window,available,2026-06-08,2026-09-06,agree_snapshot_null_graph_empty
11,present,null,empty_in_tested_window,available,2026-06-08,2026-09-06,agree_snapshot_null_graph_empty
14,absent,absent,empty_in_tested_window,available,2026-06-08,2026-09-06,absent_graph_empty
21,present,null,empty_in_tested_window,available,2026-06-08,2026-09-06,agree_snapshot_null_graph_empty
24,present,null,empty_in_tested_window,available,2026-06-08,2026-09-06,agree_snapshot_null_graph_empty
26,present,null,empty_in_tested_window,available,2026-06-08,2026-09-06,agree_snapshot_null_graph_empty
27,present,null,empty_in_tested_window,available,2026-06-08,2026-09-06,agree_snapshot_null_graph_empty
29,present,null,empty_in_tested_window,available,2026-06-08,2026-09-06,agree_snapshot_null_graph_empty
36,present,null,empty_in_tested_window,available,2026-06-08,2026-09-06,agree_snapshot_null_graph_empty
37,present,null,empty_in_tested_window,available,2026-06-08,2026-09-06,agree_snapshot_null_graph_empty
39,present,null,empty_in_tested_window,available,2026-06-08,2026-09-06,agree_snapshot_null_graph_empty
40,present,null,empty_in_tested_window,available,2026-06-08,2026-09-06,agree_snapshot_null_graph_empty
44,present,null,empty_in_tested_window,available,2026-06-08,2026-09-06,agree_snapshot_null_graph_empty
47,present,null,empty_in_tested_window,available,2026-06-08,2026-09-06,agree_snapshot_null_graph_empty
48,present,null,empty_in_tested_window,available,2026-06-08,2026-09-06,agree_snapshot_null_graph_empty
49,present,null,empty_in_tested_window,available,2026-06-08,2026-09-06,agree_snapshot_null_graph_empty
50,present,null,empty_in_tested_window,available,2026-06-08,2026-09-06,agree_snapshot_null_graph_empty
54,present,null,empty_in_tested_window,available,2026-06-08,2026-09-06,agree_snapshot_null_graph_empty
57,present,null,empty_in_tested_window,available,2026-06-08,2026-09-06,agree_snapshot_null_graph_empty
58,present,null,empty_in_tested_window,available,2026-06-08,2026-09-06,agree_snapshot_null_graph_empty
61,present,null,empty_in_tested_window,available,2026-06-08,2026-09-06,agree_snapshot_null_graph_empty
68,present,null,empty_in_tested_window,available,2026-06-08,2026-09-06,agree_snapshot_null_graph_empty
71,present,null,empty_in_tested_window,available,2026-06-08,2026-09-06,agree_snapshot_null_graph_empty
79,present,null,empty_in_tested_window,available,2026-06-08,2026-09-06,agree_snapshot_null_graph_empty
80,present,null,empty_in_tested_window,available,2026-06-08,2026-09-06,agree_snapshot_null_graph_empty
83,present,null,empty_in_tested_window,available,2026-06-08,2026-09-06,agree_snapshot_null_graph_empty
89,present,null,empty_in_tested_window,available,2026-06-08,2026-09-06,agree_snapshot_null_graph_empty
115,present,null,empty_in_tested_window,available,2026-06-08,2026-09-06,agree_snapshot_null_graph_empty
118,present,null,empty_in_tested_window,available,2026-06-08,2026-09-06,agree_snapshot_null_graph_empty
120,present,null,empty_in_tested_window,available,2026-06-08,2026-09-06,agree_snapshot_null_graph_empty
128,present,null,empty_in_tested_window,available,2026-06-08,2026-09-06,agree_snapshot_null_graph_empty
131,present,null,empty_in_tested_window,available,2026-06-08,2026-09-06,agree_snapshot_null_graph_empty
136,present,null,empty_in_tested_window,available,2026-06-08,2026-09-06,agree_snapshot_null_graph_empty
137,present,null,empty_in_tested_window,available,2026-06-08,2026-09-06,agree_snapshot_null_graph_empty
138,present,null,empty_in_tested_window,available,2026-06-08,2026-09-06,agree_snapshot_null_graph_empty
149,present,null,empty_in_tested_window,available,2026-06-08,2026-09-06,agree_snapshot_null_graph_empty
151,present,null,empty_in_tested_window,available,2026-06-08,2026-09-06,agree_snapshot_null_graph_empty
154,present,null,empty_in_tested_window,available,2026-06-08,2026-09-06,agree_snapshot_null_graph_empty
156,present,null,empty_in_tested_window,available,2026-06-08,2026-09-06,agree_snapshot_null_graph_empty
160,present,null,empty_in_tested_window,available,2026-06-08,2026-09-06,agree_snapshot_null_graph_empty
162,present,null,empty_in_tested_window,available,2026-06-08,2026-09-06,agree_snapshot_null_graph_empty
165,present,null,empty_in_tested_window,available,2026-06-08,2026-09-06,agree_snapshot_null_graph_empty
169,present,null,empty_in_tested_window,available,2026-06-08,2026-09-06,agree_snapshot_null_graph_empty
170,present,null,empty_in_tested_window,available,2026-06-08,2026-09-06,agree_snapshot_null_graph_empty
175,present,null,empty_in_tested_window,available,2026-06-08,2026-09-06,agree_snapshot_null_graph_empty
189,present,null,empty_in_tested_window,available,2026-06-08,2026-09-06,agree_snapshot_null_graph_empty
190,present,null,empty_in_tested_window,available,2026-06-08,2026-09-06,agree_snapshot_null_graph_empty
191,absent,absent,empty_in_tested_window,available,2026-06-08,2026-09-06,absent_graph_empty
192,present,null,empty_in_tested_window,available,2026-06-08,2026-09-06,agree_snapshot_null_graph_empty
200,present,null,empty_in_tested_window,available,2026-06-08,2026-09-06,agree_snapshot_null_graph_empty
218,present,null,empty_in_tested_window,available,2026-06-08,2026-09-06,agree_snapshot_null_graph_empty
228,present,null,empty_in_tested_window,available,2026-06-08,2026-09-06,agree_snapshot_null_graph_empty
236,present,null,empty_in_tested_window,available,2026-06-08,2026-09-06,agree_snapshot_null_graph_empty
238,present,null,empty_in_tested_window,available,2026-06-08,2026-09-06,agree_snapshot_null_graph_empty
245,present,null,empty_in_tested_window,available,2026-06-08,2026-09-06,agree_snapshot_null_graph_empty
255,present,null,empty_in_tested_window,available,2026-06-08,2026-09-06,agree_snapshot_null_graph_empty
262,present,null,empty_in_tested_window,available,2026-06-08,2026-09-06,agree_snapshot_null_graph_empty
269,present,null,empty_in_tested_window,available,2026-06-08,2026-09-06,agree_snapshot_null_graph_empty
281,present,null,empty_in_tested_window,available,2026-06-08,2026-09-06,agree_snapshot_null_graph_empty
296,present,null,empty_in_tested_window,available,2026-06-08,2026-09-06,agree_snapshot_null_graph_empty
298,present,null,empty_in_tested_window,available,2026-06-08,2026-09-06,agree_snapshot_null_graph_empty
315,present,null,empty_in_tested_window,available,2026-06-08,2026-09-06,agree_snapshot_null_graph_empty
319,present,null,empty_in_tested_window,available,2026-06-08,2026-09-06,agree_snapshot_null_graph_empty
330,present,null,empty_in_tested_window,available,2026-06-08,2026-09-06,agree_snapshot_null_graph_empty
333,present,null,empty_in_tested_window,available,2026-06-08,2026-09-06,agree_snapshot_null_graph_empty
335,present,null,empty_in_tested_window,available,2026-06-08,2026-09-06,agree_snapshot_null_graph_empty
342,present,null,empty_in_tested_window,available,2026-06-08,2026-09-06,agree_snapshot_null_graph_empty
348,present,null,empty_in_tested_window,available,2026-06-08,2026-09-06,agree_snapshot_null_graph_empty
358,present,null,empty_in_tested_window,available,2026-06-08,2026-09-06,agree_snapshot_null_graph_empty
380,present,null,empty_in_tested_window,available,2026-06-08,2026-09-06,agree_snapshot_null_graph_empty
393,absent,absent,empty_in_tested_window,available,2026-06-08,2026-09-06,absent_graph_empty
395,present,null,empty_in_tested_window,available,2026-06-08,2026-09-06,agree_snapshot_null_graph_empty
396,present,null,empty_in_tested_window,available,2026-06-08,2026-09-06,agree_snapshot_null_graph_empty
405,present,null,empty_in_tested_window,available,2026-06-08,2026-09-06,agree_snapshot_null_graph_empty
414,present,null,empty_in_tested_window,available,2026-06-08,2026-09-06,agree_snapshot_null_graph_empty
418,present,null,empty_in_tested_window,available,2026-06-08,2026-09-06,agree_snapshot_null_graph_empty
422,present,null,empty_in_tested_window,available,2026-06-08,2026-09-06,agree_snapshot_null_graph_empty
424,present,null,empty_in_tested_window,available,2026-06-08,2026-09-06,agree_snapshot_null_graph_empty
427,present,null,empty_in_tested_window,available,2026-06-08,2026-09-06,agree_snapshot_null_graph_empty
430,present,null,empty_in_tested_window,available,2026-06-08,2026-09-06,agree_snapshot_null_graph_empty
434,present,null,empty_in_tested_window,available,2026-06-08,2026-09-06,agree_snapshot_null_graph_empty
454,present,null,empty_in_tested_window,available,2026-06-08,2026-09-06,agree_snapshot_null_graph_empty
463,present,null,empty_in_tested_window,available,2026-06-08,2026-09-06,agree_snapshot_null_graph_empty
464,present,null,empty_in_tested_window,available,2026-06-08,2026-09-06,agree_snapshot_null_graph_empty
472,present,null,empty_in_tested_window,available,2026-06-08,2026-09-06,agree_snapshot_null_graph_empty
475,present,null,empty_in_tested_window,available,2026-06-08,2026-09-06,agree_snapshot_null_graph_empty
478,present,null,empty_in_tested_window,available,2026-06-08,2026-09-06,agree_snapshot_null_graph_empty
482,present,null,empty_in_tested_window,available,2026-06-08,2026-09-06,agree_snapshot_null_graph_empty
483,present,null,empty_in_tested_window,available,2026-06-08,2026-09-06,agree_snapshot_null_graph_empty
489,present,null,empty_in_tested_window,available,2026-06-08,2026-09-06,agree_snapshot_null_graph_empty
493,present,null,empty_in_tested_window,available,2026-06-08,2026-09-06,agree_snapshot_null_graph_empty
499,present,null,empty_in_tested_window,available,2026-06-08,2026-09-06,agree_snapshot_null_graph_empty
510,present,null,empty_in_tested_window,available,2026-06-08,2026-09-06,agree_snapshot_null_graph_empty
512,present,null,empty_in_tested_window,available,2026-06-08,2026-09-06,agree_snapshot_null_graph_empty
522,present,null,empty_in_tested_window,available,2026-06-08,2026-09-06,agree_snapshot_null_graph_empty
523,present,null,empty_in_tested_window,available,2026-06-08,2026-09-06,agree_snapshot_null_graph_empty
526,present,null,empty_in_tested_window,available,2026-06-08,2026-09-06,agree_snapshot_null_graph_empty
537,present,null,empty_in_tested_window,available,2026-06-08,2026-09-06,agree_snapshot_null_graph_empty
542,present,null,empty_in_tested_window,available,2026-06-08,2026-09-06,agree_snapshot_null_graph_empty
545,present,null,empty_in_tested_window,available,2026-06-08,2026-09-06,agree_snapshot_null_graph_empty
547,present,null,empty_in_tested_window,available,2026-06-08,2026-09-06,agree_snapshot_null_graph_empty
550,present,null,empty_in_tested_window,available,2026-06-08,2026-09-06,agree_snapshot_null_graph_empty
560,present,null,empty_in_tested_window,available,2026-06-08,2026-09-06,agree_snapshot_null_graph_empty
568,present,null,empty_in_tested_window,available,2026-06-08,2026-09-06,agree_snapshot_null_graph_empty
573,present,null,empty_in_tested_window,available,2026-06-08,2026-09-06,agree_snapshot_null_graph_empty
577,present,null,empty_in_tested_window,available,2026-06-08,2026-09-06,agree_snapshot_null_graph_empty
584,present,null,empty_in_tested_window,available,2026-06-08,2026-09-06,agree_snapshot_null_graph_empty
587,present,null,empty_in_tested_window,available,2026-06-08,2026-09-06,agree_snapshot_null_graph_empty
592,present,null,empty_in_tested_window,available,2026-06-08,2026-09-06,agree_snapshot_null_graph_empty
595,present,null,empty_in_tested_window,available,2026-06-08,2026-09-06,agree_snapshot_null_graph_empty
609,present,null,empty_in_tested_window,available,2026-06-08,2026-09-06,agree_snapshot_null_graph_empty
610,present,null,empty_in_tested_window,available,2026-06-08,2026-09-06,agree_snapshot_null_graph_empty
611,present,null,empty_in_tested_window,available,2026-06-08,2026-09-06,agree_snapshot_null_graph_empty
616,present,null,empty_in_tested_window,available,2026-06-08,2026-09-06,agree_snapshot_null_graph_empty
618,present,null,empty_in_tested_window,available,2026-06-08,2026-09-06,agree_snapshot_null_graph_empty
619,present,null,empty_in_tested_window,available,2026-06-08,2026-09-06,agree_snapshot_null_graph_empty
628,present,null,empty_in_tested_window,available,2026-06-08,2026-09-06,agree_snapshot_null_graph_empty
630,present,null,empty_in_tested_window,available,2026-06-08,2026-09-06,agree_snapshot_null_graph_empty
638,present,null,empty_in_tested_window,available,2026-06-08,2026-09-06,agree_snapshot_null_graph_empty
640,present,null,empty_in_tested_window,available,2026-06-08,2026-09-06,agree_snapshot_null_graph_empty
645,present,null,empty_in_tested_window,available,2026-06-08,2026-09-06,agree_snapshot_null_graph_empty
647,present,null,empty_in_tested_window,available,2026-06-08,2026-09-06,agree_snapshot_null_graph_empty
653,present,null,empty_in_tested_window,available,2026-06-08,2026-09-06,agree_snapshot_null_graph_empty
657,present,null,empty_in_tested_window,available,2026-06-08,2026-09-06,agree_snapshot_null_graph_empty
658,present,null,empty_in_tested_window,available,2026-06-08,2026-09-06,agree_snapshot_null_graph_empty
661,present,null,empty_in_tested_window,available,2026-06-08,2026-09-06,agree_snapshot_null_graph_empty
664,present,null,empty_in_tested_window,available,2026-06-08,2026-09-06,agree_snapshot_null_graph_empty
665,present,null,empty_in_tested_window,available,2026-06-08,2026-09-06,agree_snapshot_null_graph_empty
667,present,null,empty_in_tested_window,available,2026-06-08,2026-09-06,agree_snapshot_null_graph_empty
668,present,null,empty_in_tested_window,available,2026-06-08,2026-09-06,agree_snapshot_null_graph_empty
671,present,null,empty_in_tested_window,available,2026-06-08,2026-09-06,agree_snapshot_null_graph_empty
675,present,null,empty_in_tested_window,available,2026-06-08,2026-09-06,agree_snapshot_null_graph_empty
676,present,null,empty_in_tested_window,available,2026-06-08,2026-09-06,agree_snapshot_null_graph_empty
680,present,null,empty_in_tested_window,available,2026-06-08,2026-09-06,agree_snapshot_null_graph_empty
683,present,null,empty_in_tested_window,available,2026-06-08,2026-09-06,agree_snapshot_null_graph_empty
691,present,null,empty_in_tested_window,available,2026-06-08,2026-09-06,agree_snapshot_null_graph_empty
693,present,null,empty_in_tested_window,available,2026-06-08,2026-09-06,agree_snapshot_null_graph_empty
700,present,null,empty_in_tested_window,available,2026-06-08,2026-09-06,agree_snapshot_null_graph_empty
706,present,null,empty_in_tested_window,available,2026-06-08,2026-09-06,agree_snapshot_null_graph_empty
709,present,null,empty_in_tested_window,available,2026-06-08,2026-09-06,agree_snapshot_null_graph_empty
710,present,null,empty_in_tested_window,available,2026-06-08,2026-09-06,agree_snapshot_null_graph_empty
714,present,null,empty_in_tested_window,available,2026-06-08,2026-09-06,agree_snapshot_null_graph_empty
717,present,null,empty_in_tested_window,available,2026-06-08,2026-09-06,agree_snapshot_null_graph_empty
731,present,null,empty_in_tested_window,available,2026-06-08,2026-09-06,agree_snapshot_null_graph_empty
734,present,null,empty_in_tested_window,available,2026-06-08,2026-09-06,agree_snapshot_null_graph_empty
736,present,null,empty_in_tested_window,available,2026-06-08,2026-09-06,agree_snapshot_null_graph_empty
737,present,null,empty_in_tested_window,available,2026-06-08,2026-09-06,agree_snapshot_null_graph_empty
738,present,null,empty_in_tested_window,available,2026-06-08,2026-09-06,agree_snapshot_null_graph_empty
745,present,null,empty_in_tested_window,available,2026-06-08,2026-09-06,agree_snapshot_null_graph_empty
747,present,null,empty_in_tested_window,available,2026-06-08,2026-09-06,agree_snapshot_null_graph_empty
748,present,null,empty_in_tested_window,available,2026-06-08,2026-09-06,agree_snapshot_null_graph_empty
749,present,null,empty_in_tested_window,available,2026-06-08,2026-09-06,agree_snapshot_null_graph_empty
750,present,null,empty_in_tested_window,available,2026-06-08,2026-09-06,agree_snapshot_null_graph_empty
751,present,null,empty_in_tested_window,available,2026-06-08,2026-09-06,agree_snapshot_null_graph_empty
754,present,null,empty_in_tested_window,available,2026-06-08,2026-09-06,agree_snapshot_null_graph_empty
755,present,null,empty_in_tested_window,available,2026-06-08,2026-09-06,agree_snapshot_null_graph_empty
758,present,null,empty_in_tested_window,available,2026-06-08,2026-09-06,agree_snapshot_null_graph_empty
770,present,null,empty_in_tested_window,available,2026-06-08,2026-09-06,agree_snapshot_null_graph_empty
772,present,null,empty_in_tested_window,available,2026-06-08,2026-09-06,agree_snapshot_null_graph_empty
784,present,null,empty_in_tested_window,available,2026-06-08,2026-09-06,agree_snapshot_null_graph_empty
792,present,null,empty_in_tested_window,available,2026-06-08,2026-09-06,agree_snapshot_null_graph_empty
794,present,null,empty_in_tested_window,available,2026-06-08,2026-09-06,agree_snapshot_null_graph_empty
795,present,null,empty_in_tested_window,available,2026-06-08,2026-09-06,agree_snapshot_null_graph_empty
802,present,null,empty_in_tested_window,available,2026-06-08,2026-09-06,agree_snapshot_null_graph_empty
804,present,null,empty_in_tested_window,available,2026-06-08,2026-09-06,agree_snapshot_null_graph_empty
812,present,null,empty_in_tested_window,available,2026-06-08,2026-09-06,agree_snapshot_null_graph_empty
823,present,null,empty_in_tested_window,available,2026-06-08,2026-09-06,agree_snapshot_null_graph_empty
824,present,null,empty_in_tested_window,available,2026-06-08,2026-09-06,agree_snapshot_null_graph_empty
825,present,null,empty_in_tested_window,available,2026-06-08,2026-09-06,agree_snapshot_null_graph_empty
826,present,null,empty_in_tested_window,available,2026-06-08,2026-09-06,agree_snapshot_null_graph_empty
828,present,null,empty_in_tested_window,available,2026-06-08,2026-09-06,agree_snapshot_null_graph_empty
829,present,null,empty_in_tested_window,available,2026-06-08,2026-09-06,agree_snapshot_null_graph_empty
835,present,null,empty_in_tested_window,available,2026-06-08,2026-09-06,agree_snapshot_null_graph_empty
841,present,null,empty_in_tested_window,available,2026-06-08,2026-09-06,agree_snapshot_null_graph_empty
845,present,null,empty_in_tested_window,available,2026-06-08,2026-09-06,agree_snapshot_null_graph_empty
846,present,null,empty_in_tested_window,available,2026-06-08,2026-09-06,agree_snapshot_null_graph_empty
849,present,null,empty_in_tested_window,available,2026-06-08,2026-09-06,agree_snapshot_null_graph_empty
850,present,null,empty_in_tested_window,available,2026-06-08,2026-09-06,agree_snapshot_null_graph_empty
855,present,null,empty_in_tested_window,available,2026-06-08,2026-09-06,agree_snapshot_null_graph_empty
858,present,null,empty_in_tested_window,available,2026-06-08,2026-09-06,agree_snapshot_null_graph_empty
859,present,null,empty_in_tested_window,available,2026-06-08,2026-09-06,agree_snapshot_null_graph_empty
860,present,null,empty_in_tested_window,available,2026-06-08,2026-09-06,agree_snapshot_null_graph_empty
861,present,null,empty_in_tested_window,available,2026-06-08,2026-09-06,agree_snapshot_null_graph_empty
865,present,null,empty_in_tested_window,available,2026-06-08,2026-09-06,agree_snapshot_null_graph_empty
869,present,null,empty_in_tested_window,available,2026-06-08,2026-09-06,agree_snapshot_null_graph_empty
870,present,null,empty_in_tested_window,available,2026-06-08,2026-09-06,agree_snapshot_null_graph_empty
901,present,null,empty_in_tested_window,available,2026-06-08,2026-09-06,agree_snapshot_null_graph_empty
905,present,null,empty_in_tested_window,available,2026-06-08,2026-09-06,agree_snapshot_null_graph_empty
922,present,null,empty_in_tested_window,available,2026-06-08,2026-09-06,agree_snapshot_null_graph_empty
2559,present,value,available,available,2026-08-31,2026-09-06,agree_snapshot_value_graph_available
2561,present,value,available,available,2026-08-31,2026-09-06,agree_snapshot_value_graph_available
2562,present,value,available,available,2026-08-31,2026-09-06,agree_snapshot_value_graph_available
2563,present,value,available,available,2026-08-31,2026-09-06,agree_snapshot_value_graph_available
2565,present,null,empty_in_tested_window,available,2026-06-08,2026-09-06,agree_snapshot_null_graph_empty
2567,present,null,empty_in_tested_window,available,2026-06-08,2026-09-06,agree_snapshot_null_graph_empty
2568,present,value,available,available,2026-08-31,2026-09-06,agree_snapshot_value_graph_available
2569,present,value,available,available,2026-08-31,2026-09-06,agree_snapshot_value_graph_available
2571,present,value,available,available,2026-08-31,2026-09-06,agree_snapshot_value_graph_available
2572,present,value,available,available,2026-08-31,2026-09-06,agree_snapshot_value_graph_available
2573,present,value,available,available,2026-08-31,2026-09-06,agree_snapshot_value_graph_available
2575,present,null,empty_in_tested_window,available,2026-06-08,2026-09-06,agree_snapshot_null_graph_empty
2576,present,value,available,available,2026-08-31,2026-09-06,agree_snapshot_value_graph_available
2578,present,value,available,available,2026-08-31,2026-09-06,agree_snapshot_value_graph_available
2579,present,value,available,available,2026-08-31,2026-09-06,agree_snapshot_value_graph_available
2580,present,value,available,available,2026-08-31,2026-09-06,agree_snapshot_value_graph_available
2581,present,value,available,available,2026-08-31,2026-09-06,agree_snapshot_value_graph_available
2582,present,value,available,available,2026-08-31,2026-09-06,agree_snapshot_value_graph_available
2583,present,value,available,available,2026-08-31,2026-09-06,agree_snapshot_value_graph_available
2584,present,value,available,available,2026-08-31,2026-09-06,agree_snapshot_value_graph_available
2585,present,value,available,available,2026-08-31,2026-09-06,agree_snapshot_value_graph_available
2587,present,null,empty_in_tested_window,available,2026-06-08,2026-09-06,agree_snapshot_null_graph_empty
2589,present,value,available,available,2026-08-31,2026-09-06,agree_snapshot_value_graph_available
2590,present,value,available,available,2026-08-31,2026-09-06,agree_snapshot_value_graph_available
2591,present,value,available,available,2026-08-31,2026-09-06,agree_snapshot_value_graph_available
2594,present,null,available,available,2026-08-31,2026-09-06,snapshot_null_graph_available
2596,present,null,empty_in_tested_window,available,2026-06-08,2026-09-06,agree_snapshot_null_graph_empty
2597,present,value,available,available,2026-08-31,2026-09-06,agree_snapshot_value_graph_available
2599,present,null,empty_in_tested_window,available,2026-06-08,2026-09-06,agree_snapshot_null_graph_empty
2607,present,null,empty_in_tested_window,available,2026-06-08,2026-09-06,agree_snapshot_null_graph_empty
2608,present,null,empty_in_tested_window,available,2026-06-08,2026-09-06,agree_snapshot_null_graph_empty
2609,present,null,empty_in_tested_window,available,2026-06-08,2026-09-06,agree_snapshot_null_graph_empty
2611,present,null,empty_in_tested_window,available,2026-06-08,2026-09-06,agree_snapshot_null_graph_empty
2618,present,value,available,available,2026-08-31,2026-09-06,agree_snapshot_value_graph_available
2620,present,value,available,available,2026-08-31,2026-09-06,agree_snapshot_value_graph_available
2621,present,value,available,available,2026-08-31,2026-09-06,agree_snapshot_value_graph_available
2623,present,null,empty_in_tested_window,available,2026-06-08,2026-09-06,agree_snapshot_null_graph_empty
2624,present,null,empty_in_tested_window,available,2026-06-08,2026-09-06,agree_snapshot_null_graph_empty
2626,present,null,available,available,2026-08-31,2026-09-06,snapshot_null_graph_available
2632,present,null,empty_in_tested_window,available,2026-06-08,2026-09-06,agree_snapshot_null_graph_empty
2634,present,value,available,available,2026-08-31,2026-09-06,agree_snapshot_value_graph_available
2635,present,null,empty_in_tested_window,available,2026-06-08,2026-09-06,agree_snapshot_null_graph_empty
2636,present,value,available,available,2026-08-31,2026-09-06,agree_snapshot_value_graph_available
2638,present,value,available,available,2026-08-31,2026-09-06,agree_snapshot_value_graph_available
2639,present,value,available,available,2026-08-31,2026-09-06,agree_snapshot_value_graph_available
2641,present,value,available,available,2026-08-31,2026-09-06,agree_snapshot_value_graph_available
2643,present,value,available,available,2026-08-31,2026-09-06,agree_snapshot_value_graph_available
2644,present,null,available,available,2026-08-31,2026-09-06,snapshot_null_graph_available
2645,present,value,available,available,2026-08-31,2026-09-06,agree_snapshot_value_graph_available
2647,present,null,empty_in_tested_window,available,2026-06-08,2026-09-06,agree_snapshot_null_graph_empty
2648,present,value,available,available,2026-08-31,2026-09-06,agree_snapshot_value_graph_available
2650,present,value,available,available,2026-08-31,2026-09-06,agree_snapshot_value_graph_available
2651,present,value,available,available,2026-08-31,2026-09-06,agree_snapshot_value_graph_available
2654,present,null,empty_in_tested_window,available,2026-06-08,2026-09-06,agree_snapshot_null_graph_empty
2655,present,value,available,available,2026-08-31,2026-09-06,agree_snapshot_value_graph_available
2656,absent,absent,available,available,2026-08-31,2026-09-06,absent_graph_available
2658,present,value,available,available,2026-08-31,2026-09-06,agree_snapshot_value_graph_available
2659,present,null,available,available,2026-08-31,2026-09-06,snapshot_null_graph_available
2661,present,null,empty_in_tested_window,available,2026-06-08,2026-09-06,agree_snapshot_null_graph_empty
2662,present,null,empty_in_tested_window,available,2026-06-08,2026-09-06,agree_snapshot_null_graph_empty
2663,present,value,available,available,2026-08-31,2026-09-06,agree_snapshot_value_graph_available
2664,present,value,available,available,2026-08-31,2026-09-06,agree_snapshot_value_graph_available
2665,present,value,available,available,2026-08-31,2026-09-06,agree_snapshot_value_graph_available
2666,present,null,empty_in_tested_window,available,2026-06-08,2026-09-06,agree_snapshot_null_graph_empty
2668,present,null,empty_in_tested_window,available,2026-06-08,2026-09-06,agree_snapshot_null_graph_empty
2669,present,value,available,available,2026-08-31,2026-09-06,agree_snapshot_value_graph_available
2671,present,value,available,available,2026-08-31,2026-09-06,agree_snapshot_value_graph_available
2672,present,value,available,available,2026-08-31,2026-09-06,agree_snapshot_value_graph_available
2675,present,value,available,available,2026-08-31,2026-09-06,agree_snapshot_value_graph_available
2676,present,null,empty_in_tested_window,available,2026-06-08,2026-09-06,agree_snapshot_null_graph_empty
2677,present,value,available,available,2026-08-31,2026-09-06,agree_snapshot_value_graph_available
2679,present,value,available,available,2026-08-31,2026-09-06,agree_snapshot_value_graph_available
2680,present,value,available,available,2026-08-31,2026-09-06,agree_snapshot_value_graph_available
2682,present,value,available,available,2026-08-31,2026-09-06,agree_snapshot_value_graph_available
2683,present,null,empty_in_tested_window,available,2026-06-08,2026-09-06,agree_snapshot_null_graph_empty
2686,present,null,available,available,2026-06-08,2026-09-06,snapshot_null_graph_available
2687,present,value,available,available,2026-08-31,2026-09-06,agree_snapshot_value_graph_available
2688,present,value,available,available,2026-08-31,2026-09-06,agree_snapshot_value_graph_available
2689,present,null,available,available,2026-08-31,2026-09-06,snapshot_null_graph_available
2694,present,null,empty_in_tested_window,available,2026-06-08,2026-09-06,agree_snapshot_null_graph_empty
2695,present,value,available,available,2026-08-31,2026-09-06,agree_snapshot_value_graph_available
2698,present,value,available,available,2026-08-31,2026-09-06,agree_snapshot_value_graph_available
2700,present,value,available,available,2026-08-31,2026-09-06,agree_snapshot_value_graph_available
2707,present,value,available,available,2026-08-31,2026-09-06,agree_snapshot_value_graph_available
2712,present,value,available,available,2026-08-31,2026-09-06,agree_snapshot_value_graph_available
2713,present,value,available,available,2026-08-31,2026-09-06,agree_snapshot_value_graph_available
2714,present,value,available,available,2026-08-31,2026-09-06,agree_snapshot_value_graph_available
2723,present,null,available,available,2026-08-31,2026-09-06,snapshot_null_graph_available
2725,present,value,available,available,2026-08-31,2026-09-06,agree_snapshot_value_graph_available
2726,present,value,available,available,2026-08-31,2026-09-06,agree_snapshot_value_graph_available
2729,present,value,available,available,2026-08-31,2026-09-06,agree_snapshot_value_graph_available
2731,present,null,empty_in_tested_window,available,2026-06-08,2026-09-06,agree_snapshot_null_graph_empty
2737,present,null,empty_in_tested_window,available,2026-06-08,2026-09-06,agree_snapshot_null_graph_empty
2739,present,value,available,available,2026-08-31,2026-09-06,agree_snapshot_value_graph_available
2740,present,value,available,available,2026-08-31,2026-09-06,agree_snapshot_value_graph_available
2744,present,value,available,available,2026-08-31,2026-09-06,agree_snapshot_value_graph_available
2750,present,value,available,available,2026-08-31,2026-09-06,agree_snapshot_value_graph_available
2752,present,value,available,available,2026-08-31,2026-09-06,agree_snapshot_value_graph_available
2755,present,value,available,available,2026-08-31,2026-09-06,agree_snapshot_value_graph_available
2760,present,value,available,available,2026-08-31,2026-09-06,agree_snapshot_value_graph_available
2763,present,value,available,available,2026-08-31,2026-09-06,agree_snapshot_value_graph_available
2764,present,value,available,available,2026-08-31,2026-09-06,agree_snapshot_value_graph_available
2770,present,null,empty_in_tested_window,available,2026-06-08,2026-09-06,agree_snapshot_null_graph_empty
2773,present,value,available,available,2026-08-31,2026-09-06,agree_snapshot_value_graph_available
2777,present,null,empty_in_tested_window,available,2026-06-08,2026-09-06,agree_snapshot_null_graph_empty
2780,present,value,available,available,2026-08-31,2026-09-06,agree_snapshot_value_graph_available
2781,present,null,empty_in_tested_window,available,2026-06-08,2026-09-06,agree_snapshot_null_graph_empty
2782,present,value,available,available,2026-08-31,2026-09-06,agree_snapshot_value_graph_available
2795,present,value,available,available,2026-08-31,2026-09-06,agree_snapshot_value_graph_available
2797,present,value,available,available,2026-08-31,2026-09-06,agree_snapshot_value_graph_available
2799,present,value,available,available,2026-08-31,2026-09-06,agree_snapshot_value_graph_available
2808,present,value,available,available,2026-08-31,2026-09-06,agree_snapshot_value_graph_available
2809,present,value,available,available,2026-08-31,2026-09-06,agree_snapshot_value_graph_available
2811,present,null,empty_in_tested_window,available,2026-06-08,2026-09-06,agree_snapshot_null_graph_empty
2814,present,value,available,available,2026-08-31,2026-09-06,agree_snapshot_value_graph_available
2820,present,value,available,available,2026-08-31,2026-09-06,agree_snapshot_value_graph_available
2821,present,value,available,available,2026-08-31,2026-09-06,agree_snapshot_value_graph_available
2828,present,value,available,available,2026-08-31,2026-09-06,agree_snapshot_value_graph_available
2830,present,null,empty_in_tested_window,available,2026-06-08,2026-09-06,agree_snapshot_null_graph_empty
2832,present,value,available,available,2026-08-31,2026-09-06,agree_snapshot_value_graph_available
2836,present,value,available,available,2026-08-31,2026-09-06,agree_snapshot_value_graph_available
2845,present,value,available,available,2026-08-31,2026-09-06,agree_snapshot_value_graph_available
2847,present,value,available,available,2026-08-31,2026-09-06,agree_snapshot_value_graph_available
2851,present,null,available,available,2026-06-08,2026-09-06,snapshot_null_graph_available
2852,present,value,available,available,2026-08-31,2026-09-06,agree_snapshot_value_graph_available
2855,present,value,available,available,2026-08-31,2026-09-06,agree_snapshot_value_graph_available
2857,present,value,available,available,2026-08-31,2026-09-06,agree_snapshot_value_graph_available
2860,present,value,available,available,2026-08-31,2026-09-06,agree_snapshot_value_graph_available
2863,present,value,available,available,2026-08-31,2026-09-06,agree_snapshot_value_graph_available
2867,present,value,available,available,2026-08-31,2026-09-06,agree_snapshot_value_graph_available
2869,present,value,available,available,2026-08-31,2026-09-06,agree_snapshot_value_graph_available
2872,present,value,available,available,2026-08-31,2026-09-06,agree_snapshot_value_graph_available
2874,present,value,available,available,2026-08-31,2026-09-06,agree_snapshot_value_graph_available
2875,present,value,available,available,2026-08-31,2026-09-06,agree_snapshot_value_graph_available
2881,present,value,available,available,2026-08-31,2026-09-06,agree_snapshot_value_graph_available
2888,present,value,available,available,2026-08-31,2026-09-06,agree_snapshot_value_graph_available
2895,present,value,available,available,2026-08-31,2026-09-06,agree_snapshot_value_graph_available
2900,present,null,available,available,2026-08-31,2026-09-06,snapshot_null_graph_available
2905,present,value,available,available,2026-08-31,2026-09-06,agree_snapshot_value_graph_available
2906,present,null,empty_in_tested_window,available,2026-06-08,2026-09-06,agree_snapshot_null_graph_empty
2914,present,value,available,available,2026-08-31,2026-09-06,agree_snapshot_value_graph_available
2915,present,value,available,available,2026-08-31,2026-09-06,agree_snapshot_value_graph_available
2918,present,value,available,available,2026-08-31,2026-09-06,agree_snapshot_value_graph_available
2920,present,value,available,available,2026-08-31,2026-09-06,agree_snapshot_value_graph_available
2924,present,value,available,available,2026-08-31,2026-09-06,agree_snapshot_value_graph_available
2925,present,value,available,available,2026-08-31,2026-09-06,agree_snapshot_value_graph_available
2941,present,null,available,available,2026-08-31,2026-09-06,snapshot_null_graph_available
2948,present,value,available,available,2026-08-31,2026-09-06,agree_snapshot_value_graph_available
2953,present,value,available,available,2026-08-31,2026-09-06,agree_snapshot_value_graph_available
2957,present,value,available,available,2026-08-31,2026-09-06,agree_snapshot_value_graph_available
2963,present,value,available,available,2026-08-31,2026-09-06,agree_snapshot_value_graph_available
2964,present,value,available,available,2026-08-31,2026-09-06,agree_snapshot_value_graph_available
2972,present,null,empty_in_tested_window,available,2026-06-08,2026-09-06,agree_snapshot_null_graph_empty
2975,present,value,available,available,2026-08-31,2026-09-06,agree_snapshot_value_graph_available
2976,present,value,available,available,2026-08-31,2026-09-06,agree_snapshot_value_graph_available
2985,present,value,available,available,2026-08-31,2026-09-06,agree_snapshot_value_graph_available
2986,present,value,available,available,2026-08-31,2026-09-06,agree_snapshot_value_graph_available
2993,present,value,available,available,2026-08-31,2026-09-06,agree_snapshot_value_graph_available
3000,present,value,available,available,2026-08-31,2026-09-06,agree_snapshot_value_graph_available
3002,present,value,available,available,2026-08-31,2026-09-06,agree_snapshot_value_graph_available
3003,present,value,available,available,2026-08-31,2026-09-06,agree_snapshot_value_graph_available
3014,present,value,available,available,2026-08-31,2026-09-06,agree_snapshot_value_graph_available
3017,present,value,available,available,2026-08-31,2026-09-06,agree_snapshot_value_graph_available
3018,present,value,available,available,2026-08-31,2026-09-06,agree_snapshot_value_graph_available
3025,present,value,available,available,2026-08-31,2026-09-06,agree_snapshot_value_graph_available
3029,present,value,available,available,2026-08-31,2026-09-06,agree_snapshot_value_graph_available
3032,present,value,available,available,2026-08-31,2026-09-06,agree_snapshot_value_graph_available
3041,present,value,available,available,2026-08-31,2026-09-06,agree_snapshot_value_graph_available
3044,present,value,available,available,2026-08-31,2026-09-06,agree_snapshot_value_graph_available
3047,present,value,available,available,2026-08-31,2026-09-06,agree_snapshot_value_graph_available
3049,present,value,available,available,2026-08-31,2026-09-06,agree_snapshot_value_graph_available
3059,present,value,available,available,2026-08-31,2026-09-06,agree_snapshot_value_graph_available
3065,present,value,available,available,2026-08-31,2026-09-06,agree_snapshot_value_graph_available
3076,present,value,available,available,2026-08-31,2026-09-06,agree_snapshot_value_graph_available
3082,present,value,available,available,2026-08-31,2026-09-06,agree_snapshot_value_graph_available
3085,present,value,available,available,2026-08-31,2026-09-06,agree_snapshot_value_graph_available
3095,present,value,available,available,2026-08-31,2026-09-06,agree_snapshot_value_graph_available
3102,present,value,available,available,2026-08-31,2026-09-06,agree_snapshot_value_graph_available
3107,present,value,available,available,2026-08-31,2026-09-06,agree_snapshot_value_graph_available
3112,present,value,available,available,2026-08-31,2026-09-06,agree_snapshot_value_graph_available
3113,present,value,available,available,2026-08-31,2026-09-06,agree_snapshot_value_graph_available
3117,present,value,available,available,2026-08-31,2026-09-06,agree_snapshot_value_graph_available
3122,present,value,available,available,2026-08-31,2026-09-06,agree_snapshot_value_graph_available
3127,present,value,available,available,2026-08-31,2026-09-06,agree_snapshot_value_graph_available
3134,present,null,empty_in_tested_window,available,2026-06-08,2026-09-06,agree_snapshot_null_graph_empty
3146,present,value,available,available,2026-08-31,2026-09-06,agree_snapshot_value_graph_available
3149,present,value,available,available,2026-08-31,2026-09-06,agree_snapshot_value_graph_available
3152,present,value,available,available,2026-08-31,2026-09-06,agree_snapshot_value_graph_available
3154,present,null,empty_in_tested_window,available,2026-06-08,2026-09-06,agree_snapshot_null_graph_empty
3156,present,value,available,available,2026-08-31,2026-09-06,agree_snapshot_value_graph_available
3157,present,value,available,available,2026-08-31,2026-09-06,agree_snapshot_value_graph_available
3163,present,value,available,available,2026-08-31,2026-09-06,agree_snapshot_value_graph_available
3164,present,null,empty_in_tested_window,available,2026-06-08,2026-09-06,agree_snapshot_null_graph_empty
3168,present,value,available,available,2026-08-31,2026-09-06,agree_snapshot_value_graph_available
3171,present,value,available,available,2026-08-31,2026-09-06,agree_snapshot_value_graph_available
3172,present,value,available,available,2026-08-31,2026-09-06,agree_snapshot_value_graph_available
3174,present,value,available,available,2026-08-31,2026-09-06,agree_snapshot_value_graph_available
3186,present,value,available,available,2026-08-31,2026-09-06,agree_snapshot_value_graph_available
3205,present,value,available,available,2026-08-31,2026-09-06,agree_snapshot_value_graph_available
3212,present,value,available,available,2026-08-31,2026-09-06,agree_snapshot_value_graph_available
3213,present,null,available,available,2026-08-31,2026-09-06,snapshot_null_graph_available
3215,present,value,available,available,2026-08-31,2026-09-06,agree_snapshot_value_graph_available
3217,present,value,available,available,2026-08-31,2026-09-06,agree_snapshot_value_graph_available
3219,present,value,available,available,2026-08-31,2026-09-06,agree_snapshot_value_graph_available
3220,present,value,available,available,2026-08-31,2026-09-06,agree_snapshot_value_graph_available
3221,present,value,available,available,2026-08-31,2026-09-06,agree_snapshot_value_graph_available
3222,present,value,available,available,2026-08-31,2026-09-06,agree_snapshot_value_graph_available
3223,present,value,available,available,2026-08-31,2026-09-06,agree_snapshot_value_graph_available
3224,present,value,available,available,2026-08-31,2026-09-06,agree_snapshot_value_graph_available
3226,present,value,available,available,2026-08-31,2026-09-06,agree_snapshot_value_graph_available
3233,present,value,available,available,2026-08-31,2026-09-06,agree_snapshot_value_graph_available
3237,present,value,available,available,2026-08-31,2026-09-06,agree_snapshot_value_graph_available
3240,present,value,available,available,2026-08-31,2026-09-06,agree_snapshot_value_graph_available
3243,present,value,available,available,2026-08-31,2026-09-06,agree_snapshot_value_graph_available
3244,present,value,available,available,2026-08-31,2026-09-06,agree_snapshot_value_graph_available
3245,present,value,available,available,2026-08-31,2026-09-06,agree_snapshot_value_graph_available
3246,present,value,available,available,2026-08-31,2026-09-06,agree_snapshot_value_graph_available
3247,present,value,available,available,2026-08-31,2026-09-06,agree_snapshot_value_graph_available
3251,present,value,available,available,2026-08-31,2026-09-06,agree_snapshot_value_graph_available
3253,present,value,available,available,2026-08-31,2026-09-06,agree_snapshot_value_graph_available
3267,present,value,available,available,2026-08-31,2026-09-06,agree_snapshot_value_graph_available
3269,present,value,available,available,2026-08-31,2026-09-06,agree_snapshot_value_graph_available
3271,present,value,available,available,2026-08-31,2026-09-06,agree_snapshot_value_graph_available
3281,present,value,available,available,2026-08-31,2026-09-06,agree_snapshot_value_graph_available
3283,present,value,available,available,2026-08-31,2026-09-06,agree_snapshot_value_graph_available
3285,present,value,available,available,2026-08-31,2026-09-06,agree_snapshot_value_graph_available
3286,present,value,available,available,2026-08-31,2026-09-06,agree_snapshot_value_graph_available
3288,present,value,available,available,2026-08-31,2026-09-06,agree_snapshot_value_graph_available
3292,present,value,available,available,2026-08-31,2026-09-06,agree_snapshot_value_graph_available
3294,present,value,available,available,2026-08-31,2026-09-06,agree_snapshot_value_graph_available
3295,present,value,available,available,2026-08-31,2026-09-06,agree_snapshot_value_graph_available
3296,present,value,available,available,2026-08-31,2026-09-06,agree_snapshot_value_graph_available
3298,present,value,available,available,2026-08-31,2026-09-06,agree_snapshot_value_graph_available
3299,present,value,available,available,2026-08-31,2026-09-06,agree_snapshot_value_graph_available
3303,present,value,available,available,2026-08-31,2026-09-06,agree_snapshot_value_graph_available
3304,present,value,available,available,2026-08-31,2026-09-06,agree_snapshot_value_graph_available
3441,present,value,available,available,2026-08-31,2026-09-06,agree_snapshot_value_graph_available
3459,present,value,available,available,2026-08-31,2026-09-06,agree_snapshot_value_graph_available
3476,present,null,empty_in_tested_window,available,2026-06-08,2026-09-06,agree_snapshot_null_graph_empty
3509,present,value,available,available,2026-08-31,2026-09-06,agree_snapshot_value_graph_available
3510,present,value,available,available,2026-08-31,2026-09-06,agree_snapshot_value_graph_available
3519,present,value,available,available,2026-08-31,2026-09-06,agree_snapshot_value_graph_available
3523,present,null,empty_in_tested_window,available,2026-06-08,2026-09-06,agree_snapshot_null_graph_empty
3524,present,value,available,available,2026-08-31,2026-09-06,agree_snapshot_value_graph_available
3525,present,value,available,available,2026-08-31,2026-09-06,agree_snapshot_value_graph_available
3526,present,null,empty_in_tested_window,available,2026-06-08,2026-09-06,agree_snapshot_null_graph_empty
3529,present,null,empty_in_tested_window,available,2026-06-08,2026-09-06,agree_snapshot_null_graph_empty
3531,present,value,empty_in_tested_window,available,2026-06-08,2026-09-06,snapshot_value_graph_empty
3533,present,value,empty_in_tested_window,available,2026-06-08,2026-09-06,snapshot_value_graph_empty
3542,present,value,empty_in_tested_window,available,2026-06-08,2026-09-06,snapshot_value_graph_empty
3543,present,value,empty_in_tested_window,available,2026-06-08,2026-09-06,snapshot_value_graph_empty
3544,present,null,empty_in_tested_window,available,2026-06-08,2026-09-06,agree_snapshot_null_graph_empty
12349,present,null,empty_in_tested_window,available,2026-06-08,2026-09-06,agree_snapshot_null_graph_empty
12350,present,null,empty_in_tested_window,available,2026-06-08,2026-09-06,agree_snapshot_null_graph_empty
12474,present,null,empty_in_tested_window,available,2026-06-08,2026-09-06,agree_snapshot_null_graph_empty
12475,present,null,empty_in_tested_window,available,2026-06-08,2026-09-06,agree_snapshot_null_graph_empty
12476,present,null,empty_in_tested_window,available,2026-06-08,2026-09-06,agree_snapshot_null_graph_empty
12477,present,null,empty_in_tested_window,available,2026-06-08,2026-09-06,agree_snapshot_null_graph_empty
12478,present,null,empty_in_tested_window,available,2026-06-08,2026-09-06,agree_snapshot_null_graph_empty
12479,present,null,empty_in_tested_window,available,2026-06-08,2026-09-06,agree_snapshot_null_graph_empty
12480,present,null,empty_in_tested_window,available,2026-06-08,2026-09-06,agree_snapshot_null_graph_empty
12481,present,null,empty_in_tested_window,available,2026-06-08,2026-09-06,agree_snapshot_null_graph_empty
12483,present,null,empty_in_tested_window,available,2026-06-08,2026-09-06,agree_snapshot_null_graph_empty
12484,present,null,empty_in_tested_window,available,2026-06-08,2026-09-06,agree_snapshot_null_graph_empty
12485,absent,absent,empty_in_tested_window,available,2026-06-08,2026-09-06,absent_graph_empty
13892,present,null,empty_in_tested_window,available,2026-06-08,2026-09-06,agree_snapshot_null_graph_empty
13906,present,null,empty_in_tested_window,available,2026-06-08,2026-09-06,agree_snapshot_null_graph_empty
385579,present,null,empty_in_tested_window,available,2026-06-08,2026-09-06,agree_snapshot_null_graph_empty
385582,present,null,empty_in_tested_window,available,2026-06-08,2026-09-06,agree_snapshot_null_graph_empty
385586,present,null,empty_in_tested_window,available,2026-06-08,2026-09-06,agree_snapshot_null_graph_empty
471583,present,null,empty_in_tested_window,available,2026-06-08,2026-09-06,agree_snapshot_null_graph_empty
479230,present,null,empty_in_tested_window,available,2026-06-08,2026-09-06,agree_snapshot_null_graph_empty
479231,present,null,empty_in_tested_window,available,2026-06-08,2026-09-06,agree_snapshot_null_graph_empty
479232,present,null,empty_in_tested_window,available,2026-06-08,2026-09-06,agree_snapshot_null_graph_empty
479233,present,null,empty_in_tested_window,available,2026-06-08,2026-09-06,agree_snapshot_null_graph_empty
479234,present,null,empty_in_tested_window,available,2026-06-08,2026-09-06,agree_snapshot_null_graph_empty
479235,present,null,empty_in_tested_window,available,2026-06-08,2026-09-06,agree_snapshot_null_graph_empty
479236,present,null,empty_in_tested_window,available,2026-06-08,2026-09-06,agree_snapshot_null_graph_empty
479237,absent,absent,empty_in_tested_window,available,2026-06-08,2026-09-06,absent_graph_empty
479238,present,null,empty_in_tested_window,available,2026-06-08,2026-09-06,agree_snapshot_null_graph_empty
479240,absent,absent,empty_in_tested_window,available,2026-06-08,2026-09-06,absent_graph_empty
479241,present,null,empty_in_tested_window,available,2026-06-08,2026-09-06,agree_snapshot_null_graph_empty
504679,present,value,available,available,2026-08-31,2026-09-06,agree_snapshot_value_graph_available
504708,present,value,available,available,2026-08-31,2026-09-06,agree_snapshot_value_graph_available
504897,present,null,available,available,2026-08-31,2026-09-06,snapshot_null_graph_available
504940,absent,absent,available,available,2026-08-31,2026-09-06,absent_graph_available
504945,present,value,available,available,2026-08-31,2026-09-06,agree_snapshot_value_graph_available
504962,present,value,available,available,2026-08-31,2026-09-06,agree_snapshot_value_graph_available
504982,present,value,available,available,2026-08-31,2026-09-06,agree_snapshot_value_graph_available
504990,present,null,empty_in_tested_window,available,2026-06-08,2026-09-06,agree_snapshot_null_graph_empty
504994,present,value,available,available,2026-08-31,2026-09-06,agree_snapshot_value_graph_available
504997,present,value,available,available,2026-08-31,2026-09-06,agree_snapshot_value_graph_available
504999,present,value,available,available,2026-08-31,2026-09-06,agree_snapshot_value_graph_available
505003,present,null,empty_in_tested_window,available,2026-06-08,2026-09-06,agree_snapshot_null_graph_empty
505011,present,value,available,available,2026-08-31,2026-09-06,agree_snapshot_value_graph_available
505018,present,value,available,available,2026-08-31,2026-09-06,agree_snapshot_value_graph_available
505025,present,null,empty_in_tested_window,available,2026-06-08,2026-09-06,agree_snapshot_null_graph_empty
505027,present,value,available,available,2026-08-31,2026-09-06,agree_snapshot_value_graph_available
505029,present,value,available,available,2026-08-31,2026-09-06,agree_snapshot_value_graph_available
505030,present,null,empty_in_tested_window,available,2026-06-08,2026-09-06,agree_snapshot_null_graph_empty
505037,present,null,empty_in_tested_window,available,2026-06-08,2026-09-06,agree_snapshot_null_graph_empty
505038,present,null,empty_in_tested_window,available,2026-06-08,2026-09-06,agree_snapshot_null_graph_empty
505039,present,null,empty_in_tested_window,available,2026-06-08,2026-09-06,agree_snapshot_null_graph_empty
505041,present,null,empty_in_tested_window,available,2026-06-08,2026-09-06,agree_snapshot_null_graph_empty
505050,present,value,available,available,2026-08-31,2026-09-06,agree_snapshot_value_graph_available
505052,present,null,empty_in_tested_window,available,2026-06-08,2026-09-06,agree_snapshot_null_graph_empty
505056,present,null,empty_in_tested_window,available,2026-06-08,2026-09-06,agree_snapshot_null_graph_empty
505069,present,value,available,available,2026-08-31,2026-09-06,agree_snapshot_value_graph_available
505072,present,null,empty_in_tested_window,available,2026-06-08,2026-09-06,agree_snapshot_null_graph_empty
508035,present,value,available,available,2026-08-31,2026-09-06,agree_snapshot_value_graph_available
516210,absent,absent,empty_in_tested_window,available,2026-06-08,2026-09-06,absent_graph_empty
516213,present,null,empty_in_tested_window,available,2026-06-08,2026-09-06,agree_snapshot_null_graph_empty
516216,present,null,empty_in_tested_window,available,2026-06-08,2026-09-06,agree_snapshot_null_graph_empty
516218,present,null,empty_in_tested_window,available,2026-06-08,2026-09-06,agree_snapshot_null_graph_empty
527828,present,value,available,available,2026-08-31,2026-09-06,agree_snapshot_value_graph_available
528052,present,null,empty_in_tested_window,available,2026-06-08,2026-09-06,agree_snapshot_null_graph_empty
529399,present,null,empty_in_tested_window,available,2026-06-08,2026-09-06,agree_snapshot_null_graph_empty
558654,present,null,empty_in_tested_window,available,2026-06-08,2026-09-06,agree_snapshot_null_graph_empty
558658,present,null,empty_in_tested_window,available,2026-06-08,2026-09-06,agree_snapshot_null_graph_empty
558661,present,null,empty_in_tested_window,available,2026-06-08,2026-09-06,agree_snapshot_null_graph_empty
562796,present,value,available,available,2026-08-31,2026-09-06,agree_snapshot_value_graph_available
562799,present,value,available,available,2026-08-31,2026-09-06,agree_snapshot_value_graph_available
562800,present,null,empty_in_tested_window,available,2026-06-08,2026-09-06,agree_snapshot_null_graph_empty
562802,present,null,empty_in_tested_window,available,2026-06-08,2026-09-06,agree_snapshot_null_graph_empty
562803,present,null,empty_in_tested_window,available,2026-06-08,2026-09-06,agree_snapshot_null_graph_empty
562804,present,null,empty_in_tested_window,available,2026-06-08,2026-09-06,agree_snapshot_null_graph_empty
562808,present,null,empty_in_tested_window,available,2026-06-08,2026-09-06,agree_snapshot_null_graph_empty
575565,absent,absent,empty_in_tested_window,available,2026-06-08,2026-09-06,absent_graph_empty
575566,present,null,empty_in_tested_window,available,2026-06-08,2026-09-06,agree_snapshot_null_graph_empty
575567,present,null,empty_in_tested_window,available,2026-06-08,2026-09-06,agree_snapshot_null_graph_empty
575568,present,null,empty_in_tested_window,available,2026-06-08,2026-09-06,agree_snapshot_null_graph_empty
575569,absent,absent,empty_in_tested_window,available,2026-06-08,2026-09-06,absent_graph_empty
595071,present,null,empty_in_tested_window,available,2026-06-08,2026-09-06,agree_snapshot_null_graph_empty
595072,present,null,empty_in_tested_window,available,2026-06-08,2026-09-06,agree_snapshot_null_graph_empty
632505,present,value,available,available,2026-08-31,2026-09-06,agree_snapshot_value_graph_available
632511,present,value,available,available,2026-08-31,2026-09-06,agree_snapshot_value_graph_available
638734,present,null,empty_in_tested_window,available,2026-06-08,2026-09-06,agree_snapshot_null_graph_empty
642740,present,null,empty_in_tested_window,available,2026-06-08,2026-09-06,agree_snapshot_null_graph_empty
642750,present,null,empty_in_tested_window,available,2026-06-08,2026-09-06,agree_snapshot_null_graph_empty
642753,present,null,empty_in_tested_window,available,2026-06-08,2026-09-06,agree_snapshot_null_graph_empty
648042,present,null,empty_in_tested_window,available,2026-06-08,2026-09-06,agree_snapshot_null_graph_empty
670714,present,null,empty_in_tested_window,available,2026-06-08,2026-09-06,agree_snapshot_null_graph_empty
670715,present,null,empty_in_tested_window,available,2026-06-08,2026-09-06,agree_snapshot_null_graph_empty
685637,present,null,empty_in_tested_window,available,2026-06-08,2026-09-06,agree_snapshot_null_graph_empty
685638,absent,absent,empty_in_tested_window,available,2026-06-08,2026-09-06,absent_graph_empty
685643,present,null,empty_in_tested_window,available,2026-06-08,2026-09-06,agree_snapshot_null_graph_empty
685650,present,null,empty_in_tested_window,available,2026-06-08,2026-09-06,agree_snapshot_null_graph_empty
685653,present,null,empty_in_tested_window,available,2026-06-08,2026-09-06,agree_snapshot_null_graph_empty
685658,present,null,empty_in_tested_window,available,2026-06-08,2026-09-06,agree_snapshot_null_graph_empty
685678,present,null,empty_in_tested_window,available,2026-06-08,2026-09-06,agree_snapshot_null_graph_empty
700551,present,null,empty_in_tested_window,available,2026-06-08,2026-09-06,agree_snapshot_null_graph_empty
700552,present,value,available,available,2026-08-31,2026-09-06,agree_snapshot_value_graph_available
700553,present,null,empty_in_tested_window,available,2026-06-08,2026-09-06,agree_snapshot_null_graph_empty
700555,present,value,available,available,2026-08-31,2026-09-06,agree_snapshot_value_graph_available
700556,present,value,available,available,2026-08-31,2026-09-06,agree_snapshot_value_graph_available
700559,present,null,empty_in_tested_window,available,2026-06-08,2026-09-06,agree_snapshot_null_graph_empty
700584,present,value,available,available,2026-08-31,2026-09-06,agree_snapshot_value_graph_available
700585,present,value,available,available,2026-08-31,2026-09-06,agree_snapshot_value_graph_available
700586,present,value,available,available,2026-08-31,2026-09-06,agree_snapshot_value_graph_available
700587,present,value,available,available,2026-08-31,2026-09-06,agree_snapshot_value_graph_available
700588,present,value,available,available,2026-08-31,2026-09-06,agree_snapshot_value_graph_available
700589,present,value,available,available,2026-08-31,2026-09-06,agree_snapshot_value_graph_available
700591,present,value,available,available,2026-08-31,2026-09-06,agree_snapshot_value_graph_available
700592,absent,absent,available,available,2026-06-08,2026-09-06,absent_graph_available
709863,present,value,available,available,2026-08-31,2026-09-06,agree_snapshot_value_graph_available
726653,present,value,available,available,2026-08-31,2026-09-06,agree_snapshot_value_graph_available
726656,present,value,available,available,2026-08-31,2026-09-06,agree_snapshot_value_graph_available
726667,present,value,available,available,2026-08-31,2026-09-06,agree_snapshot_value_graph_available
726673,present,value,available,available,2026-08-31,2026-09-06,agree_snapshot_value_graph_available
726680,present,value,available,available,2026-08-31,2026-09-06,agree_snapshot_value_graph_available
726684,present,null,empty_in_tested_window,available,2026-06-08,2026-09-06,agree_snapshot_null_graph_empty
726686,present,value,available,available,2026-08-31,2026-09-06,agree_snapshot_value_graph_available
740532,present,null,empty_in_tested_window,available,2026-06-08,2026-09-06,agree_snapshot_null_graph_empty
740533,present,null,empty_in_tested_window,available,2026-06-08,2026-09-06,agree_snapshot_null_graph_empty
740537,present,null,empty_in_tested_window,available,2026-06-08,2026-09-06,agree_snapshot_null_graph_empty
740538,present,null,empty_in_tested_window,available,2026-06-08,2026-09-06,agree_snapshot_null_graph_empty
740540,present,null,empty_in_tested_window,available,2026-06-08,2026-09-06,agree_snapshot_null_graph_empty
740720,present,null,empty_in_tested_window,available,2026-06-08,2026-09-06,agree_snapshot_null_graph_empty
740723,present,null,empty_in_tested_window,available,2026-06-08,2026-09-06,agree_snapshot_null_graph_empty
740726,present,null,empty_in_tested_window,available,2026-06-08,2026-09-06,agree_snapshot_null_graph_empty
740727,present,null,empty_in_tested_window,available,2026-06-08,2026-09-06,agree_snapshot_null_graph_empty
740729,present,null,empty_in_tested_window,available,2026-06-08,2026-09-06,agree_snapshot_null_graph_empty
740730,present,null,empty_in_tested_window,available,2026-06-08,2026-09-06,agree_snapshot_null_graph_empty
740731,present,null,empty_in_tested_window,available,2026-06-08,2026-09-06,agree_snapshot_null_graph_empty
740736,present,null,empty_in_tested_window,available,2026-06-08,2026-09-06,agree_snapshot_null_graph_empty
740737,present,null,empty_in_tested_window,available,2026-06-08,2026-09-06,agree_snapshot_null_graph_empty
740738,present,null,empty_in_tested_window,available,2026-06-08,2026-09-06,agree_snapshot_null_graph_empty
740739,present,null,empty_in_tested_window,available,2026-06-08,2026-09-06,agree_snapshot_null_graph_empty
740740,present,null,empty_in_tested_window,available,2026-06-08,2026-09-06,agree_snapshot_null_graph_empty
740742,present,null,empty_in_tested_window,available,2026-06-08,2026-09-06,agree_snapshot_null_graph_empty
740746,present,null,empty_in_tested_window,available,2026-06-08,2026-09-06,agree_snapshot_null_graph_empty
745748,present,null,empty_in_tested_window,available,2026-06-08,2026-09-06,agree_snapshot_null_graph_empty
786010,absent,absent,empty_in_tested_window,available,2026-06-08,2026-09-06,absent_graph_empty
832057,present,null,available,available,2026-06-08,2026-09-06,snapshot_null_graph_available
832059,present,null,empty_in_tested_window,available,2026-06-08,2026-09-06,agree_snapshot_null_graph_empty
832066,present,value,available,available,2026-08-31,2026-09-06,agree_snapshot_value_graph_available
832084,present,value,available,available,2026-08-31,2026-09-06,agree_snapshot_value_graph_available
852087,present,null,empty_in_tested_window,available,2026-06-08,2026-09-06,agree_snapshot_null_graph_empty
999395,present,null,empty_in_tested_window,available,2026-06-08,2026-09-06,agree_snapshot_null_graph_empty
999405,present,value,available,available,2026-08-31,2026-09-06,agree_snapshot_value_graph_available
1035512,present,value,available,available,2026-08-31,2026-09-06,agree_snapshot_value_graph_available
1035516,present,null,available,available,2026-08-31,2026-09-06,snapshot_null_graph_available
1035518,present,null,available,available,2026-06-08,2026-09-06,snapshot_null_graph_available
1035521,present,value,available,available,2026-08-31,2026-09-06,agree_snapshot_value_graph_available
1066916,present,value,available,available,2026-08-31,2026-09-06,agree_snapshot_value_graph_available
1079844,present,null,available,available,2026-06-08,2026-09-06,snapshot_null_graph_available
1079932,present,value,available,available,2026-08-31,2026-09-06,agree_snapshot_value_graph_available
1079995,present,value,available,available,2026-08-31,2026-09-06,agree_snapshot_value_graph_available
1082427,present,null,empty_in_tested_window,available,2026-06-08,2026-09-06,agree_snapshot_null_graph_empty
1085210,present,null,empty_in_tested_window,available,2026-06-08,2026-09-06,agree_snapshot_null_graph_empty
1085211,present,null,empty_in_tested_window,available,2026-06-08,2026-09-06,agree_snapshot_null_graph_empty
1087618,present,null,empty_in_tested_window,available,2026-06-08,2026-09-06,agree_snapshot_null_graph_empty
1091551,present,null,empty_in_tested_window,available,2026-06-08,2026-09-06,agree_snapshot_null_graph_empty
1093079,present,null,empty_in_tested_window,available,2026-06-08,2026-09-06,agree_snapshot_null_graph_empty
1093312,present,null,empty_in_tested_window,available,2026-06-08,2026-09-06,agree_snapshot_null_graph_empty
1094448,present,null,empty_in_tested_window,available,2026-06-08,2026-09-06,agree_snapshot_null_graph_empty
1095455,present,null,empty_in_tested_window,available,2026-06-08,2026-09-06,agree_snapshot_null_graph_empty
1095849,present,null,empty_in_tested_window,available,2026-06-08,2026-09-06,agree_snapshot_null_graph_empty
1095872,present,value,available,available,2026-08-31,2026-09-06,agree_snapshot_value_graph_available
1095875,present,value,available,available,2026-08-31,2026-09-06,agree_snapshot_value_graph_available
1095876,present,value,available,available,2026-08-31,2026-09-06,agree_snapshot_value_graph_available
1095877,present,value,available,available,2026-08-31,2026-09-06,agree_snapshot_value_graph_available
1095878,present,null,empty_in_tested_window,available,2026-06-08,2026-09-06,agree_snapshot_null_graph_empty
1095879,present,value,available,available,2026-08-31,2026-09-06,agree_snapshot_value_graph_available
1095881,present,value,available,available,2026-08-31,2026-09-06,agree_snapshot_value_graph_available
1095882,present,value,available,available,2026-08-31,2026-09-06,agree_snapshot_value_graph_available
1097520,present,null,available,available,2026-08-31,2026-09-06,snapshot_null_graph_available
1098852,present,null,available,available,2026-06-08,2026-09-06,snapshot_null_graph_available
1098871,present,null,empty_in_tested_window,available,2026-06-08,2026-09-06,agree_snapshot_null_graph_empty
1098950,present,value,available,available,2026-08-31,2026-09-06,agree_snapshot_value_graph_available
1098952,present,value,available,available,2026-08-31,2026-09-06,agree_snapshot_value_graph_available
1098955,present,value,available,available,2026-08-31,2026-09-06,agree_snapshot_value_graph_available
1098957,present,value,available,available,2026-08-31,2026-09-06,agree_snapshot_value_graph_available
1099005,present,value,available,available,2026-08-31,2026-09-06,agree_snapshot_value_graph_available
1101563,present,null,empty_in_tested_window,available,2026-06-08,2026-09-06,agree_snapshot_null_graph_empty
1101565,present,null,empty_in_tested_window,available,2026-06-08,2026-09-06,agree_snapshot_null_graph_empty
1101566,present,null,empty_in_tested_window,available,2026-06-08,2026-09-06,agree_snapshot_null_graph_empty
1101568,present,null,empty_in_tested_window,available,2026-06-08,2026-09-06,agree_snapshot_null_graph_empty
1101569,present,null,empty_in_tested_window,available,2026-06-08,2026-09-06,agree_snapshot_null_graph_empty
1101572,present,null,empty_in_tested_window,available,2026-06-08,2026-09-06,agree_snapshot_null_graph_empty
1101573,present,null,empty_in_tested_window,available,2026-06-08,2026-09-06,agree_snapshot_null_graph_empty
1101574,present,null,empty_in_tested_window,available,2026-06-08,2026-09-06,agree_snapshot_null_graph_empty
1105332,present,null,empty_in_tested_window,available,2026-06-08,2026-09-06,agree_snapshot_null_graph_empty
1106448,present,null,empty_in_tested_window,available,2026-06-08,2026-09-06,agree_snapshot_null_graph_empty
1106449,present,null,empty_in_tested_window,available,2026-06-08,2026-09-06,agree_snapshot_null_graph_empty
1106450,present,null,empty_in_tested_window,available,2026-06-08,2026-09-06,agree_snapshot_null_graph_empty
1106454,present,null,empty_in_tested_window,available,2026-06-08,2026-09-06,agree_snapshot_null_graph_empty
1106455,present,null,empty_in_tested_window,available,2026-06-08,2026-09-06,agree_snapshot_null_graph_empty
1106456,present,null,empty_in_tested_window,available,2026-06-08,2026-09-06,agree_snapshot_null_graph_empty
1106457,present,null,empty_in_tested_window,available,2026-06-08,2026-09-06,agree_snapshot_null_graph_empty
1107582,present,null,empty_in_tested_window,available,2026-06-08,2026-09-06,agree_snapshot_null_graph_empty
1109490,present,null,empty_in_tested_window,available,2026-06-08,2026-09-06,agree_snapshot_null_graph_empty
1109491,present,null,empty_in_tested_window,available,2026-06-08,2026-09-06,agree_snapshot_null_graph_empty
1109492,present,null,empty_in_tested_window,available,2026-06-08,2026-09-06,agree_snapshot_null_graph_empty
1109493,present,null,empty_in_tested_window,available,2026-06-08,2026-09-06,agree_snapshot_null_graph_empty
1109494,present,null,empty_in_tested_window,available,2026-06-08,2026-09-06,agree_snapshot_null_graph_empty
1109495,present,null,empty_in_tested_window,available,2026-06-08,2026-09-06,agree_snapshot_null_graph_empty
1109496,present,null,empty_in_tested_window,available,2026-06-08,2026-09-06,agree_snapshot_null_graph_empty
1109497,present,null,empty_in_tested_window,available,2026-06-08,2026-09-06,agree_snapshot_null_graph_empty
1109498,present,null,empty_in_tested_window,available,2026-06-08,2026-09-06,agree_snapshot_null_graph_empty
1109499,present,null,empty_in_tested_window,available,2026-06-08,2026-09-06,agree_snapshot_null_graph_empty
1109500,present,null,empty_in_tested_window,available,2026-06-08,2026-09-06,agree_snapshot_null_graph_empty
1109501,present,null,empty_in_tested_window,available,2026-06-08,2026-09-06,agree_snapshot_null_graph_empty
1109502,present,null,empty_in_tested_window,available,2026-06-08,2026-09-06,agree_snapshot_null_graph_empty
1109504,present,null,empty_in_tested_window,available,2026-06-08,2026-09-06,agree_snapshot_null_graph_empty
1109505,present,null,empty_in_tested_window,available,2026-06-08,2026-09-06,agree_snapshot_null_graph_empty
1109506,present,null,empty_in_tested_window,available,2026-06-08,2026-09-06,agree_snapshot_null_graph_empty
1109508,present,null,empty_in_tested_window,available,2026-06-08,2026-09-06,agree_snapshot_null_graph_empty
1109509,present,null,empty_in_tested_window,available,2026-06-08,2026-09-06,agree_snapshot_null_graph_empty
1109511,present,null,empty_in_tested_window,available,2026-06-08,2026-09-06,agree_snapshot_null_graph_empty
1109512,present,null,empty_in_tested_window,available,2026-06-08,2026-09-06,agree_snapshot_null_graph_empty
1109513,present,null,empty_in_tested_window,available,2026-06-08,2026-09-06,agree_snapshot_null_graph_empty
1109514,present,null,empty_in_tested_window,available,2026-06-08,2026-09-06,agree_snapshot_null_graph_empty
1109516,present,null,empty_in_tested_window,available,2026-06-08,2026-09-06,agree_snapshot_null_graph_empty
1109519,present,null,empty_in_tested_window,available,2026-06-08,2026-09-06,agree_snapshot_null_graph_empty
1109522,present,null,empty_in_tested_window,available,2026-06-08,2026-09-06,agree_snapshot_null_graph_empty
1109523,present,null,empty_in_tested_window,available,2026-06-08,2026-09-06,agree_snapshot_null_graph_empty
1109524,present,null,empty_in_tested_window,available,2026-06-08,2026-09-06,agree_snapshot_null_graph_empty
1109525,present,null,empty_in_tested_window,available,2026-06-08,2026-09-06,agree_snapshot_null_graph_empty
1109526,present,null,empty_in_tested_window,available,2026-06-08,2026-09-06,agree_snapshot_null_graph_empty
1109527,present,null,empty_in_tested_window,available,2026-06-08,2026-09-06,agree_snapshot_null_graph_empty
1109528,present,null,empty_in_tested_window,available,2026-06-08,2026-09-06,agree_snapshot_null_graph_empty
1109529,present,null,empty_in_tested_window,available,2026-06-08,2026-09-06,agree_snapshot_null_graph_empty
1109530,present,null,empty_in_tested_window,available,2026-06-08,2026-09-06,agree_snapshot_null_graph_empty
1109531,present,null,empty_in_tested_window,available,2026-06-08,2026-09-06,agree_snapshot_null_graph_empty
1109533,present,null,empty_in_tested_window,available,2026-06-08,2026-09-06,agree_snapshot_null_graph_empty
1109534,present,null,empty_in_tested_window,available,2026-06-08,2026-09-06,agree_snapshot_null_graph_empty
1109535,present,null,empty_in_tested_window,available,2026-06-08,2026-09-06,agree_snapshot_null_graph_empty
1109536,present,null,empty_in_tested_window,available,2026-06-08,2026-09-06,agree_snapshot_null_graph_empty
1113280,present,null,empty_in_tested_window,available,2026-06-08,2026-09-06,agree_snapshot_null_graph_empty
1113282,present,null,empty_in_tested_window,available,2026-06-08,2026-09-06,agree_snapshot_null_graph_empty
1113284,present,null,empty_in_tested_window,available,2026-06-08,2026-09-06,agree_snapshot_null_graph_empty
1113287,present,null,empty_in_tested_window,available,2026-06-08,2026-09-06,agree_snapshot_null_graph_empty
1113288,present,null,empty_in_tested_window,available,2026-06-08,2026-09-06,agree_snapshot_null_graph_empty
1113290,present,null,empty_in_tested_window,available,2026-06-08,2026-09-06,agree_snapshot_null_graph_empty
1113291,present,null,empty_in_tested_window,available,2026-06-08,2026-09-06,agree_snapshot_null_graph_empty
1113292,present,null,empty_in_tested_window,available,2026-06-08,2026-09-06,agree_snapshot_null_graph_empty
1113295,present,null,empty_in_tested_window,available,2026-06-08,2026-09-06,agree_snapshot_null_graph_empty
1116838,present,null,empty_in_tested_window,available,2026-06-08,2026-09-06,agree_snapshot_null_graph_empty
1116839,present,null,empty_in_tested_window,available,2026-06-08,2026-09-06,agree_snapshot_null_graph_empty
1116840,present,null,empty_in_tested_window,available,2026-06-08,2026-09-06,agree_snapshot_null_graph_empty
1117430,present,null,empty_in_tested_window,available,2026-06-08,2026-09-06,agree_snapshot_null_graph_empty
1117431,present,null,empty_in_tested_window,available,2026-06-08,2026-09-06,agree_snapshot_null_graph_empty
1117894,present,value,available,available,2026-08-31,2026-09-06,agree_snapshot_value_graph_available
1119776,present,value,available,available,2026-08-31,2026-09-06,agree_snapshot_value_graph_available
1119854,present,null,empty_in_tested_window,available,2026-06-08,2026-09-06,agree_snapshot_null_graph_empty
1119916,absent,absent,available,available,2026-08-31,2026-09-06,absent_graph_available
1120554,present,null,empty_in_tested_window,available,2026-06-08,2026-09-06,agree_snapshot_null_graph_empty
1120557,present,null,empty_in_tested_window,available,2026-06-08,2026-09-06,agree_snapshot_null_graph_empty
1121199,present,null,empty_in_tested_window,available,2026-06-08,2026-09-06,agree_snapshot_null_graph_empty
1121218,absent,absent,empty_in_tested_window,available,2026-06-08,2026-09-06,absent_graph_empty
1121228,present,null,empty_in_tested_window,available,2026-06-08,2026-09-06,agree_snapshot_null_graph_empty
1121229,present,null,empty_in_tested_window,available,2026-06-08,2026-09-06,agree_snapshot_null_graph_empty
1121234,present,null,empty_in_tested_window,available,2026-06-08,2026-09-06,agree_snapshot_null_graph_empty
1121239,present,null,empty_in_tested_window,available,2026-06-08,2026-09-06,agree_snapshot_null_graph_empty
1121240,present,null,empty_in_tested_window,available,2026-06-08,2026-09-06,agree_snapshot_null_graph_empty
1121242,present,null,empty_in_tested_window,available,2026-06-08,2026-09-06,agree_snapshot_null_graph_empty
1121243,present,null,empty_in_tested_window,available,2026-06-08,2026-09-06,agree_snapshot_null_graph_empty
1121258,present,null,empty_in_tested_window,available,2026-06-08,2026-09-06,agree_snapshot_null_graph_empty
1121265,present,null,empty_in_tested_window,available,2026-06-08,2026-09-06,agree_snapshot_null_graph_empty
1121266,present,null,empty_in_tested_window,available,2026-06-08,2026-09-06,agree_snapshot_null_graph_empty
1121267,present,null,empty_in_tested_window,available,2026-06-08,2026-09-06,agree_snapshot_null_graph_empty
1124040,present,null,empty_in_tested_window,available,2026-06-08,2026-09-06,agree_snapshot_null_graph_empty
1126506,present,null,empty_in_tested_window,available,2026-06-08,2026-09-06,agree_snapshot_null_graph_empty
1129758,present,null,empty_in_tested_window,available,2026-06-08,2026-09-06,agree_snapshot_null_graph_empty
1130124,present,null,empty_in_tested_window,available,2026-06-08,2026-09-06,agree_snapshot_null_graph_empty
1130137,present,null,empty_in_tested_window,available,2026-06-08,2026-09-06,agree_snapshot_null_graph_empty
1139393,present,null,empty_in_tested_window,available,2026-06-08,2026-09-06,agree_snapshot_null_graph_empty
1140845,present,null,empty_in_tested_window,available,2026-06-08,2026-09-06,agree_snapshot_null_graph_empty
1161514,present,null,empty_in_tested_window,available,2026-06-08,2026-09-06,agree_snapshot_null_graph_empty
1161516,present,value,available,available,2026-08-31,2026-09-06,agree_snapshot_value_graph_available
1197957,present,null,empty_in_tested_window,available,2026-06-08,2026-09-06,agree_snapshot_null_graph_empty
1198081,present,null,empty_in_tested_window,available,2026-06-08,2026-09-06,agree_snapshot_null_graph_empty
1198082,present,null,empty_in_tested_window,available,2026-06-08,2026-09-06,agree_snapshot_null_graph_empty
1198297,present,null,empty_in_tested_window,available,2026-06-08,2026-09-06,agree_snapshot_null_graph_empty
1198298,present,null,empty_in_tested_window,available,2026-06-08,2026-09-06,agree_snapshot_null_graph_empty
1198299,present,null,empty_in_tested_window,available,2026-06-08,2026-09-06,agree_snapshot_null_graph_empty
1198300,present,null,empty_in_tested_window,available,2026-06-08,2026-09-06,agree_snapshot_null_graph_empty
1198301,present,null,empty_in_tested_window,available,2026-06-08,2026-09-06,agree_snapshot_null_graph_empty
1198626,present,null,empty_in_tested_window,available,2026-06-08,2026-09-06,agree_snapshot_null_graph_empty
1198627,present,null,empty_in_tested_window,available,2026-06-08,2026-09-06,agree_snapshot_null_graph_empty
1198628,present,null,empty_in_tested_window,available,2026-06-08,2026-09-06,agree_snapshot_null_graph_empty
1198760,present,null,empty_in_tested_window,available,2026-06-08,2026-09-06,agree_snapshot_null_graph_empty
1198761,present,null,empty_in_tested_window,available,2026-06-08,2026-09-06,agree_snapshot_null_graph_empty
1225528,present,null,empty_in_tested_window,available,2026-06-08,2026-09-06,agree_snapshot_null_graph_empty
1225529,present,null,empty_in_tested_window,available,2026-06-08,2026-09-06,agree_snapshot_null_graph_empty
1225530,present,null,empty_in_tested_window,available,2026-06-08,2026-09-06,agree_snapshot_null_graph_empty
1225531,present,null,empty_in_tested_window,available,2026-06-08,2026-09-06,agree_snapshot_null_graph_empty
1373272,present,value,available,available,2026-08-31,2026-09-06,agree_snapshot_value_graph_available
1373273,present,value,available,available,2026-08-31,2026-09-06,agree_snapshot_value_graph_available
1373274,present,value,available,available,2026-08-31,2026-09-06,agree_snapshot_value_graph_available
1373275,present,null,empty_in_tested_window,available,2026-06-08,2026-09-06,agree_snapshot_null_graph_empty
1373277,present,value,available,available,2026-08-31,2026-09-06,agree_snapshot_value_graph_available
1373278,present,value,available,available,2026-08-31,2026-09-06,agree_snapshot_value_graph_available
1373689,present,null,empty_in_tested_window,available,2026-06-08,2026-09-06,agree_snapshot_null_graph_empty
1373690,present,null,empty_in_tested_window,available,2026-06-08,2026-09-06,agree_snapshot_null_graph_empty
1373691,present,null,empty_in_tested_window,available,2026-06-08,2026-09-06,agree_snapshot_null_graph_empty
1373692,present,null,empty_in_tested_window,available,2026-06-08,2026-09-06,agree_snapshot_null_graph_empty
1394793,present,null,empty_in_tested_window,available,2026-06-08,2026-09-06,agree_snapshot_null_graph_empty
1394808,present,null,empty_in_tested_window,available,2026-06-08,2026-09-06,agree_snapshot_null_graph_empty
1394937,present,null,empty_in_tested_window,available,2026-06-08,2026-09-06,agree_snapshot_null_graph_empty
1396856,present,null,empty_in_tested_window,available,2026-06-08,2026-09-06,agree_snapshot_null_graph_empty
1396858,present,null,empty_in_tested_window,available,2026-06-08,2026-09-06,agree_snapshot_null_graph_empty
1396860,present,null,empty_in_tested_window,available,2026-06-08,2026-09-06,agree_snapshot_null_graph_empty
1422294,present,null,empty_in_tested_window,available,2026-06-08,2026-09-06,agree_snapshot_null_graph_empty
1422295,present,null,empty_in_tested_window,available,2026-06-08,2026-09-06,agree_snapshot_null_graph_empty
1422296,present,null,empty_in_tested_window,available,2026-06-08,2026-09-06,agree_snapshot_null_graph_empty
1422297,present,null,empty_in_tested_window,available,2026-06-08,2026-09-06,agree_snapshot_null_graph_empty
1422298,present,null,empty_in_tested_window,available,2026-06-08,2026-09-06,agree_snapshot_null_graph_empty
1422301,present,null,empty_in_tested_window,available,2026-06-08,2026-09-06,agree_snapshot_null_graph_empty
1422302,present,null,empty_in_tested_window,available,2026-06-08,2026-09-06,agree_snapshot_null_graph_empty
1422303,present,null,empty_in_tested_window,available,2026-06-08,2026-09-06,agree_snapshot_null_graph_empty
1422304,present,null,empty_in_tested_window,available,2026-06-08,2026-09-06,agree_snapshot_null_graph_empty
1422305,present,null,empty_in_tested_window,available,2026-06-08,2026-09-06,agree_snapshot_null_graph_empty
1422307,present,null,empty_in_tested_window,available,2026-06-08,2026-09-06,agree_snapshot_null_graph_empty
1422361,present,null,empty_in_tested_window,available,2026-06-08,2026-09-06,agree_snapshot_null_graph_empty
1422364,present,null,empty_in_tested_window,available,2026-06-08,2026-09-06,agree_snapshot_null_graph_empty
1422365,present,null,empty_in_tested_window,available,2026-06-08,2026-09-06,agree_snapshot_null_graph_empty
1422366,present,null,empty_in_tested_window,available,2026-06-08,2026-09-06,agree_snapshot_null_graph_empty
1422367,present,null,empty_in_tested_window,available,2026-06-08,2026-09-06,agree_snapshot_null_graph_empty
1422368,present,null,empty_in_tested_window,available,2026-06-08,2026-09-06,agree_snapshot_null_graph_empty
1422369,present,null,empty_in_tested_window,available,2026-06-08,2026-09-06,agree_snapshot_null_graph_empty
1422371,present,null,empty_in_tested_window,available,2026-06-08,2026-09-06,agree_snapshot_null_graph_empty
1422372,present,null,empty_in_tested_window,available,2026-06-08,2026-09-06,agree_snapshot_null_graph_empty
1422373,present,null,empty_in_tested_window,available,2026-06-08,2026-09-06,agree_snapshot_null_graph_empty
1422374,present,null,empty_in_tested_window,available,2026-06-08,2026-09-06,agree_snapshot_null_graph_empty
1422375,present,null,empty_in_tested_window,available,2026-06-08,2026-09-06,agree_snapshot_null_graph_empty
1475104,present,null,empty_in_tested_window,available,2026-06-08,2026-09-06,agree_snapshot_null_graph_empty
1475106,present,null,empty_in_tested_window,available,2026-06-08,2026-09-06,agree_snapshot_null_graph_empty
1475118,present,null,empty_in_tested_window,available,2026-06-08,2026-09-06,agree_snapshot_null_graph_empty
1475120,present,null,empty_in_tested_window,available,2026-06-08,2026-09-06,agree_snapshot_null_graph_empty
1475122,present,null,empty_in_tested_window,available,2026-06-08,2026-09-06,agree_snapshot_null_graph_empty
1476456,present,null,empty_in_tested_window,available,2026-06-08,2026-09-06,agree_snapshot_null_graph_empty
1476459,absent,absent,empty_in_tested_window,available,2026-06-08,2026-09-06,absent_graph_empty
1476461,present,null,empty_in_tested_window,available,2026-06-08,2026-09-06,agree_snapshot_null_graph_empty
1481108,present,null,empty_in_tested_window,available,2026-06-08,2026-09-06,agree_snapshot_null_graph_empty
1481122,present,null,empty_in_tested_window,available,2026-06-08,2026-09-06,agree_snapshot_null_graph_empty
1481128,present,null,empty_in_tested_window,available,2026-06-08,2026-09-06,agree_snapshot_null_graph_empty
1481146,present,null,empty_in_tested_window,available,2026-06-08,2026-09-06,agree_snapshot_null_graph_empty
1481153,present,null,empty_in_tested_window,available,2026-06-08,2026-09-06,agree_snapshot_null_graph_empty
1482445,present,null,empty_in_tested_window,available,2026-06-08,2026-09-06,agree_snapshot_null_graph_empty
1483103,present,null,empty_in_tested_window,available,2026-06-08,2026-09-06,agree_snapshot_null_graph_empty
1483111,present,null,empty_in_tested_window,available,2026-06-08,2026-09-06,agree_snapshot_null_graph_empty
1483127,present,null,empty_in_tested_window,available,2026-06-08,2026-09-06,agree_snapshot_null_graph_empty
1483131,present,null,empty_in_tested_window,available,2026-06-08,2026-09-06,agree_snapshot_null_graph_empty
1556820,present,null,empty_in_tested_window,available,2026-06-08,2026-09-06,agree_snapshot_null_graph_empty
1556822,present,null,empty_in_tested_window,available,2026-06-08,2026-09-06,agree_snapshot_null_graph_empty
1645475,present,null,empty_in_tested_window,available,2026-06-08,2026-09-06,agree_snapshot_null_graph_empty
1677418,present,null,empty_in_tested_window,available,2026-06-08,2026-09-06,agree_snapshot_null_graph_empty
1677419,present,null,empty_in_tested_window,available,2026-06-08,2026-09-06,agree_snapshot_null_graph_empty
1677420,present,null,empty_in_tested_window,available,2026-06-08,2026-09-06,agree_snapshot_null_graph_empty
9822342,present,null,empty_in_tested_window,available,2026-06-08,2026-09-06,agree_snapshot_null_graph_empty
9930854,present,null,empty_in_tested_window,available,2026-06-08,2026-09-06,agree_snapshot_null_graph_empty
9930856,present,null,empty_in_tested_window,available,2026-06-08,2026-09-06,agree_snapshot_null_graph_empty
9931002,present,null,empty_in_tested_window,available,2026-06-08,2026-09-06,agree_snapshot_null_graph_empty
9931004,present,null,empty_in_tested_window,available,2026-06-08,2026-09-06,agree_snapshot_null_graph_empty
9931006,present,null,empty_in_tested_window,available,2026-06-08,2026-09-06,agree_snapshot_null_graph_empty
9931008,present,null,empty_in_tested_window,available,2026-06-08,2026-09-06,agree_snapshot_null_graph_empty
11568367,absent,absent,empty_in_tested_window,available,2026-06-08,2026-09-06,absent_graph_empty
11688546,present,null,empty_in_tested_window,empty_in_tested_window,2026-06-08,2026-09-06,agree_snapshot_null_graph_empty
11688685,present,null,empty_in_tested_window,empty_in_tested_window,2026-06-08,2026-09-06,agree_snapshot_null_graph_empty
11688715,present,null,empty_in_tested_window,empty_in_tested_window,2026-06-08,2026-09-06,agree_snapshot_null_graph_empty
11688749,absent,absent,empty_in_tested_window,empty_in_tested_window,2026-06-08,2026-09-06,absent_graph_empty
11688817,present,null,empty_in_tested_window,empty_in_tested_window,2026-06-08,2026-09-06,agree_snapshot_null_graph_empty
11688823,absent,absent,empty_in_tested_window,empty_in_tested_window,2026-06-08,2026-09-06,absent_graph_empty
11688849,absent,absent,empty_in_tested_window,empty_in_tested_window,2026-06-08,2026-09-06,absent_graph_empty
11689002,absent,absent,empty_in_tested_window,empty_in_tested_window,2026-06-08,2026-09-06,absent_graph_empty
11689003,present,null,empty_in_tested_window,empty_in_tested_window,2026-06-08,2026-09-06,agree_snapshot_null_graph_empty
11689067,absent,absent,empty_in_tested_window,empty_in_tested_window,2026-06-08,2026-09-06,absent_graph_empty
11689072,absent,absent,empty_in_tested_window,empty_in_tested_window,2026-06-08,2026-09-06,absent_graph_empty
11689150,absent,absent,empty_in_tested_window,empty_in_tested_window,2026-06-08,2026-09-06,absent_graph_empty
