station_id,window_start,window_end,http_status,rows,nonnull_value,nonnull_discharge,request_error,probed_at
1,2026-06-08,2026-09-06,200,13104,13069,0,,2026-09-07T16:01:01.026406Z
10,2026-06-08,2026-09-06,200,13104,13056,0,,2026-09-07T16:01:20.560868Z
1035518,2026-06-08,2026-09-06,200,2184,805,66,,2026-09-07T16:01:24.897477Z
1079844,2026-06-08,2026-09-06,200,2184,1778,252,,2026-09-07T16:01:29.564790Z
1082427,2026-06-08,2026-09-06,200,13104,5278,0,,2026-09-07T16:01:33.793840Z
1085210,2026-06-08,2026-09-06,200,13104,1980,0,,2026-09-07T16:01:37.443712Z
1085211,2026-06-08,2026-09-06,200,13104,13023,0,,2026-09-07T16:01:43.572378Z
1087618,2026-06-08,2026-09-06,200,2184,1975,0,,2026-09-07T16:01:45.671643Z
1091551,2026-06-08,2026-09-06,200,13104,13027,0,,2026-09-07T16:01:50.569645Z
1093079,2026-06-08,2026-09-06,200,13104,13061,0,,2026-09-07T16:01:55.225116Z
1093312,2026-06-08,2026-09-06,200,2184,1888,0,,2026-09-07T16:01:57.346182Z
1094448,2026-06-08,2026-09-06,200,13104,12511,0,,2026-09-07T16:02:02.272382Z
1095455,2026-06-08,2026-09-06,200,13104,13067,0,,2026-09-07T16:02:09.275610Z
1095849,2026-06-08,2026-09-06,200,2184,1583,0,,2026-09-07T16:02:11.254214Z
1095878,2026-06-08,2026-09-06,200,2184,1975,0,,2026-09-07T16:02:13.108095Z
1098852,2026-06-08,2026-09-06,200,2184,1753,534,,2026-09-07T16:02:15.012954Z
1098871,2026-06-08,2026-09-06,200,2184,1501,0,,2026-09-07T16:02:16.942499Z
11,2026-06-08,2026-09-06,200,13104,13059,0,,2026-09-07T16:02:21.828191Z
1101563,2026-06-08,2026-09-06,200,13104,13034,0,,2026-09-07T16:02:27.923519Z
1101565,2026-06-08,2026-09-06,200,13104,13015,0,,2026-09-07T16:02:31.683344Z
1101566,2026-06-08,2026-09-06,200,13104,12922,0,,2026-09-07T16:02:35.781691Z
1101568,2026-06-08,2026-09-06,200,13104,13005,0,,2026-09-07T16:02:39.723878Z
1101569,2026-06-08,2026-09-06,200,13104,8720,0,,2026-09-07T16:02:43.604945Z
1101572,2026-06-08,2026-09-06,200,13104,13029,0,,2026-09-07T16:02:47.668741Z
1101573,2026-06-08,2026-09-06,200,13104,12967,0,,2026-09-07T16:02:51.545723Z
1101574,2026-06-08,2026-09-06,200,13104,4017,0,,2026-09-07T16:02:55.404903Z
1105332,2026-06-08,2026-09-06,200,13104,13027,0,,2026-09-07T16:02:59.594149Z
1106448,2026-06-08,2026-09-06,200,13104,13056,0,,2026-09-07T16:03:03.710888Z
1106449,2026-06-08,2026-09-06,200,13104,12921,0,,2026-09-07T16:03:07.398852Z
1106450,2026-06-08,2026-09-06,200,13104,13036,0,,2026-09-07T16:03:11.294869Z
1106454,2026-06-08,2026-09-06,200,13104,13028,0,,2026-09-07T16:03:14.903671Z
1106455,2026-06-08,2026-09-06,200,13104,11936,0,,2026-09-07T16:03:18.498021Z
1106456,2026-06-08,2026-09-06,200,13104,12153,0,,2026-09-07T16:03:22.461341Z
1106457,2026-06-08,2026-09-06,200,13104,12988,0,,2026-09-07T16:03:26.669199Z
1107582,2026-06-08,2026-09-06,200,13104,13028,0,,2026-09-07T16:03:30.559509Z
1109490,2026-06-08,2026-09-06,200,13104,12957,0,,2026-09-07T16:03:36.567524Z
1109491,2026-06-08,2026-09-06,200,13104,12691,0,,2026-09-07T16:03:40.512861Z
1109492,2026-06-08,2026-09-06,200,13104,13004,0,,2026-09-07T16:03:44.165264Z
1109493,2026-06-08,2026-09-06,200,13104,6193,0,,2026-09-07T16:03:47.953995Z
1109494,2026-06-08,2026-09-06,200,13104,13006,0,,2026-09-07T16:03:51.589053Z
1109495,2026-06-08,2026-09-06,200,13104,12278,0,,2026-09-07T16:03:56.202654Z
1109496,2026-06-08,2026-09-06,200,13104,11519,0,,2026-09-07T16:03:59.830822Z
1109497,2026-06-08,2026-09-06,200,13104,11551,0,,2026-09-07T16:04:03.447284Z
1109498,2026-06-08,2026-09-06,200,13104,13011,0,,2026-09-07T16:04:07.339563Z
1109499,2026-06-08,2026-09-06,200,13104,9297,0,,2026-09-07T16:04:11.174378Z
1109500,2026-06-08,2026-09-06,200,13104,9798,0,,2026-09-07T16:04:15.023555Z
1109501,2026-06-08,2026-09-06,200,13104,12065,0,,2026-09-07T16:04:19.020380Z
1109502,2026-06-08,2026-09-06,200,13104,13029,0,,2026-09-07T16:04:22.820609Z
1109504,2026-06-08,2026-09-06,200,13104,12802,0,,2026-09-07T16:04:26.847565Z
1109505,2026-06-08,2026-09-06,200,13104,12992,0,,2026-09-07T16:04:31.166699Z
1109506,2026-06-08,2026-09-06,200,13104,13011,0,,2026-09-07T16:04:35.053717Z
1109508,2026-06-08,2026-09-06,200,13104,12998,0,,2026-09-07T16:04:38.701656Z
1109509,2026-06-08,2026-09-06,200,13104,10650,0,,2026-09-07T16:04:42.310533Z
1109511,2026-06-08,2026-09-06,200,13104,12915,0,,2026-09-07T16:04:46.230464Z
1109512,2026-06-08,2026-09-06,200,13104,13001,0,,2026-09-07T16:04:50.305089Z
1109513,2026-06-08,2026-09-06,200,13104,13010,0,,2026-09-07T16:04:53.924174Z
1109514,2026-06-08,2026-09-06,200,13104,13014,0,,2026-09-07T16:04:58.143608Z
1109516,2026-06-08,2026-09-06,200,13104,12597,0,,2026-09-07T16:05:02.004747Z
1109519,2026-06-08,2026-09-06,200,13104,13016,0,,2026-09-07T16:05:05.872373Z
1109522,2026-06-08,2026-09-06,200,13104,12865,0,,2026-09-07T16:05:10.734786Z
1109523,2026-06-08,2026-09-06,200,13104,13029,0,,2026-09-07T16:05:14.739822Z
1109524,2026-06-08,2026-09-06,200,13104,12995,0,,2026-09-07T16:05:18.998522Z
1109525,2026-06-08,2026-09-06,200,13104,13010,0,,2026-09-07T16:05:23.098026Z
1109526,2026-06-08,2026-09-06,200,13104,12997,0,,2026-09-07T16:05:27.161064Z
1109527,2026-06-08,2026-09-06,200,13104,13003,0,,2026-09-07T16:05:31.440511Z
1109528,2026-06-08,2026-09-06,200,13104,13050,0,,2026-09-07T16:05:35.073289Z
1109529,2026-06-08,2026-09-06,200,13104,13002,0,,2026-09-07T16:05:38.946924Z
1109530,2026-06-08,2026-09-06,200,13104,12971,0,,2026-09-07T16:05:42.896256Z
1109531,2026-06-08,2026-09-06,200,13104,13026,0,,2026-09-07T16:05:46.508055Z
1109533,2026-06-08,2026-09-06,200,13104,13032,0,,2026-09-07T16:05:50.505039Z
1109534,2026-06-08,2026-09-06,200,13104,12733,0,,2026-09-07T16:05:55.406089Z
1109535,2026-06-08,2026-09-06,200,13104,13011,0,,2026-09-07T16:05:59.840799Z
1109536,2026-06-08,2026-09-06,200,13104,13005,0,,2026-09-07T16:06:04.737391Z
1113280,2026-06-08,2026-09-06,200,2184,2177,0,,2026-09-07T16:06:06.693338Z
1113282,2026-06-08,2026-09-06,200,2184,2177,0,,2026-09-07T16:06:08.548714Z
1113284,2026-06-08,2026-09-06,200,2184,2177,0,,2026-09-07T16:06:10.456684Z
1113287,2026-06-08,2026-09-06,200,2184,2177,0,,2026-09-07T16:06:12.312130Z
1113288,2026-06-08,2026-09-06,200,2184,2177,0,,2026-09-07T16:06:14.204885Z
1113290,2026-06-08,2026-09-06,200,2184,2177,0,,2026-09-07T16:06:15.973991Z
1113291,2026-06-08,2026-09-06,200,2184,2079,0,,2026-09-07T16:06:17.889328Z
1113292,2026-06-08,2026-09-06,200,2184,2106,0,,2026-09-07T16:06:19.830157Z
1113295,2026-06-08,2026-09-06,200,2184,2177,0,,2026-09-07T16:06:21.860809Z
1116838,2026-06-08,2026-09-06,200,13104,12961,0,,2026-09-07T16:06:26.354037Z
1116839,2026-06-08,2026-09-06,200,13104,13031,0,,2026-09-07T16:06:30.917095Z
1116840,2026-06-08,2026-09-06,200,13104,13031,0,,2026-09-07T16:06:35.219055Z
1117430,2026-06-08,2026-09-06,200,13104,12764,0,,2026-09-07T16:06:40.417570Z
1117431,2026-06-08,2026-09-06,200,13104,13017,0,,2026-09-07T16:06:44.448003Z
1119854,2026-06-08,2026-09-06,200,2184,1656,0,,2026-09-07T16:06:46.494376Z
1120554,2026-06-08,2026-09-06,200,13104,13023,0,,2026-09-07T16:06:51.592669Z
1120557,2026-06-08,2026-09-06,200,13104,13008,0,,2026-09-07T16:06:55.996651Z
1121199,2026-06-08,2026-09-06,200,13104,13018,0,,2026-09-07T16:07:00.789371Z
1121218,2026-06-08,2026-09-06,200,13104,10555,0,,2026-09-07T16:07:06.017852Z
1121228,2026-06-08,2026-09-06,200,13104,12834,0,,2026-09-07T16:07:10.438055Z
1121229,2026-06-08,2026-09-06,200,13104,13026,0,,2026-09-07T16:07:14.991000Z
1121234,2026-06-08,2026-09-06,200,13104,13034,0,,2026-09-07T16:07:19.410497Z
1121239,2026-06-08,2026-09-06,200,13104,12057,0,,2026-09-07T16:07:23.695022Z
1121240,2026-06-08,2026-09-06,200,13104,12912,0,,2026-09-07T16:07:28.282959Z
1121242,2026-06-08,2026-09-06,200,13104,12825,0,,2026-09-07T16:07:33.434912Z
1121243,2026-06-08,2026-09-06,200,13104,12800,0,,2026-09-07T16:07:37.721653Z
1121258,2026-06-08,2026-09-06,200,13104,12285,0,,2026-09-07T16:07:41.773214Z
1121265,2026-06-08,2026-09-06,200,13104,12990,0,,2026-09-07T16:07:45.953741Z
1121266,2026-06-08,2026-09-06,200,13104,12550,0,,2026-09-07T16:07:50.121917Z
1121267,2026-06-08,2026-09-06,200,13104,3987,0,,2026-09-07T16:07:54.196714Z
1124040,2026-06-08,2026-09-06,200,2184,1958,0,,2026-09-07T16:07:56.337717Z
1126506,2026-06-08,2026-09-06,200,13104,13051,0,,2026-09-07T16:08:01.183115Z
1129758,2026-06-08,2026-09-06,200,13104,12948,0,,2026-09-07T16:08:05.181040Z
1130124,2026-06-08,2026-09-06,200,13104,13050,0,,2026-09-07T16:08:09.249750Z
1130137,2026-06-08,2026-09-06,200,13104,6147,0,,2026-09-07T16:08:13.354992Z
1139393,2026-06-08,2026-09-06,200,13104,13052,0,,2026-09-07T16:08:18.449207Z
1140845,2026-06-08,2026-09-06,200,13104,4217,0,,2026-09-07T16:08:22.806151Z
115,2026-06-08,2026-09-06,200,13104,12679,0,,2026-09-07T16:08:27.736957Z
11568367,2026-06-08,2026-09-06,200,13104,1003,0,,2026-09-07T16:08:31.576577Z
1161514,2026-06-08,2026-09-06,200,2184,1959,0,,2026-09-07T16:08:33.364071Z
11688546,2026-06-08,2026-09-06,200,2184,0,0,,2026-09-07T16:08:35.297917Z
11688685,2026-06-08,2026-09-06,200,2184,0,0,,2026-09-07T16:08:37.254715Z
11688715,2026-06-08,2026-09-06,200,2184,0,0,,2026-09-07T16:08:39.088995Z
11688749,2026-06-08,2026-09-06,200,2184,0,0,,2026-09-07T16:08:40.989471Z
11688817,2026-06-08,2026-09-06,200,2184,0,0,,2026-09-07T16:08:42.871945Z
11688823,2026-06-08,2026-09-06,200,2184,0,0,,2026-09-07T16:08:44.805636Z
11688849,2026-06-08,2026-09-06,200,2184,0,0,,2026-09-07T16:08:46.630395Z
11689002,2026-06-08,2026-09-06,200,2184,0,0,,2026-09-07T16:08:48.552300Z
11689003,2026-06-08,2026-09-06,200,2184,0,0,,2026-09-07T16:08:50.578649Z
11689067,2026-06-08,2026-09-06,200,2184,0,0,,2026-09-07T16:08:52.324709Z
11689072,2026-06-08,2026-09-06,200,2184,0,0,,2026-09-07T16:08:54.195832Z
11689150,2026-06-08,2026-09-06,200,2184,0,0,,2026-09-07T16:08:56.019488Z
118,2026-06-08,2026-09-06,200,13104,12962,0,,2026-09-07T16:09:00.261730Z
1197957,2026-06-08,2026-09-06,200,13104,6350,0,,2026-09-07T16:09:04.486429Z
1198081,2026-06-08,2026-09-06,200,13104,12974,0,,2026-09-07T16:09:08.773786Z
1198082,2026-06-08,2026-09-06,200,13104,12418,0,,2026-09-07T16:09:12.854956Z
1198297,2026-06-08,2026-09-06,200,13104,12988,0,,2026-09-07T16:09:16.789170Z
1198298,2026-06-08,2026-09-06,200,13104,13001,0,,2026-09-07T16:09:20.797094Z
1198299,2026-06-08,2026-09-06,200,13104,12968,0,,2026-09-07T16:09:24.796162Z
1198300,2026-06-08,2026-09-06,200,13104,12944,0,,2026-09-07T16:09:28.826566Z
1198301,2026-06-08,2026-09-06,200,13104,12400,0,,2026-09-07T16:09:34.121506Z
1198626,2026-06-08,2026-09-06,200,13104,11370,0,,2026-09-07T16:09:39.793913Z
1198627,2026-06-08,2026-09-06,200,13104,12703,0,,2026-09-07T16:09:44.357209Z
1198628,2026-06-08,2026-09-06,200,13104,12610,0,,2026-09-07T16:09:48.525971Z
1198760,2026-06-08,2026-09-06,200,13104,13017,0,,2026-09-07T16:09:53.509170Z
1198761,2026-06-08,2026-09-06,200,13104,12964,0,,2026-09-07T16:09:57.639236Z
120,2026-06-08,2026-09-06,200,13104,12418,0,,2026-09-07T16:10:03.256843Z
1225528,2026-06-08,2026-09-06,200,13104,12951,0,,2026-09-07T16:10:11.899000Z
1225529,2026-06-08,2026-09-06,200,13104,12634,0,,2026-09-07T16:10:18.847577Z
1225530,2026-06-08,2026-09-06,200,13104,12522,0,,2026-09-07T16:10:50.734606Z
1225531,2026-06-08,2026-09-06,200,13104,12878,0,,2026-09-07T16:11:04.926887Z
12349,2026-06-08,2026-09-06,200,13104,13018,0,,2026-09-07T16:11:33.900980Z
12350,2026-06-08,2026-09-06,200,13104,13052,0,,2026-09-07T16:11:39.806421Z
12474,2026-06-08,2026-09-06,200,13104,13047,0,,2026-09-07T16:11:45.036595Z
12475,2026-06-08,2026-09-06,200,13104,5365,0,,2026-09-07T16:11:49.673792Z
12476,2026-06-08,2026-09-06,200,13104,13066,0,,2026-09-07T16:11:56.009052Z
12477,2026-06-08,2026-09-06,200,13104,13034,0,,2026-09-07T16:12:02.204035Z
12478,2026-06-08,2026-09-06,200,13104,13055,0,,2026-09-07T16:12:07.670944Z
12479,2026-06-08,2026-09-06,200,13104,10601,0,,2026-09-07T16:12:12.995126Z
12480,2026-06-08,2026-09-06,200,13104,11818,0,,2026-09-07T16:12:17.071170Z
12481,2026-06-08,2026-09-06,200,13104,13051,0,,2026-09-07T16:12:21.434768Z
12483,2026-06-08,2026-09-06,200,13104,8404,0,,2026-09-07T16:12:26.511026Z
12484,2026-06-08,2026-09-06,200,13104,12836,0,,2026-09-07T16:12:31.311273Z
12485,2026-06-08,2026-09-06,200,13104,9429,0,,2026-09-07T16:12:35.813549Z
128,2026-06-08,2026-09-06,200,13104,12447,0,,2026-09-07T16:12:42.008566Z
131,2026-06-08,2026-09-06,200,13104,12990,0,,2026-09-07T16:12:46.719225Z
136,2026-06-08,2026-09-06,200,13104,13059,0,,2026-09-07T16:12:51.184940Z
137,2026-06-08,2026-09-06,200,13104,13056,0,,2026-09-07T16:12:55.634121Z
1373275,2026-06-08,2026-09-06,200,13104,13017,0,,2026-09-07T16:13:00.403466Z
1373689,2026-06-08,2026-09-06,200,13104,13007,0,,2026-09-07T16:13:04.872776Z
1373690,2026-06-08,2026-09-06,200,13104,13035,0,,2026-09-07T16:13:09.157343Z
1373691,2026-06-08,2026-09-06,200,13104,13053,0,,2026-09-07T16:13:13.421737Z
1373692,2026-06-08,2026-09-06,200,13104,13003,0,,2026-09-07T16:13:17.425021Z
138,2026-06-08,2026-09-06,200,13104,12899,0,,2026-09-07T16:13:21.601059Z
13892,2026-06-08,2026-09-06,200,13104,4157,0,,2026-09-07T16:13:25.675294Z
13906,2026-06-08,2026-09-06,200,13104,12931,0,,2026-09-07T16:13:30.004799Z
1394793,2026-06-08,2026-09-06,200,13104,12702,0,,2026-09-07T16:13:35.347576Z
1394808,2026-06-08,2026-09-06,200,13104,12739,0,,2026-09-07T16:13:39.364053Z
1394937,2026-06-08,2026-09-06,200,13104,12750,0,,2026-09-07T16:13:44.564204Z
1396856,2026-06-08,2026-09-06,200,13104,12673,0,,2026-09-07T16:13:48.782108Z
1396858,2026-06-08,2026-09-06,200,13104,11398,0,,2026-09-07T16:13:53.184401Z
1396860,2026-06-08,2026-09-06,200,13104,6126,0,,2026-09-07T16:13:57.390094Z
14,2026-06-08,2026-09-06,200,13104,10084,0,,2026-09-07T16:14:01.810267Z
1422294,2026-06-08,2026-09-06,200,2184,1910,0,,2026-09-07T16:14:03.713334Z
1422295,2026-06-08,2026-09-06,200,2184,2123,0,,2026-09-07T16:14:05.584255Z
1422296,2026-06-08,2026-09-06,200,2184,673,0,,2026-09-07T16:14:07.412878Z
1422297,2026-06-08,2026-09-06,200,2184,1998,0,,2026-09-07T16:14:09.458483Z
1422298,2026-06-08,2026-09-06,200,2184,986,0,,2026-09-07T16:14:11.448558Z
1422301,2026-06-08,2026-09-06,200,2184,2123,0,,2026-09-07T16:14:13.188994Z
1422302,2026-06-08,2026-09-06,200,2184,1013,0,,2026-09-07T16:14:15.119292Z
1422303,2026-06-08,2026-09-06,200,2184,2170,0,,2026-09-07T16:14:17.107181Z
1422304,2026-06-08,2026-09-06,200,2184,2170,0,,2026-09-07T16:14:19.235354Z
1422305,2026-06-08,2026-09-06,200,2184,1087,0,,2026-09-07T16:14:21.365079Z
1422307,2026-06-08,2026-09-06,200,2184,2071,0,,2026-09-07T16:14:23.538183Z
1422361,2026-06-08,2026-09-06,200,2184,2151,0,,2026-09-07T16:14:26.665942Z
1422364,2026-06-08,2026-09-06,200,2184,2148,0,,2026-09-07T16:14:28.894933Z
1422365,2026-06-08,2026-09-06,200,2184,2150,0,,2026-09-07T16:14:31.086734Z
1422366,2026-06-08,2026-09-06,200,2184,2149,0,,2026-09-07T16:14:33.093103Z
1422367,2026-06-08,2026-09-06,200,2184,2123,0,,2026-09-07T16:14:35.221938Z
1422368,2026-06-08,2026-09-06,200,2184,2150,0,,2026-09-07T16:14:37.161053Z
1422369,2026-06-08,2026-09-06,200,2184,2054,0,,2026-09-07T16:14:39.190790Z
1422371,2026-06-08,2026-09-06,200,2184,2147,0,,2026-09-07T16:14:41.313686Z
1422372,2026-06-08,2026-09-06,200,2184,2150,0,,2026-09-07T16:14:43.457133Z
1422373,2026-06-08,2026-09-06,200,2184,2150,0,,2026-09-07T16:14:45.575326Z
1422374,2026-06-08,2026-09-06,200,2184,2150,0,,2026-09-07T16:14:47.705324Z
1422375,2026-06-08,2026-09-06,200,2184,2150,0,,2026-09-07T16:14:49.936510Z
1475104,2026-06-08,2026-09-06,200,13104,4072,0,,2026-09-07T16:14:58.863133Z
1475106,2026-06-08,2026-09-06,200,13104,13022,0,,2026-09-07T16:15:04.335060Z
1475118,2026-06-08,2026-09-06,200,13104,13019,0,,2026-09-07T16:15:09.760393Z
1475120,2026-06-08,2026-09-06,200,13104,12111,0,,2026-09-07T16:15:17.709079Z
1475122,2026-06-08,2026-09-06,200,13104,13034,0,,2026-09-07T16:15:24.171068Z
1476456,2026-06-08,2026-09-06,200,13104,10015,0,,2026-09-07T16:15:28.506696Z
1476459,2026-06-08,2026-09-06,200,13104,8202,0,,2026-09-07T16:15:33.048588Z
1476461,2026-06-08,2026-09-06,200,13104,13021,0,,2026-09-07T16:15:37.571145Z
1481108,2026-06-08,2026-09-06,200,13104,12903,0,,2026-09-07T16:15:41.831941Z
1481122,2026-06-08,2026-09-06,200,13104,13026,0,,2026-09-07T16:15:47.304282Z
1481128,2026-06-08,2026-09-06,200,13104,13028,0,,2026-09-07T16:15:52.717190Z
1481146,2026-06-08,2026-09-06,200,13104,13025,0,,2026-09-07T16:15:57.382803Z
1481153,2026-06-08,2026-09-06,200,13104,13012,0,,2026-09-07T16:16:01.999494Z
1482445,2026-06-08,2026-09-06,200,13104,13013,0,,2026-09-07T16:16:07.922375Z
1483103,2026-06-08,2026-09-06,200,13104,12968,0,,2026-09-07T16:16:12.672528Z
1483111,2026-06-08,2026-09-06,200,13104,12902,0,,2026-09-07T16:16:17.388828Z
1483127,2026-06-08,2026-09-06,200,13104,13001,0,,2026-09-07T16:16:21.532324Z
1483131,2026-06-08,2026-09-06,200,13104,13023,0,,2026-09-07T16:16:25.890634Z
149,2026-06-08,2026-09-06,200,13104,13050,0,,2026-09-07T16:16:32.524794Z
151,2026-06-08,2026-09-06,200,13104,12405,0,,2026-09-07T16:16:36.917789Z
154,2026-06-08,2026-09-06,200,13104,13067,0,,2026-09-07T16:16:41.265032Z
1556820,2026-06-08,2026-09-06,200,13104,3945,0,,2026-09-07T16:16:45.534475Z
1556822,2026-06-08,2026-09-06,200,13104,13034,0,,2026-09-07T16:16:49.744897Z
156,2026-06-08,2026-09-06,200,13104,13061,0,,2026-09-07T16:16:53.763319Z
160,2026-06-08,2026-09-06,200,13104,2675,0,,2026-09-07T16:16:57.794699Z
162,2026-06-08,2026-09-06,200,13104,12899,0,,2026-09-07T16:17:02.190036Z
1645475,2026-06-08,2026-09-06,200,13104,13069,0,,2026-09-07T16:17:07.747706Z
165,2026-06-08,2026-09-06,200,13104,13025,0,,2026-09-07T16:17:12.196131Z
1677418,2026-06-08,2026-09-06,200,13104,12959,0,,2026-09-07T16:17:16.823361Z
1677419,2026-06-08,2026-09-06,200,13104,13068,0,,2026-09-07T16:17:20.912512Z
1677420,2026-06-08,2026-09-06,200,13104,13070,0,,2026-09-07T16:17:25.172644Z
169,2026-06-08,2026-09-06,200,13104,12474,0,,2026-09-07T16:17:29.245984Z
170,2026-06-08,2026-09-06,200,13104,12263,0,,2026-09-07T16:17:33.192443Z
175,2026-06-08,2026-09-06,200,13104,12898,0,,2026-09-07T16:17:39.549121Z
189,2026-06-08,2026-09-06,200,13104,12953,0,,2026-09-07T16:17:43.764977Z
190,2026-06-08,2026-09-06,200,13104,6238,0,,2026-09-07T16:17:48.623229Z
191,2026-06-08,2026-09-06,200,13104,9582,0,,2026-09-07T16:17:53.621873Z
192,2026-06-08,2026-09-06,200,13104,13055,0,,2026-09-07T16:17:58.233029Z
200,2026-06-08,2026-09-06,200,13104,13059,0,,2026-09-07T16:18:02.681808Z
21,2026-06-08,2026-09-06,200,13104,13045,0,,2026-09-07T16:18:06.856226Z
218,2026-06-08,2026-09-06,200,13104,12808,0,,2026-09-07T16:18:12.137788Z
228,2026-06-08,2026-09-06,200,13104,12930,0,,2026-09-07T16:18:16.290207Z
236,2026-06-08,2026-09-06,200,13104,10105,0,,2026-09-07T16:18:20.408586Z
238,2026-06-08,2026-09-06,200,13104,11427,0,,2026-09-07T16:18:24.793063Z
24,2026-06-08,2026-09-06,200,13104,13068,0,,2026-09-07T16:18:29.323358Z
245,2026-06-08,2026-09-06,200,13104,12824,0,,2026-09-07T16:18:33.556631Z
255,2026-06-08,2026-09-06,200,13104,12852,0,,2026-09-07T16:18:37.794977Z
2565,2026-06-08,2026-09-06,200,2184,1549,0,,2026-09-07T16:18:39.632758Z
2567,2026-06-08,2026-09-06,200,2184,1959,0,,2026-09-07T16:18:41.436154Z
2575,2026-06-08,2026-09-06,200,2184,1542,0,,2026-09-07T16:18:43.357701Z
2587,2026-06-08,2026-09-06,200,2184,1975,0,,2026-09-07T16:18:45.253328Z
2596,2026-06-08,2026-09-06,200,2184,1975,0,,2026-09-07T16:18:47.139214Z
2599,2026-06-08,2026-09-06,200,2184,1583,0,,2026-09-07T16:18:48.924056Z
26,2026-06-08,2026-09-06,200,13104,12861,0,,2026-09-07T16:18:54.127582Z
2607,2026-06-08,2026-09-06,200,2184,1583,0,,2026-09-07T16:18:56.008326Z
2608,2026-06-08,2026-09-06,200,2184,1583,0,,2026-09-07T16:18:57.921908Z
2609,2026-06-08,2026-09-06,200,2184,1583,0,,2026-09-07T16:18:59.678241Z
2611,2026-06-08,2026-09-06,200,2184,1583,0,,2026-09-07T16:19:01.626442Z
262,2026-06-08,2026-09-06,200,13104,11636,0,,2026-09-07T16:19:05.889512Z
2623,2026-06-08,2026-09-06,200,2184,1583,0,,2026-09-07T16:19:07.681948Z
2624,2026-06-08,2026-09-06,200,2184,1583,0,,2026-09-07T16:19:09.518019Z
2632,2026-06-08,2026-09-06,200,2184,1583,0,,2026-09-07T16:19:11.283398Z
2635,2026-06-08,2026-09-06,200,2184,1975,0,,2026-09-07T16:19:13.029613Z
2647,2026-06-08,2026-09-06,200,2184,1975,0,,2026-09-07T16:19:14.805353Z
2654,2026-06-08,2026-09-06,200,2184,1975,0,,2026-09-07T16:19:16.585574Z
2661,2026-06-08,2026-09-06,200,2184,2071,0,,2026-09-07T16:19:18.553857Z
2662,2026-06-08,2026-09-06,200,2184,2089,0,,2026-09-07T16:19:20.408783Z
2666,2026-06-08,2026-09-06,200,2184,1922,0,,2026-09-07T16:19:22.339947Z
2668,2026-06-08,2026-09-06,200,2184,88,0,,2026-09-07T16:19:24.213677Z
2676,2026-06-08,2026-09-06,200,2184,1980,0,,2026-09-07T16:19:26.231242Z
2683,2026-06-08,2026-09-06,200,2184,2074,0,,2026-09-07T16:19:28.072597Z
2686,2026-06-08,2026-09-06,200,2184,1987,866,,2026-09-07T16:19:29.835921Z
269,2026-06-08,2026-09-06,200,13104,13006,0,,2026-09-07T16:19:34.243352Z
2694,2026-06-08,2026-09-06,200,2184,1778,0,,2026-09-07T16:19:36.204704Z
27,2026-06-08,2026-09-06,200,13104,12845,0,,2026-09-07T16:19:40.341589Z
2731,2026-06-08,2026-09-06,200,2184,1778,0,,2026-09-07T16:19:42.125906Z
2737,2026-06-08,2026-09-06,200,2184,1778,0,,2026-09-07T16:19:43.954555Z
2770,2026-06-08,2026-09-06,200,2184,1583,0,,2026-09-07T16:19:45.855837Z
2777,2026-06-08,2026-09-06,200,2184,1583,0,,2026-09-07T16:19:47.706461Z
2781,2026-06-08,2026-09-06,200,2184,1583,0,,2026-09-07T16:19:49.619877Z
281,2026-06-08,2026-09-06,200,13104,12239,0,,2026-09-07T16:19:53.870559Z
2811,2026-06-08,2026-09-06,200,2184,1571,0,,2026-09-07T16:19:55.610360Z
2830,2026-06-08,2026-09-06,200,2184,1583,0,,2026-09-07T16:19:57.540153Z
2851,2026-06-08,2026-09-06,200,2184,2025,4,,2026-09-07T16:19:59.564080Z
29,2026-06-08,2026-09-06,200,13104,12986,0,,2026-09-07T16:20:05.399443Z
2906,2026-06-08,2026-09-06,200,2184,2026,0,,2026-09-07T16:20:08.066729Z
296,2026-06-08,2026-09-06,200,13104,13031,0,,2026-09-07T16:20:19.196406Z
2972,2026-06-08,2026-09-06,200,2184,1997,0,,2026-09-07T16:20:27.550078Z
298,2026-06-08,2026-09-06,200,13104,12931,0,,2026-09-07T16:20:56.831602Z
3,2026-06-08,2026-09-06,200,13104,6936,0,,2026-09-07T16:21:28.650940Z
3134,2026-06-08,2026-09-06,200,2184,2024,0,,2026-09-07T16:21:31.470952Z
315,2026-06-08,2026-09-06,200,13104,12968,0,,2026-09-07T16:21:38.044626Z
3154,2026-06-08,2026-09-06,200,2184,1410,0,,2026-09-07T16:21:40.112096Z
3164,2026-06-08,2026-09-06,200,2184,1522,0,,2026-09-07T16:21:42.112486Z
319,2026-06-08,2026-09-06,200,13104,9199,0,,2026-09-07T16:21:47.232146Z
330,2026-06-08,2026-09-06,200,13104,12835,0,,2026-09-07T16:21:52.595543Z
333,2026-06-08,2026-09-06,200,13104,12246,0,,2026-09-07T16:21:56.966410Z
335,2026-06-08,2026-09-06,200,13104,12307,0,,2026-09-07T16:22:01.066130Z
342,2026-06-08,2026-09-06,200,13104,13055,0,,2026-09-07T16:22:05.381390Z
3476,2026-06-08,2026-09-06,200,2184,1963,0,,2026-09-07T16:22:07.429390Z
348,2026-06-08,2026-09-06,200,13104,12388,0,,2026-09-07T16:22:11.774889Z
3523,2026-06-08,2026-09-06,200,2184,2184,0,,2026-09-07T16:22:13.720584Z
3526,2026-06-08,2026-09-06,200,2184,2184,0,,2026-09-07T16:22:15.610396Z
3529,2026-06-08,2026-09-06,200,2184,2184,0,,2026-09-07T16:22:17.556077Z
3531,2026-06-08,2026-09-06,200,2184,2184,0,,2026-09-07T16:22:19.497860Z
3533,2026-06-08,2026-09-06,200,2184,2184,0,,2026-09-07T16:22:21.367742Z
3542,2026-06-08,2026-09-06,200,2184,1250,0,,2026-09-07T16:22:23.141411Z
3543,2026-06-08,2026-09-06,200,2184,2184,0,,2026-09-07T16:22:25.004139Z
3544,2026-06-08,2026-09-06,200,2184,2184,0,,2026-09-07T16:22:26.762524Z
358,2026-06-08,2026-09-06,200,13104,12964,0,,2026-09-07T16:22:31.058214Z
36,2026-06-08,2026-09-06,200,13104,13064,0,,2026-09-07T16:22:35.974785Z
37,2026-06-08,2026-09-06,200,13104,13058,0,,2026-09-07T16:22:40.379582Z
380,2026-06-08,2026-09-06,200,13104,10402,0,,2026-09-07T16:22:44.767628Z
385579,2026-06-08,2026-09-06,200,13104,13068,0,,2026-09-07T16:22:50.414098Z
385582,2026-06-08,2026-09-06,200,13104,4443,0,,2026-09-07T16:22:54.659970Z
385586,2026-06-08,2026-09-06,200,13104,13060,0,,2026-09-07T16:22:59.244883Z
39,2026-06-08,2026-09-06,200,13104,13065,0,,2026-09-07T16:23:04.505827Z
393,2026-06-08,2026-09-06,200,13104,2002,0,,2026-09-07T16:23:09.027095Z
395,2026-06-08,2026-09-06,200,13104,12881,0,,2026-09-07T16:23:14.104624Z
396,2026-06-08,2026-09-06,200,13104,12504,0,,2026-09-07T16:23:18.615706Z
4,2026-06-08,2026-09-06,200,13104,12963,0,,2026-09-07T16:23:22.739536Z
40,2026-06-08,2026-09-06,200,13104,13055,0,,2026-09-07T16:23:28.419681Z
405,2026-06-08,2026-09-06,200,13104,12704,0,,2026-09-07T16:23:32.423839Z
414,2026-06-08,2026-09-06,200,13104,13067,0,,2026-09-07T16:23:36.478200Z
418,2026-06-08,2026-09-06,200,13104,13070,0,,2026-09-07T16:23:40.750436Z
422,2026-06-08,2026-09-06,200,13104,13061,0,,2026-09-07T16:23:45.047778Z
424,2026-06-08,2026-09-06,200,13104,13070,0,,2026-09-07T16:23:49.729461Z
427,2026-06-08,2026-09-06,200,13104,12966,0,,2026-09-07T16:23:53.925701Z
430,2026-06-08,2026-09-06,200,13104,13069,0,,2026-09-07T16:23:58.184714Z
434,2026-06-08,2026-09-06,200,13104,12770,0,,2026-09-07T16:24:02.457133Z
44,2026-06-08,2026-09-06,200,13104,13067,0,,2026-09-07T16:24:06.744584Z
454,2026-06-08,2026-09-06,200,13104,13064,0,,2026-09-07T16:24:12.089338Z
463,2026-06-08,2026-09-06,200,13104,13070,0,,2026-09-07T16:24:16.243878Z
464,2026-06-08,2026-09-06,200,13104,13070,0,,2026-09-07T16:24:20.349022Z
47,2026-06-08,2026-09-06,200,13104,12990,0,,2026-09-07T16:24:24.311344Z
471583,2026-06-08,2026-09-06,200,13104,13041,0,,2026-09-07T16:24:28.710792Z
472,2026-06-08,2026-09-06,200,13104,12991,0,,2026-09-07T16:24:33.666636Z
475,2026-06-08,2026-09-06,200,13104,13099,0,,2026-09-07T16:24:38.007621Z
478,2026-06-08,2026-09-06,200,13104,13065,0,,2026-09-07T16:24:42.524659Z
479230,2026-06-08,2026-09-06,200,13104,13065,0,,2026-09-07T16:24:47.405704Z
479231,2026-06-08,2026-09-06,200,13104,13061,0,,2026-09-07T16:24:51.711749Z
479232,2026-06-08,2026-09-06,200,13104,13070,0,,2026-09-07T16:24:55.730757Z
479233,2026-06-08,2026-09-06,200,13104,13037,0,,2026-09-07T16:24:59.799592Z
479234,2026-06-08,2026-09-06,200,13104,13060,0,,2026-09-07T16:25:04.085912Z
479235,2026-06-08,2026-09-06,200,13104,13034,0,,2026-09-07T16:25:08.936382Z
479236,2026-06-08,2026-09-06,200,13104,12796,0,,2026-09-07T16:25:13.135818Z
479237,2026-06-08,2026-09-06,200,13104,2403,0,,2026-09-07T16:25:17.263328Z
479238,2026-06-08,2026-09-06,200,13104,13004,0,,2026-09-07T16:25:21.250543Z
479240,2026-06-08,2026-09-06,200,13104,8539,0,,2026-09-07T16:25:27.896258Z
479241,2026-06-08,2026-09-06,200,13104,13058,0,,2026-09-07T16:25:33.965253Z
48,2026-06-08,2026-09-06,200,13104,13039,0,,2026-09-07T16:25:38.531213Z
482,2026-06-08,2026-09-06,200,13104,13099,0,,2026-09-07T16:25:42.722098Z
483,2026-06-08,2026-09-06,200,13104,13014,0,,2026-09-07T16:25:46.987502Z
489,2026-06-08,2026-09-06,200,13104,13069,0,,2026-09-07T16:25:51.701783Z
49,2026-06-08,2026-09-06,200,13104,12971,0,,2026-09-07T16:25:55.535718Z
493,2026-06-08,2026-09-06,200,13104,13065,0,,2026-09-07T16:25:59.848651Z
499,2026-06-08,2026-09-06,200,13104,13070,0,,2026-09-07T16:26:04.271956Z
5,2026-06-08,2026-09-06,200,13104,5092,0,,2026-09-07T16:26:09.745713Z
50,2026-06-08,2026-09-06,200,13104,13063,0,,2026-09-07T16:26:15.026609Z
504990,2026-06-08,2026-09-06,200,2184,2091,0,,2026-09-07T16:26:16.986010Z
505003,2026-06-08,2026-09-06,200,2184,2091,0,,2026-09-07T16:26:18.932908Z
505025,2026-06-08,2026-09-06,200,2184,1987,0,,2026-09-07T16:26:20.988649Z
505030,2026-06-08,2026-09-06,200,2184,1987,0,,2026-09-07T16:26:22.975337Z
505037,2026-06-08,2026-09-06,200,2184,1973,0,,2026-09-07T16:26:24.762999Z
505038,2026-06-08,2026-09-06,200,2184,1974,0,,2026-09-07T16:26:26.762702Z
505039,2026-06-08,2026-09-06,200,2184,1540,0,,2026-09-07T16:26:28.781677Z
505041,2026-06-08,2026-09-06,200,2184,1987,0,,2026-09-07T16:26:30.886431Z
505052,2026-06-08,2026-09-06,200,2184,1975,0,,2026-09-07T16:26:32.829721Z
505056,2026-06-08,2026-09-06,200,2184,1975,0,,2026-09-07T16:26:34.730167Z
505072,2026-06-08,2026-09-06,200,2184,1975,0,,2026-09-07T16:26:36.664003Z
510,2026-06-08,2026-09-06,200,13104,13069,0,,2026-09-07T16:26:41.539789Z
512,2026-06-08,2026-09-06,200,13104,13052,0,,2026-09-07T16:26:45.939447Z
516210,2026-06-08,2026-09-06,200,13104,10179,0,,2026-09-07T16:26:50.241623Z
516213,2026-06-08,2026-09-06,200,13104,12918,0,,2026-09-07T16:26:54.583404Z
516216,2026-06-08,2026-09-06,200,13104,12907,0,,2026-09-07T16:26:59.059317Z
516218,2026-06-08,2026-09-06,200,13104,12764,0,,2026-09-07T16:27:03.395393Z
522,2026-06-08,2026-09-06,200,13104,13055,0,,2026-09-07T16:27:07.764768Z
523,2026-06-08,2026-09-06,200,13104,13013,0,,2026-09-07T16:27:11.815197Z
526,2026-06-08,2026-09-06,200,13104,13069,0,,2026-09-07T16:27:16.003584Z
528052,2026-06-08,2026-09-06,200,2184,1830,0,,2026-09-07T16:27:17.920370Z
529399,2026-06-08,2026-09-06,200,13104,12900,0,,2026-09-07T16:27:22.623668Z
537,2026-06-08,2026-09-06,200,13104,13068,0,,2026-09-07T16:27:26.882642Z
54,2026-06-08,2026-09-06,200,13104,13070,0,,2026-09-07T16:27:31.267108Z
542,2026-06-08,2026-09-06,200,13104,13050,0,,2026-09-07T16:27:35.525840Z
545,2026-06-08,2026-09-06,200,13104,13068,0,,2026-09-07T16:27:40.097232Z
547,2026-06-08,2026-09-06,200,13104,13070,0,,2026-09-07T16:27:43.681911Z
550,2026-06-08,2026-09-06,200,13104,13067,0,,2026-09-07T16:27:47.616680Z
558654,2026-06-08,2026-09-06,200,2184,2184,0,,2026-09-07T16:27:49.293395Z
558658,2026-06-08,2026-09-06,200,2184,2184,0,,2026-09-07T16:27:51.319158Z
558661,2026-06-08,2026-09-06,200,2184,2180,0,,2026-09-07T16:27:52.912051Z
560,2026-06-08,2026-09-06,200,13104,13070,0,,2026-09-07T16:27:56.943579Z
562800,2026-06-08,2026-09-06,200,2184,2184,0,,2026-09-07T16:27:58.804173Z
562802,2026-06-08,2026-09-06,200,2184,2184,0,,2026-09-07T16:28:00.726050Z
562803,2026-06-08,2026-09-06,200,2184,2184,0,,2026-09-07T16:28:02.372813Z
562804,2026-06-08,2026-09-06,200,2184,2184,0,,2026-09-07T16:28:04.318129Z
562808,2026-06-08,2026-09-06,200,2184,2184,0,,2026-09-07T16:28:06.238254Z
568,2026-06-08,2026-09-06,200,13104,13069,0,,2026-09-07T16:28:10.254580Z
57,2026-06-08,2026-09-06,200,13104,13066,0,,2026-09-07T16:28:14.903005Z
573,2026-06-08,2026-09-06,200,13104,13067,0,,2026-09-07T16:28:18.841536Z
575565,2026-06-08,2026-09-06,200,13104,5063,0,,2026-09-07T16:28:22.807177Z
575566,2026-06-08,2026-09-06,200,13104,12608,0,,2026-09-07T16:28:26.691024Z
575567,2026-06-08,2026-09-06,200,13104,11819,0,,2026-09-07T16:28:30.271449Z
575568,2026-06-08,2026-09-06,200,13104,11463,0,,2026-09-07T16:28:33.911031Z
575569,2026-06-08,2026-09-06,200,13104,9969,0,,2026-09-07T16:28:37.505192Z
577,2026-06-08,2026-09-06,200,13104,13069,0,,2026-09-07T16:28:41.322555Z
58,2026-06-08,2026-09-06,200,13104,13028,0,,2026-09-07T16:28:45.306071Z
584,2026-06-08,2026-09-06,200,13104,13065,0,,2026-09-07T16:28:49.202002Z
587,2026-06-08,2026-09-06,200,13104,13061,0,,2026-09-07T16:28:53.001809Z
592,2026-06-08,2026-09-06,200,13104,13063,0,,2026-09-07T16:28:56.808014Z
595,2026-06-08,2026-09-06,200,13104,9724,0,,2026-09-07T16:29:00.599826Z
595071,2026-06-08,2026-09-06,200,13104,13041,0,,2026-09-07T16:29:04.699730Z
595072,2026-06-08,2026-09-06,200,13104,10511,0,,2026-09-07T16:29:08.511082Z
609,2026-06-08,2026-09-06,200,13104,13067,0,,2026-09-07T16:29:12.178508Z
61,2026-06-08,2026-09-06,200,13104,13069,0,,2026-09-07T16:29:15.817463Z
610,2026-06-08,2026-09-06,200,13104,13070,0,,2026-09-07T16:29:20.140509Z
611,2026-06-08,2026-09-06,200,13104,13069,0,,2026-09-07T16:29:23.991868Z
616,2026-06-08,2026-09-06,200,13104,13069,0,,2026-09-07T16:29:27.596730Z
618,2026-06-08,2026-09-06,200,13104,13066,0,,2026-09-07T16:29:31.281072Z
619,2026-06-08,2026-09-06,200,13104,13061,0,,2026-09-07T16:29:35.114337Z
628,2026-06-08,2026-09-06,200,13104,13070,0,,2026-09-07T16:29:38.661109Z
630,2026-06-08,2026-09-06,200,13104,13070,0,,2026-09-07T16:29:42.233270Z
638,2026-06-08,2026-09-06,200,13104,13070,0,,2026-09-07T16:29:45.819827Z
638734,2026-06-08,2026-09-06,200,13104,12767,0,,2026-09-07T16:29:49.297795Z
640,2026-06-08,2026-09-06,200,13104,12621,0,,2026-09-07T16:29:52.760769Z
642740,2026-06-08,2026-09-06,200,13104,13033,0,,2026-09-07T16:29:56.220126Z
642750,2026-06-08,2026-09-06,200,13104,13020,0,,2026-09-07T16:29:59.663690Z
642753,2026-06-08,2026-09-06,200,13104,13016,0,,2026-09-07T16:30:03.584145Z
645,2026-06-08,2026-09-06,200,13104,12961,0,,2026-09-07T16:30:09.247894Z
647,2026-06-08,2026-09-06,200,13104,13066,0,,2026-09-07T16:30:16.994472Z
648042,2026-06-08,2026-09-06,200,13104,13062,0,,2026-09-07T16:30:50.379952Z
653,2026-06-08,2026-09-06,200,13104,12934,0,,2026-09-07T16:31:02.715618Z
657,2026-06-08,2026-09-06,200,13104,13070,0,,2026-09-07T16:31:27.537337Z
658,2026-06-08,2026-09-06,200,13104,13069,0,,2026-09-07T16:31:34.945437Z
661,2026-06-08,2026-09-06,200,13104,13070,0,,2026-09-07T16:31:40.937199Z
664,2026-06-08,2026-09-06,200,13104,12954,0,,2026-09-07T16:31:47.441397Z
665,2026-06-08,2026-09-06,200,13104,13069,0,,2026-09-07T16:31:53.070444Z
667,2026-06-08,2026-09-06,200,13104,13067,0,,2026-09-07T16:31:58.662003Z
668,2026-06-08,2026-09-06,200,13104,13065,0,,2026-09-07T16:32:03.056376Z
670714,2026-06-08,2026-09-06,200,13104,13021,0,,2026-09-07T16:32:08.816159Z
670715,2026-06-08,2026-09-06,200,13104,13029,0,,2026-09-07T16:32:13.012272Z
671,2026-06-08,2026-09-06,200,13104,13066,0,,2026-09-07T16:32:18.764069Z
675,2026-06-08,2026-09-06,200,13104,13065,0,,2026-09-07T16:32:23.362820Z
676,2026-06-08,2026-09-06,200,13104,12726,0,,2026-09-07T16:32:27.516571Z
68,2026-06-08,2026-09-06,200,13104,13013,0,,2026-09-07T16:32:31.951740Z
680,2026-06-08,2026-09-06,200,13104,13064,0,,2026-09-07T16:32:36.412950Z
683,2026-06-08,2026-09-06,200,13104,13070,0,,2026-09-07T16:32:40.621483Z
685637,2026-06-08,2026-09-06,200,13104,13023,0,,2026-09-07T16:32:45.991861Z
685638,2026-06-08,2026-09-06,200,13104,8486,0,,2026-09-07T16:32:50.396723Z
685643,2026-06-08,2026-09-06,200,13104,12802,0,,2026-09-07T16:32:54.881028Z
685650,2026-06-08,2026-09-06,200,13104,11628,0,,2026-09-07T16:32:58.844697Z
685653,2026-06-08,2026-09-06,200,13104,12970,0,,2026-09-07T16:33:02.826454Z
685658,2026-06-08,2026-09-06,200,13104,12628,0,,2026-09-07T16:33:07.004025Z
685678,2026-06-08,2026-09-06,200,13104,4129,0,,2026-09-07T16:33:12.315926Z
691,2026-06-08,2026-09-06,200,13104,13037,0,,2026-09-07T16:33:17.715427Z
693,2026-06-08,2026-09-06,200,13104,13069,0,,2026-09-07T16:33:22.017733Z
700,2026-06-08,2026-09-06,200,13104,13069,0,,2026-09-07T16:33:26.483441Z
700551,2026-06-08,2026-09-06,200,2184,2163,0,,2026-09-07T16:33:28.384055Z
700553,2026-06-08,2026-09-06,200,2184,2161,0,,2026-09-07T16:33:30.244784Z
700559,2026-06-08,2026-09-06,200,2184,2161,0,,2026-09-07T16:33:32.139665Z
700592,2026-06-08,2026-09-06,200,2184,710,710,,2026-09-07T16:33:33.900638Z
706,2026-06-08,2026-09-06,200,13104,13037,0,,2026-09-07T16:33:38.589857Z
709,2026-06-08,2026-09-06,200,13104,13064,0,,2026-09-07T16:33:42.878216Z
71,2026-06-08,2026-09-06,200,13104,13030,0,,2026-09-07T16:33:47.359228Z
710,2026-06-08,2026-09-06,200,13104,13064,0,,2026-09-07T16:33:51.282046Z
714,2026-06-08,2026-09-06,200,13104,13063,0,,2026-09-07T16:33:55.645163Z
717,2026-06-08,2026-09-06,200,13104,13066,0,,2026-09-07T16:33:59.891156Z
726684,2026-06-08,2026-09-06,200,2184,1957,0,,2026-09-07T16:34:01.821906Z
731,2026-06-08,2026-09-06,200,13104,13059,0,,2026-09-07T16:34:06.017074Z
734,2026-06-08,2026-09-06,200,13104,13069,0,,2026-09-07T16:34:10.347130Z
736,2026-06-08,2026-09-06,200,13104,13067,0,,2026-09-07T16:34:14.284691Z
737,2026-06-08,2026-09-06,200,13104,13070,0,,2026-09-07T16:34:18.504801Z
738,2026-06-08,2026-09-06,200,13104,13069,0,,2026-09-07T16:34:22.824700Z
740532,2026-06-08,2026-09-06,200,13104,13044,0,,2026-09-07T16:34:27.205720Z
740533,2026-06-08,2026-09-06,200,13104,1152,0,,2026-09-07T16:34:31.369189Z
740537,2026-06-08,2026-09-06,200,13104,12861,0,,2026-09-07T16:34:35.792112Z
740538,2026-06-08,2026-09-06,200,13104,5892,0,,2026-09-07T16:34:40.038543Z
740540,2026-06-08,2026-09-06,200,13104,11063,0,,2026-09-07T16:34:44.048245Z
740720,2026-06-08,2026-09-06,200,13104,12945,0,,2026-09-07T16:34:48.074846Z
740723,2026-06-08,2026-09-06,200,13104,12970,0,,2026-09-07T16:34:52.060724Z
740726,2026-06-08,2026-09-06,200,13104,13005,0,,2026-09-07T16:34:56.321960Z
740727,2026-06-08,2026-09-06,200,13104,12915,0,,2026-09-07T16:35:00.294115Z
740729,2026-06-08,2026-09-06,200,13104,12912,0,,2026-09-07T16:35:05.048348Z
740730,2026-06-08,2026-09-06,200,13104,12872,0,,2026-09-07T16:35:09.936708Z
740731,2026-06-08,2026-09-06,200,13104,12990,0,,2026-09-07T16:35:14.991527Z
740736,2026-06-08,2026-09-06,200,13104,12865,0,,2026-09-07T16:35:20.816842Z
740737,2026-06-08,2026-09-06,200,13104,13013,0,,2026-09-07T16:35:27.252653Z
740738,2026-06-08,2026-09-06,200,13104,12639,0,,2026-09-07T16:35:37.179375Z
740739,2026-06-08,2026-09-06,200,13104,6247,0,,2026-09-07T16:35:45.337466Z
740740,2026-06-08,2026-09-06,200,13104,13022,0,,2026-09-07T16:35:50.614507Z
740742,2026-06-08,2026-09-06,200,13104,12951,0,,2026-09-07T16:35:55.510595Z
740746,2026-06-08,2026-09-06,200,13104,13013,0,,2026-09-07T16:35:59.948932Z
745,2026-06-08,2026-09-06,200,13104,13061,0,,2026-09-07T16:36:05.125292Z
745748,2026-06-08,2026-09-06,200,13104,12975,0,,2026-09-07T16:36:10.920670Z
747,2026-06-08,2026-09-06,200,13104,13037,0,,2026-09-07T16:36:17.864009Z
748,2026-06-08,2026-09-06,200,13104,13061,0,,2026-09-07T16:36:23.136241Z
749,2026-06-08,2026-09-06,200,13104,7660,0,,2026-09-07T16:36:27.909521Z
750,2026-06-08,2026-09-06,200,13104,13067,0,,2026-09-07T16:36:32.252076Z
751,2026-06-08,2026-09-06,200,13104,13069,0,,2026-09-07T16:36:36.669829Z
754,2026-06-08,2026-09-06,200,13104,13034,0,,2026-09-07T16:36:40.905975Z
755,2026-06-08,2026-09-06,200,13104,13068,0,,2026-09-07T16:36:45.057467Z
758,2026-06-08,2026-09-06,200,13104,13027,0,,2026-09-07T16:36:49.006511Z
770,2026-06-08,2026-09-06,200,13104,13061,0,,2026-09-07T16:36:53.508568Z
772,2026-06-08,2026-09-06,200,13104,13060,0,,2026-09-07T16:36:57.811869Z
784,2026-06-08,2026-09-06,200,13104,13064,0,,2026-09-07T16:37:02.064750Z
786010,2026-06-08,2026-09-06,200,2184,1500,0,,2026-09-07T16:37:03.927925Z
79,2026-06-08,2026-09-06,200,13104,13067,0,,2026-09-07T16:37:07.943172Z
792,2026-06-08,2026-09-06,200,13104,13037,0,,2026-09-07T16:37:12.229436Z
794,2026-06-08,2026-09-06,200,13104,12946,0,,2026-09-07T16:37:16.493161Z
795,2026-06-08,2026-09-06,200,13104,13033,0,,2026-09-07T16:37:20.448220Z
8,2026-06-08,2026-09-06,200,13104,13062,0,,2026-09-07T16:37:24.677981Z
80,2026-06-08,2026-09-06,200,13104,13070,0,,2026-09-07T16:37:28.794082Z
802,2026-06-08,2026-09-06,200,13104,9362,0,,2026-09-07T16:37:32.783587Z
804,2026-06-08,2026-09-06,200,13104,13035,0,,2026-09-07T16:37:37.076997Z
812,2026-06-08,2026-09-06,200,13104,12906,0,,2026-09-07T16:37:41.279089Z
823,2026-06-08,2026-09-06,200,13104,13012,0,,2026-09-07T16:37:45.184460Z
824,2026-06-08,2026-09-06,200,13104,13066,0,,2026-09-07T16:37:49.467220Z
825,2026-06-08,2026-09-06,200,13104,13062,0,,2026-09-07T16:37:53.513035Z
826,2026-06-08,2026-09-06,200,13104,12952,0,,2026-09-07T16:37:57.433839Z
828,2026-06-08,2026-09-06,200,13104,13054,0,,2026-09-07T16:38:01.652168Z
829,2026-06-08,2026-09-06,200,13104,13065,0,,2026-09-07T16:38:05.966191Z
83,2026-06-08,2026-09-06,200,13104,12938,0,,2026-09-07T16:38:10.224015Z
832057,2026-06-08,2026-09-06,200,2184,1974,1,,2026-09-07T16:38:12.174306Z
832059,2026-06-08,2026-09-06,200,2184,1985,0,,2026-09-07T16:38:14.022453Z
835,2026-06-08,2026-09-06,200,13104,88,0,,2026-09-07T16:38:17.885603Z
841,2026-06-08,2026-09-06,200,13104,12922,0,,2026-09-07T16:38:22.032680Z
845,2026-06-08,2026-09-06,200,13104,12917,0,,2026-09-07T16:38:26.055216Z
846,2026-06-08,2026-09-06,200,13104,7558,0,,2026-09-07T16:38:30.108348Z
849,2026-06-08,2026-09-06,200,13104,13024,0,,2026-09-07T16:38:34.367056Z
850,2026-06-08,2026-09-06,200,13104,13026,0,,2026-09-07T16:38:38.595128Z
852087,2026-06-08,2026-09-06,200,13104,12931,0,,2026-09-07T16:38:43.046803Z
855,2026-06-08,2026-09-06,200,13104,13056,0,,2026-09-07T16:38:47.381226Z
858,2026-06-08,2026-09-06,200,13104,10899,0,,2026-09-07T16:38:51.716739Z
859,2026-06-08,2026-09-06,200,13104,13059,0,,2026-09-07T16:38:55.963477Z
860,2026-06-08,2026-09-06,200,13104,12965,0,,2026-09-07T16:39:00.394089Z
861,2026-06-08,2026-09-06,200,13104,12925,0,,2026-09-07T16:39:04.565949Z
865,2026-06-08,2026-09-06,200,13104,12933,0,,2026-09-07T16:39:08.954754Z
869,2026-06-08,2026-09-06,200,13104,13007,0,,2026-09-07T16:39:13.313104Z
870,2026-06-08,2026-09-06,200,13104,12550,0,,2026-09-07T16:39:17.335525Z
89,2026-06-08,2026-09-06,200,13104,13057,0,,2026-09-07T16:39:21.508374Z
901,2026-06-08,2026-09-06,200,13104,13063,0,,2026-09-07T16:39:25.406326Z
905,2026-06-08,2026-09-06,200,13104,13034,0,,2026-09-07T16:39:29.366615Z
922,2026-06-08,2026-09-06,200,13104,12605,0,,2026-09-07T16:39:33.759080Z
9822342,2026-06-08,2026-09-06,200,13104,9129,0,,2026-09-07T16:39:37.748448Z
9930854,2026-06-08,2026-09-06,200,13104,12552,0,,2026-09-07T16:39:41.868394Z
9930856,2026-06-08,2026-09-06,200,13104,12374,0,,2026-09-07T16:39:46.109250Z
9931002,2026-06-08,2026-09-06,200,13104,11682,0,,2026-09-07T16:39:50.084678Z
9931004,2026-06-08,2026-09-06,200,13104,11809,0,,2026-09-07T16:39:54.387824Z
9931006,2026-06-08,2026-09-06,200,13104,11561,0,,2026-09-07T16:39:58.554329Z
9931008,2026-06-08,2026-09-06,200,13104,11674,0,,2026-09-07T16:40:02.766260Z
999395,2026-06-08,2026-09-06,200,2184,1975,0,,2026-09-07T16:40:04.918465Z
