station_id,station_name,window_start,window_end,http_status,rows,nonnull_value,nonnull_discharge,request_error,probed_at
1121218,Huai Samran Bridge,2026-06-08,2026-09-06,200,13104,10555,0,,2026-09-07T15:33:54.839942Z
11568367,Main low pressure water pumping plant (Mae Sai),2026-06-08,2026-09-06,200,13104,1003,0,,2026-09-07T15:33:58.999376Z
11688546,,2026-06-08,2026-09-06,200,2184,0,0,,2026-09-07T15:34:00.932704Z
11688685,,2026-06-08,2026-09-06,200,2184,0,0,,2026-09-07T15:34:02.817746Z
11688715,,2026-06-08,2026-09-06,200,2184,0,0,,2026-09-07T15:34:04.747401Z
11688749,,2026-06-08,2026-09-06,200,2184,0,0,,2026-09-07T15:34:06.726383Z
11688817,,2026-06-08,2026-09-06,200,2184,0,0,,2026-09-07T15:34:08.660716Z
11688823,,2026-06-08,2026-09-06,200,2184,0,0,,2026-09-07T15:34:10.531060Z
11688849,,2026-06-08,2026-09-06,200,2184,0,0,,2026-09-07T15:34:12.305995Z
11689002,,2026-06-08,2026-09-06,200,2184,0,0,,2026-09-07T15:34:14.084128Z
11689003,,2026-06-08,2026-09-06,200,2184,0,0,,2026-09-07T15:34:15.886531Z
11689067,,2026-06-08,2026-09-06,200,2184,0,0,,2026-09-07T15:34:17.762505Z
11689072,,2026-06-08,2026-09-06,200,2184,0,0,,2026-09-07T15:34:19.624843Z
11689150,,2026-06-08,2026-09-06,200,2184,0,0,,2026-09-07T15:34:21.455907Z
12485,Nakhon Si Thammarat 4,2026-06-08,2026-09-06,200,13104,9429,0,,2026-09-07T15:34:26.542893Z
14,Krung Thep 4,2026-06-08,2026-09-06,200,13104,10084,0,,2026-09-07T15:34:31.939687Z
1476459,Mae Tam Bridge,2026-06-08,2026-09-06,200,13104,8202,0,,2026-09-07T15:34:36.425127Z
191,Mueang Sa Kaeo,2026-06-08,2026-09-06,200,13104,9582,0,,2026-09-07T15:34:41.686443Z
393,Song Kram 3,2026-06-08,2026-09-06,200,13104,2002,0,,2026-09-07T15:34:45.622989Z
479237,Chi 10-1,2026-06-08,2026-09-06,200,13104,2403,0,,2026-09-07T15:34:50.037031Z
479240,Num Kum 1,2026-06-08,2026-09-06,200,13104,8539,0,,2026-09-07T15:34:54.912458Z
516210,Lamnam Khwang,2026-06-08,2026-09-06,200,13104,10179,0,,2026-09-07T15:35:00.138810Z
575565,Srinakorn Khuaenkhan Park,2026-06-08,2026-09-06,200,13104,5063,0,,2026-09-07T15:35:05.570446Z
575569,Khlong Ta Sot Gate,2026-06-08,2026-09-06,200,13104,9969,0,,2026-09-07T15:35:13.379613Z
685638,Mae Nam Wa (Ban Bo Yuak) Bridge,2026-06-08,2026-09-06,200,13104,8486,0,,2026-09-07T15:35:19.763056Z
700592,,2026-06-08,2026-09-06,200,2184,710,710,,2026-09-07T15:35:21.933681Z
