station_no,product_id,in_baseline,url,probe_content_length,http_status,declared_rows,declared_unit,declared_parameter,timeseries_name,read_error,read_at
1010,discharge_reported,True,https://vodostaji.voda.ba/data/internet/stations/1/1010/Q/Q_1Y.xlsx,274750,200,17209,m³/s,Proticaj,81 Web Kontinuirani,,2026-09-07T09:06:16.647098Z
1010,stage_reported,True,https://vodostaji.voda.ba/data/internet/stations/1/1010/H/H_1Y.xlsx,245786,200,17209,cm,Vodostaj,81 Web Kontinuirani,,2026-09-07T09:06:17.220073Z
1010,water_temperature_reported,True,https://vodostaji.voda.ba/data/internet/stations/1/1010/WT/Tvode_1Y.xlsx,3627,200,0,°C,Temperatura vode,81 Web Kontinuirani,,2026-09-07T09:06:17.549973Z
1011,discharge_reported,False,https://vodostaji.voda.ba/data/internet/stations/1/1011/Q/Q_1Y.xlsx,192008,200,16795,m³/s,Proticaj,81 Web Kontinuirani,,2026-09-07T09:06:18.068957Z
1011,stage_reported,False,https://vodostaji.voda.ba/data/internet/stations/1/1011/H/H_1Y.xlsx,224404,200,17207,cm,Vodostaj,81 Web Kontinuirani,,2026-09-07T09:06:18.655131Z
1011,water_temperature_reported,False,https://vodostaji.voda.ba/data/internet/stations/1/1011/WT/Tvode_1Y.xlsx,3626,200,0,°C,Temperatura vode,81 Web Kontinuirani,,2026-09-07T09:06:18.990479Z
1012,discharge_reported,False,https://vodostaji.voda.ba/data/internet/stations/1/1012/Q/Q_1Y.xlsx,188093,200,16442,m³/s,Proticaj,81 Web Kontinuirani,,2026-09-07T09:06:19.506527Z
1012,stage_reported,False,https://vodostaji.voda.ba/data/internet/stations/1/1012/H/H_1Y.xlsx,222818,200,16983,cm,Vodostaj,81 Web Kontinuirani,,2026-09-07T09:06:20.088211Z
1012,water_temperature_reported,False,https://vodostaji.voda.ba/data/internet/stations/1/1012/WT/Tvode_1Y.xlsx,3628,200,0,°C,Temperatura vode,81 Web Kontinuirani,,2026-09-07T09:06:20.426967Z
1020,discharge_reported,True,https://vodostaji.voda.ba/data/internet/stations/1/1020/Q/Q_1Y.xlsx,139570,200,8517,m³/s,Proticaj,81 Web Kontinuirani,,2026-09-07T09:06:20.913767Z
1020,stage_reported,True,https://vodostaji.voda.ba/data/internet/stations/1/1020/H/H_1Y.xlsx,125654,200,8517,cm,Vodostaj,81 Web Kontinuirani,,2026-09-07T09:06:21.393230Z
1020,water_temperature_reported,True,https://vodostaji.voda.ba/data/internet/stations/1/1020/WT/Tvode_1Y.xlsx,95020,200,7251,°C,Temperatura vode,81 Web Kontinuirani,,2026-09-07T09:06:21.823852Z
1030,discharge_reported,False,https://vodostaji.voda.ba/data/internet/stations/1/1030/Q/Q_1Y.xlsx,30848,200,2090,m³/s,Proticaj,81 Web Kontinuirani,,2026-09-07T09:06:22.203969Z
1030,stage_reported,False,https://vodostaji.voda.ba/data/internet/stations/1/1030/H/H_1Y.xlsx,91191,200,7598,cm,Vodostaj,81 Web Kontinuirani,,2026-09-07T09:06:22.667349Z
1030,water_temperature_reported,False,https://vodostaji.voda.ba/data/internet/stations/1/1030/WT/Tvode_1Y.xlsx,64871,200,5512,°C,Temperatura vode,81 Web Kontinuirani,,2026-09-07T09:06:23.100335Z
1031,discharge_reported,False,https://vodostaji.voda.ba/data/internet/stations/1/1031/Q/Q_1Y.xlsx,169879,200,14777,m³/s,Proticaj,81 Web Kontinuirani,,2026-09-07T09:06:23.611834Z
1031,stage_reported,False,https://vodostaji.voda.ba/data/internet/stations/1/1031/H/H_1Y.xlsx,218965,200,15565,cm,Vodostaj,81 Web Kontinuirani,,2026-09-07T09:06:24.170964Z
1031,water_temperature_reported,False,https://vodostaji.voda.ba/data/internet/stations/1/1031/WT/Tvode_1Y.xlsx,3638,200,0,°C,Temperatura vode,81 Web Kontinuirani,,2026-09-07T09:06:24.495135Z
1032,discharge_reported,False,https://vodostaji.voda.ba/data/internet/stations/1/1032/Q/Q_1Y.xlsx,169846,200,14774,m³/s,Proticaj,81 Web Kontinuirani,,2026-09-07T09:06:25.003699Z
1032,stage_reported,False,https://vodostaji.voda.ba/data/internet/stations/1/1032/H/H_1Y.xlsx,209107,200,15566,cm,Vodostaj,81 Web Kontinuirani,,2026-09-07T09:06:25.544287Z
1032,water_temperature_reported,False,https://vodostaji.voda.ba/data/internet/stations/1/1032/WT/Tvode_1Y.xlsx,3639,200,0,°C,Temperatura vode,81 Web Kontinuirani,,2026-09-07T09:06:25.873009Z
1033,discharge_reported,False,https://vodostaji.voda.ba/data/internet/stations/1/1033/Q/Q_1Y.xlsx,169846,200,14775,m³/s,Proticaj,81 Web Kontinuirani,,2026-09-07T09:06:26.391107Z
1033,stage_reported,False,https://vodostaji.voda.ba/data/internet/stations/1/1033/H/H_1Y.xlsx,210354,200,15569,cm,Vodostaj,81 Web Kontinuirani,,2026-09-07T09:06:26.943715Z
1033,water_temperature_reported,False,https://vodostaji.voda.ba/data/internet/stations/1/1033/WT/Tvode_1Y.xlsx,3631,200,0,°C,Temperatura vode,81 Web Kontinuirani,,2026-09-07T09:06:27.271777Z
1110,discharge_reported,False,https://vodostaji.voda.ba/data/internet/stations/1/1110/Q/Q_1Y.xlsx,3740,200,1,m³/s,Proticaj,81 Web Kontinuirani,,2026-09-07T09:06:27.598004Z
1110,stage_reported,False,https://vodostaji.voda.ba/data/internet/stations/1/1110/H/H_1Y.xlsx,118416,200,8688,cm,Vodostaj,81 Web Kontinuirani,,2026-09-07T09:06:28.078711Z
1110,water_temperature_reported,False,https://vodostaji.voda.ba/data/internet/stations/1/1110/WT/Tvode_1Y.xlsx,3630,200,0,°C,Temperatura vode,81 Web Kontinuirani,,2026-09-07T09:06:28.420174Z
1114,discharge_reported,True,https://vodostaji.voda.ba/data/internet/stations/2/1114/Q/Q_1Y.xlsx,114468,200,7539,m³/s,Proticaj,81 Web Kontinuirani,,2026-09-07T09:06:28.909204Z
1114,stage_reported,True,https://vodostaji.voda.ba/data/internet/stations/2/1114/H/H_1Y.xlsx,109927,200,7539,cm,Vodostaj,81 Web Kontinuirani,,2026-09-07T09:06:29.391459Z
1114,water_temperature_reported,True,https://vodostaji.voda.ba/data/internet/stations/2/1114/WT/Tvode_1Y.xlsx,3633,200,0,°C,Temperatura vode,81 Web Kontinuirani,,2026-09-07T09:06:29.727390Z
2010,discharge_reported,True,https://vodostaji.voda.ba/data/internet/stations/2/2010/Q/Q_1Y.xlsx,121383,200,8232,m³/s,Proticaj,81 Web Kontinuirani,,2026-09-07T09:06:30.184222Z
2010,stage_reported,True,https://vodostaji.voda.ba/data/internet/stations/2/2010/H/H_1Y.xlsx,120371,200,8580,cm,Vodostaj,81 Web Kontinuirani,,2026-09-07T09:06:30.674576Z
2010,water_temperature_reported,True,https://vodostaji.voda.ba/data/internet/stations/2/2010/WT/Tvode_1Y.xlsx,3629,200,0,°C,Temperatura vode,81 Web Kontinuirani,,2026-09-07T09:06:31.002896Z
2020,discharge_reported,True,https://vodostaji.voda.ba/data/internet/stations/2/2020/Q/Q_1Y.xlsx,112148,200,8701,m³/s,Proticaj,81 Web Kontinuirani,,2026-09-07T09:06:31.487557Z
2020,stage_reported,True,https://vodostaji.voda.ba/data/internet/stations/2/2020/H/H_1Y.xlsx,108984,200,8701,cm,Vodostaj,81 Web Kontinuirani,,2026-09-07T09:06:31.966414Z
2020,water_temperature_reported,True,https://vodostaji.voda.ba/data/internet/stations/2/2020/WT/Tvode_1Y.xlsx,3629,200,0,°C,Temperatura vode,81 Web Kontinuirani,,2026-09-07T09:06:32.300252Z
2030,discharge_reported,True,https://vodostaji.voda.ba/data/internet/stations/2/2030/Q/Q_1Y.xlsx,131539,200,8701,m³/s,Proticaj,81 Web Kontinuirani,,2026-09-07T09:06:32.778935Z
2030,stage_reported,True,https://vodostaji.voda.ba/data/internet/stations/2/2030/H/H_1Y.xlsx,124521,200,8701,cm,Vodostaj,81 Web Kontinuirani,,2026-09-07T09:06:33.255849Z
2030,water_temperature_reported,True,https://vodostaji.voda.ba/data/internet/stations/2/2030/WT/Tvode_1Y.xlsx,3628,200,0,°C,Temperatura vode,81 Web Kontinuirani,,2026-09-07T09:06:33.581383Z
2031,discharge_reported,False,https://vodostaji.voda.ba/data/internet/stations/2/2031/Q/Q_1Y.xlsx,98556,200,8569,m³/s,Proticaj,81 Web Kontinuirani,,2026-09-07T09:06:34.034033Z
2031,stage_reported,False,https://vodostaji.voda.ba/data/internet/stations/2/2031/H/H_1Y.xlsx,106991,200,8695,cm,Vodostaj,81 Web Kontinuirani,,2026-09-07T09:06:34.520616Z
2031,water_temperature_reported,False,https://vodostaji.voda.ba/data/internet/stations/2/2031/WT/Tvode_1Y.xlsx,112443,200,8695,°C,Temperatura vode,81 Web Kontinuirani,,2026-09-07T09:06:35.009403Z
2035,discharge_reported,True,https://vodostaji.voda.ba/data/internet/stations/2/2035/Q/Q_1Y.xlsx,126335,200,8690,m³/s,Proticaj,81 Web Kontinuirani,,2026-09-07T09:06:35.504352Z
2035,stage_reported,True,https://vodostaji.voda.ba/data/internet/stations/2/2035/H/H_1Y.xlsx,120856,200,8690,cm,Vodostaj,81 Web Kontinuirani,,2026-09-07T09:06:35.998693Z
2035,water_temperature_reported,True,https://vodostaji.voda.ba/data/internet/stations/2/2035/WT/Tvode_1Y.xlsx,3631,200,0,°C,Temperatura vode,81 Web Kontinuirani,,2026-09-07T09:06:36.338091Z
2040,discharge_reported,False,https://vodostaji.voda.ba/data/internet/stations/2/2040/Q/Q_1Y.xlsx,98226,200,8535,m³/s,Proticaj,81 Web Kontinuirani,,2026-09-07T09:06:36.796136Z
2040,stage_reported,False,https://vodostaji.voda.ba/data/internet/stations/2/2040/H/H_1Y.xlsx,110043,200,8701,cm,Vodostaj,81 Web Kontinuirani,,2026-09-07T09:06:37.276248Z
2040,water_temperature_reported,False,https://vodostaji.voda.ba/data/internet/stations/2/2040/WT/Tvode_1Y.xlsx,112790,200,8701,°C,Temperatura vode,81 Web Kontinuirani,,2026-09-07T09:06:37.753863Z
2050,discharge_reported,True,https://vodostaji.voda.ba/data/internet/stations/2/2050/Q/Q_1Y.xlsx,104729,200,6793,m³/s,Proticaj,81 Web Kontinuirani,,2026-09-07T09:06:38.269062Z
2050,stage_reported,True,https://vodostaji.voda.ba/data/internet/stations/2/2050/H/H_1Y.xlsx,97230,200,6793,cm,Vodostaj,81 Web Kontinuirani,,2026-09-07T09:06:38.773359Z
2050,water_temperature_reported,True,https://vodostaji.voda.ba/data/internet/stations/2/2050/WT/Tvode_1Y.xlsx,3634,200,0,°C,Temperatura vode,81 Web Kontinuirani,,2026-09-07T09:06:39.106018Z
2060,discharge_reported,True,https://vodostaji.voda.ba/data/internet/stations/2/2060/Q/Q_1Y.xlsx,130592,200,8702,m³/s,Proticaj,81 Web Kontinuirani,,2026-09-07T09:06:39.600075Z
2060,stage_reported,True,https://vodostaji.voda.ba/data/internet/stations/2/2060/H/H_1Y.xlsx,123154,200,8702,cm,Vodostaj,81 Web Kontinuirani,,2026-09-07T09:06:40.078687Z
2060,water_temperature_reported,True,https://vodostaji.voda.ba/data/internet/stations/2/2060/WT/Tvode_1Y.xlsx,114220,200,8702,°C,Temperatura vode,81 Web Kontinuirani,,2026-09-07T09:06:40.580816Z
2101-B,discharge_reported,True,https://vodostaji.voda.ba/data/internet/stations/3/2101-B/Q/Q_1Y.xlsx,119600,200,8690,m³/s,Proticaj,81 Web Kontinuirani,,2026-09-07T09:06:41.084357Z
2101-B,stage_reported,True,https://vodostaji.voda.ba/data/internet/stations/3/2101-B/H/H_1Y.xlsx,118580,200,8690,cm,Vodostaj,81 Web Kontinuirani,,2026-09-07T09:06:41.589028Z
2101-B,water_temperature_reported,True,https://vodostaji.voda.ba/data/internet/stations/3/2101-B/WT/Tvode_1Y.xlsx,3633,200,0,°C,Temperatura vode,81 Web Kontinuirani,,2026-09-07T09:06:41.929706Z
2103,discharge_reported,True,https://vodostaji.voda.ba/data/internet/stations/3/2103/Q/Q_1Y.xlsx,119012,200,8140,m³/s,Proticaj,81 Web Kontinuirani,,2026-09-07T09:06:42.435830Z
2103,stage_reported,True,https://vodostaji.voda.ba/data/internet/stations/3/2103/H/H_1Y.xlsx,106827,200,7387,cm,Vodostaj,81 Web Kontinuirani,,2026-09-07T09:06:42.929416Z
2103,water_temperature_reported,True,https://vodostaji.voda.ba/data/internet/stations/3/2103/WT/Tvode_1Y.xlsx,3634,200,0,°C,Temperatura vode,81 Web Kontinuirani,,2026-09-07T09:06:43.269056Z
2110,discharge_reported,True,https://vodostaji.voda.ba/data/internet/stations/2/2110/Q/Q_1Y.xlsx,122023,200,8701,m³/s,Proticaj,81 Web Kontinuirani,,2026-09-07T09:06:43.793348Z
2110,stage_reported,True,https://vodostaji.voda.ba/data/internet/stations/2/2110/H/H_1Y.xlsx,119600,200,8701,cm,Vodostaj,81 Web Kontinuirani,,2026-09-07T09:06:44.384257Z
2110,water_temperature_reported,True,https://vodostaji.voda.ba/data/internet/stations/2/2110/WT/Tvode_1Y.xlsx,3626,200,0,°C,Temperatura vode,81 Web Kontinuirani,,2026-09-07T09:06:44.712157Z
2120,discharge_reported,True,https://vodostaji.voda.ba/data/internet/stations/2/2120/Q/Q_1Y.xlsx,123794,200,8701,m³/s,Proticaj,81 Web Kontinuirani,,2026-09-07T09:06:45.217768Z
2120,stage_reported,True,https://vodostaji.voda.ba/data/internet/stations/2/2120/H/H_1Y.xlsx,119973,200,8701,cm,Vodostaj,81 Web Kontinuirani,,2026-09-07T09:06:45.699661Z
2120,water_temperature_reported,True,https://vodostaji.voda.ba/data/internet/stations/2/2120/WT/Tvode_1Y.xlsx,111607,200,8701,°C,Temperatura vode,81 Web Kontinuirani,,2026-09-07T09:06:46.169701Z
2210,discharge_reported,True,https://vodostaji.voda.ba/data/internet/stations/2/2210/Q/Q_1Y.xlsx,129380,200,8701,m³/s,Proticaj,81 Web Kontinuirani,,2026-09-07T09:06:46.675155Z
2210,stage_reported,True,https://vodostaji.voda.ba/data/internet/stations/2/2210/H/H_1Y.xlsx,125577,200,8701,cm,Vodostaj,81 Web Kontinuirani,,2026-09-07T09:06:47.162527Z
2210,water_temperature_reported,True,https://vodostaji.voda.ba/data/internet/stations/2/2210/WT/Tvode_1Y.xlsx,3627,200,0,°C,Temperatura vode,81 Web Kontinuirani,,2026-09-07T09:06:47.500351Z
2310,discharge_reported,True,https://vodostaji.voda.ba/data/internet/stations/2/2310/Q/Q_1Y.xlsx,113539,200,7816,m³/s,Proticaj,81 Web Kontinuirani,,2026-09-07T09:06:48.000661Z
2310,stage_reported,True,https://vodostaji.voda.ba/data/internet/stations/2/2310/H/H_1Y.xlsx,106162,200,7779,cm,Vodostaj,81 Web Kontinuirani,,2026-09-07T09:06:48.507924Z
2310,water_temperature_reported,True,https://vodostaji.voda.ba/data/internet/stations/2/2310/WT/Tvode_1Y.xlsx,3631,200,0,°C,Temperatura vode,81 Web Kontinuirani,,2026-09-07T09:06:48.841363Z
2320,discharge_reported,True,https://vodostaji.voda.ba/data/internet/stations/2/2320/Q/Q_1Y.xlsx,115674,200,8702,m³/s,Proticaj,81 Web Kontinuirani,,2026-09-07T09:06:49.311869Z
2320,stage_reported,True,https://vodostaji.voda.ba/data/internet/stations/2/2320/H/H_1Y.xlsx,110927,200,8702,cm,Vodostaj,81 Web Kontinuirani,,2026-09-07T09:06:49.800968Z
2320,water_temperature_reported,True,https://vodostaji.voda.ba/data/internet/stations/2/2320/WT/Tvode_1Y.xlsx,113868,200,8702,°C,Temperatura vode,81 Web Kontinuirani,,2026-09-07T09:06:50.277003Z
3010,discharge_reported,True,https://vodostaji.voda.ba/data/internet/stations/3/3010/Q/Q_1Y.xlsx,121535,200,8688,m³/s,Proticaj,81 Web Kontinuirani,,2026-09-07T09:06:50.759980Z
3010,stage_reported,True,https://vodostaji.voda.ba/data/internet/stations/3/3010/H/H_1Y.xlsx,120085,200,8687,cm,Vodostaj,81 Web Kontinuirani,,2026-09-07T09:06:51.242450Z
3010,water_temperature_reported,True,https://vodostaji.voda.ba/data/internet/stations/3/3010/WT/Tvode_1Y.xlsx,3632,200,0,°C,Temperatura vode,81 Web Kontinuirani,,2026-09-07T09:06:51.575330Z
3020,discharge_reported,True,https://vodostaji.voda.ba/data/internet/stations/3/3020/Q/Q_1Y.xlsx,126529,200,8687,m³/s,Proticaj,81 Web Kontinuirani,,2026-09-07T09:06:52.061084Z
3020,stage_reported,True,https://vodostaji.voda.ba/data/internet/stations/3/3020/H/H_1Y.xlsx,122859,200,8687,cm,Vodostaj,81 Web Kontinuirani,,2026-09-07T09:06:52.552019Z
3020,water_temperature_reported,True,https://vodostaji.voda.ba/data/internet/stations/3/3020/WT/Tvode_1Y.xlsx,3629,200,0,°C,Temperatura vode,81 Web Kontinuirani,,2026-09-07T09:06:52.879654Z
3030,discharge_reported,True,https://vodostaji.voda.ba/data/internet/stations/3/3030/Q/Q_1Y.xlsx,126338,200,8670,m³/s,Proticaj,81 Web Kontinuirani,,2026-09-07T09:06:53.381307Z
3030,stage_reported,True,https://vodostaji.voda.ba/data/internet/stations/3/3030/H/H_1Y.xlsx,122776,200,8670,cm,Vodostaj,81 Web Kontinuirani,,2026-09-07T09:06:53.862137Z
3030,water_temperature_reported,True,https://vodostaji.voda.ba/data/internet/stations/3/3030/WT/Tvode_1Y.xlsx,3628,200,0,°C,Temperatura vode,81 Web Kontinuirani,,2026-09-07T09:06:54.193811Z
3040,discharge_reported,True,https://vodostaji.voda.ba/data/internet/stations/3/3040/Q/Q_1Y.xlsx,124258,200,8690,m³/s,Proticaj,81 Web Kontinuirani,,2026-09-07T09:06:54.674226Z
3040,stage_reported,True,https://vodostaji.voda.ba/data/internet/stations/3/3040/H/H_1Y.xlsx,121332,200,8690,cm,Vodostaj,81 Web Kontinuirani,,2026-09-07T09:06:55.166850Z
3040,water_temperature_reported,True,https://vodostaji.voda.ba/data/internet/stations/3/3040/WT/Tvode_1Y.xlsx,3629,200,0,°C,Temperatura vode,81 Web Kontinuirani,,2026-09-07T09:06:55.505101Z
4010,discharge_reported,True,https://vodostaji.voda.ba/data/internet/stations/4/4010/Q/Q_1Y.xlsx,109756,200,7830,m³/s,Proticaj,81 Web Kontinuirani,,2026-09-07T09:06:55.971567Z
4010,stage_reported,True,https://vodostaji.voda.ba/data/internet/stations/4/4010/H/H_1Y.xlsx,107744,200,7830,cm,Vodostaj,81 Web Kontinuirani,,2026-09-07T09:06:56.443998Z
4010,water_temperature_reported,True,https://vodostaji.voda.ba/data/internet/stations/4/4010/WT/Tvode_1Y.xlsx,3630,200,0,°C,Temperatura vode,81 Web Kontinuirani,,2026-09-07T09:06:56.776114Z
4020,discharge_reported,True,https://vodostaji.voda.ba/data/internet/stations/4/4020/Q/Q_1Y.xlsx,114829,200,8086,m³/s,Proticaj,81 Web Kontinuirani,,2026-09-07T09:06:57.251552Z
4020,stage_reported,True,https://vodostaji.voda.ba/data/internet/stations/4/4020/H/H_1Y.xlsx,112906,200,7978,cm,Vodostaj,81 Web Kontinuirani,,2026-09-07T09:06:57.740127Z
4020,water_temperature_reported,True,https://vodostaji.voda.ba/data/internet/stations/4/4020/WT/Tvode_1Y.xlsx,3632,200,0,°C,Temperatura vode,81 Web Kontinuirani,,2026-09-07T09:06:58.077990Z
4023,discharge_reported,False,https://vodostaji.voda.ba/data/internet/stations/4/4023/Q/Q_1Y.xlsx,5614,200,164,m³/s,Proticaj,81 Web Kontinuirani,,2026-09-07T09:06:58.419788Z
4023,stage_reported,False,https://vodostaji.voda.ba/data/internet/stations/4/4023/H/H_1Y.xlsx,109520,200,7535,cm,Vodostaj,81 Web Kontinuirani,,2026-09-07T09:06:58.912518Z
4023,water_temperature_reported,False,https://vodostaji.voda.ba/data/internet/stations/4/4023/WT/Tvode_1Y.xlsx,3631,200,0,°C,Temperatura vode,81 Web Kontinuirani,,2026-09-07T09:06:59.255613Z
4024,discharge_reported,True,https://vodostaji.voda.ba/data/internet/stations/4/4024/Q/Q_1Y.xlsx,133491,200,8346,m³/s,Proticaj,81 Web Kontinuirani,,2026-09-07T09:06:59.736533Z
4024,stage_reported,True,https://vodostaji.voda.ba/data/internet/stations/4/4024/H/H_1Y.xlsx,121795,200,8347,cm,Vodostaj,81 Web Kontinuirani,,2026-09-07T09:07:00.206744Z
4024,water_temperature_reported,True,https://vodostaji.voda.ba/data/internet/stations/4/4024/WT/Tvode_1Y.xlsx,3633,200,0,°C,Temperatura vode,81 Web Kontinuirani,,2026-09-07T09:07:00.536582Z
4030,discharge_reported,True,https://vodostaji.voda.ba/data/internet/stations/4/4030/Q/Q_1Y.xlsx,114148,200,8621,m³/s,Proticaj,81 Web Kontinuirani,,2026-09-07T09:07:01.009509Z
4030,stage_reported,True,https://vodostaji.voda.ba/data/internet/stations/4/4030/H/H_1Y.xlsx,110815,200,8621,cm,Vodostaj,81 Web Kontinuirani,,2026-09-07T09:07:01.490154Z
4030,water_temperature_reported,True,https://vodostaji.voda.ba/data/internet/stations/4/4030/WT/Tvode_1Y.xlsx,3631,200,0,°C,Temperatura vode,81 Web Kontinuirani,,2026-09-07T09:07:01.826464Z
4042,discharge_reported,True,https://vodostaji.voda.ba/data/internet/stations/4/4042/Q/Q_1Y.xlsx,132265,200,8666,m³/s,Proticaj,81 Web Kontinuirani,,2026-09-07T09:07:02.311341Z
4042,stage_reported,True,https://vodostaji.voda.ba/data/internet/stations/4/4042/H/H_1Y.xlsx,125453,200,8666,cm,Vodostaj,81 Web Kontinuirani,,2026-09-07T09:07:02.824127Z
4042,water_temperature_reported,True,https://vodostaji.voda.ba/data/internet/stations/4/4042/WT/Tvode_1Y.xlsx,3631,200,0,°C,Temperatura vode,81 Web Kontinuirani,,2026-09-07T09:07:03.149612Z
4050,discharge_reported,True,https://vodostaji.voda.ba/data/internet/stations/4/4050/Q/Q_1Y.xlsx,134667,200,8692,m³/s,Proticaj,81 Web Kontinuirani,,2026-09-07T09:07:03.648109Z
4050,stage_reported,True,https://vodostaji.voda.ba/data/internet/stations/4/4050/H/H_1Y.xlsx,127186,200,8692,cm,Vodostaj,81 Web Kontinuirani,,2026-09-07T09:07:04.155858Z
4050,water_temperature_reported,True,https://vodostaji.voda.ba/data/internet/stations/4/4050/WT/Tvode_1Y.xlsx,3634,200,0,°C,Temperatura vode,81 Web Kontinuirani,,2026-09-07T09:07:04.482000Z
4055,discharge_reported,True,https://vodostaji.voda.ba/data/internet/stations/4/4055/Q/Q_1Y.xlsx,131563,200,8626,m³/s,Proticaj,81 Web Kontinuirani,,2026-09-07T09:07:04.975177Z
4055,stage_reported,True,https://vodostaji.voda.ba/data/internet/stations/4/4055/H/H_1Y.xlsx,124434,200,8626,cm,Vodostaj,81 Web Kontinuirani,,2026-09-07T09:07:05.463793Z
4055,water_temperature_reported,True,https://vodostaji.voda.ba/data/internet/stations/4/4055/WT/Tvode_1Y.xlsx,3633,200,0,°C,Temperatura vode,81 Web Kontinuirani,,2026-09-07T09:07:05.790178Z
4060,discharge_reported,True,https://vodostaji.voda.ba/data/internet/stations/4/4060/Q/Q_1Y.xlsx,117574,200,8701,m³/s,Proticaj,81 Web Kontinuirani,,2026-09-07T09:07:06.273393Z
4060,stage_reported,True,https://vodostaji.voda.ba/data/internet/stations/4/4060/H/H_1Y.xlsx,113060,200,8701,cm,Vodostaj,81 Web Kontinuirani,,2026-09-07T09:07:06.765763Z
4060,water_temperature_reported,True,https://vodostaji.voda.ba/data/internet/stations/4/4060/WT/Tvode_1Y.xlsx,3640,200,0,°C,Temperatura vode,81 Web Kontinuirani,,2026-09-07T09:07:07.091831Z
4061,discharge_reported,True,https://vodostaji.voda.ba/data/internet/stations/4/4061/Q/Q_1Y.xlsx,130125,200,8345,m³/s,Proticaj,81 Web Kontinuirani,,2026-09-07T09:07:07.725744Z
4061,stage_reported,True,https://vodostaji.voda.ba/data/internet/stations/4/4061/H/H_1Y.xlsx,122307,200,8345,cm,Vodostaj,81 Web Kontinuirani,,2026-09-07T09:07:08.221505Z
4061,water_temperature_reported,True,https://vodostaji.voda.ba/data/internet/stations/4/4061/WT/Tvode_1Y.xlsx,3640,200,0,°C,Temperatura vode,81 Web Kontinuirani,,2026-09-07T09:07:08.564658Z
4062,discharge_reported,True,https://vodostaji.voda.ba/data/internet/stations/4/4062/Q/Q_1Y.xlsx,444907,200,34757,m³/s,Proticaj,81 Web Kontinuirani,,2026-09-07T09:07:09.288784Z
4062,stage_reported,True,https://vodostaji.voda.ba/data/internet/stations/4/4062/H/H_1Y.xlsx,429107,200,34757,cm,Vodostaj,81 Web Kontinuirani,,2026-09-07T09:07:09.989422Z
4062,water_temperature_reported,True,https://vodostaji.voda.ba/data/internet/stations/4/4062/WT/Tvode_1Y.xlsx,3632,200,0,°C,Temperatura vode,81 Web Kontinuirani,,2026-09-07T09:07:10.385152Z
4070,discharge_reported,True,https://vodostaji.voda.ba/data/internet/stations/4/4070/Q/Q_1Y.xlsx,135301,200,8689,m³/s,Proticaj,81 Web Kontinuirani,,2026-09-07T09:07:10.919118Z
4070,stage_reported,True,https://vodostaji.voda.ba/data/internet/stations/4/4070/H/H_1Y.xlsx,126782,200,8689,cm,Vodostaj,81 Web Kontinuirani,,2026-09-07T09:07:11.394982Z
4070,water_temperature_reported,True,https://vodostaji.voda.ba/data/internet/stations/4/4070/WT/Tvode_1Y.xlsx,117433,200,8687,°C,Temperatura vode,81 Web Kontinuirani,,2026-09-07T09:07:11.878172Z
4071,discharge_reported,False,https://vodostaji.voda.ba/data/internet/stations/4/4071/Q/Q_1Y.xlsx,97352,200,8456,m³/s,Proticaj,81 Web Kontinuirani,,2026-09-07T09:07:12.354090Z
4071,stage_reported,False,https://vodostaji.voda.ba/data/internet/stations/4/4071/H/H_1Y.xlsx,126414,200,8688,cm,Vodostaj,81 Web Kontinuirani,,2026-09-07T09:07:12.842970Z
4071,water_temperature_reported,False,https://vodostaji.voda.ba/data/internet/stations/4/4071/WT/Tvode_1Y.xlsx,3627,200,0,°C,Temperatura vode,81 Web Kontinuirani,,2026-09-07T09:07:13.170442Z
4080,discharge_reported,False,https://vodostaji.voda.ba/data/internet/stations/4/4080/Q/Q_1Y.xlsx,97359,200,8456,m³/s,Proticaj,81 Web Kontinuirani,,2026-09-07T09:07:13.618844Z
4080,stage_reported,False,https://vodostaji.voda.ba/data/internet/stations/4/4080/H/H_1Y.xlsx,129287,200,8673,cm,Vodostaj,81 Web Kontinuirani,,2026-09-07T09:07:14.097832Z
4080,water_temperature_reported,False,https://vodostaji.voda.ba/data/internet/stations/4/4080/WT/Tvode_1Y.xlsx,3630,200,0,°C,Temperatura vode,81 Web Kontinuirani,,2026-09-07T09:07:14.426383Z
4109,discharge_reported,False,https://vodostaji.voda.ba/data/internet/stations/4/4109/Q/Q_1Y.xlsx,94818,200,8197,m³/s,Proticaj,81 Web Kontinuirani,,2026-09-07T09:07:14.884557Z
4109,stage_reported,False,https://vodostaji.voda.ba/data/internet/stations/4/4109/H/H_1Y.xlsx,117006,200,8439,cm,Vodostaj,81 Web Kontinuirani,,2026-09-07T09:07:15.361857Z
4109,water_temperature_reported,False,https://vodostaji.voda.ba/data/internet/stations/4/4109/WT/Tvode_1Y.xlsx,,404,,,,,,2026-09-07T09:07:15.695540Z
4110,discharge_reported,True,https://vodostaji.voda.ba/data/internet/stations/4/4110/Q/Q_1Y.xlsx,76202,200,5189,m³/s,Proticaj,81 Web Kontinuirani,,2026-09-07T09:07:16.134645Z
4110,stage_reported,True,https://vodostaji.voda.ba/data/internet/stations/4/4110/H/H_1Y.xlsx,74560,200,5189,cm,Vodostaj,81 Web Kontinuirani,,2026-09-07T09:07:16.579703Z
4110,water_temperature_reported,True,https://vodostaji.voda.ba/data/internet/stations/4/4110/WT/Tvode_1Y.xlsx,29228,200,1899,°C,Temperatura vode,81 Web Kontinuirani,,2026-09-07T09:07:16.974078Z
4111,discharge_reported,True,https://vodostaji.voda.ba/data/internet/stations/4/4111/Q/Q_1Y.xlsx,118738,200,8467,m³/s,Proticaj,81 Web Kontinuirani,,2026-09-07T09:07:17.479150Z
4111,stage_reported,True,https://vodostaji.voda.ba/data/internet/stations/4/4111/H/H_1Y.xlsx,117141,200,8467,cm,Vodostaj,81 Web Kontinuirani,,2026-09-07T09:07:17.977432Z
4111,water_temperature_reported,True,https://vodostaji.voda.ba/data/internet/stations/4/4111/WT/Tvode_1Y.xlsx,3629,200,0,°C,Temperatura vode,81 Web Kontinuirani,,2026-09-07T09:07:18.304413Z
4114,discharge_reported,False,https://vodostaji.voda.ba/data/internet/stations/4/4114/Q/Q_1Y.xlsx,95812,200,8289,m³/s,Proticaj,81 Web Kontinuirani,,2026-09-07T09:07:18.752577Z
4114,stage_reported,False,https://vodostaji.voda.ba/data/internet/stations/4/4114/H/H_1Y.xlsx,121961,200,8688,cm,Vodostaj,81 Web Kontinuirani,,2026-09-07T09:07:19.255536Z
4114,water_temperature_reported,False,https://vodostaji.voda.ba/data/internet/stations/4/4114/WT/Tvode_1Y.xlsx,3626,200,0,°C,Temperatura vode,81 Web Kontinuirani,,2026-09-07T09:07:19.626644Z
4121,discharge_reported,True,https://vodostaji.voda.ba/data/internet/stations/4/4121/Q/Q_1Y.xlsx,108584,200,7935,m³/s,Proticaj,81 Web Kontinuirani,,2026-09-07T09:07:20.096436Z
4121,stage_reported,True,https://vodostaji.voda.ba/data/internet/stations/4/4121/H/H_1Y.xlsx,111941,200,7935,cm,Vodostaj,81 Web Kontinuirani,,2026-09-07T09:07:20.569830Z
4121,water_temperature_reported,True,https://vodostaji.voda.ba/data/internet/stations/4/4121/WT/Tvode_1Y.xlsx,3630,200,0,°C,Temperatura vode,81 Web Kontinuirani,,2026-09-07T09:07:20.904459Z
4130,discharge_reported,True,https://vodostaji.voda.ba/data/internet/stations/4/4130/Q/Q_1Y.xlsx,113648,200,8231,m³/s,Proticaj,81 Web Kontinuirani,,2026-09-07T09:07:21.396424Z
4130,stage_reported,True,https://vodostaji.voda.ba/data/internet/stations/4/4130/H/H_1Y.xlsx,115804,200,8231,cm,Vodostaj,81 Web Kontinuirani,,2026-09-07T09:07:21.862012Z
4130,water_temperature_reported,True,https://vodostaji.voda.ba/data/internet/stations/4/4130/WT/Tvode_1Y.xlsx,3629,200,0,°C,Temperatura vode,81 Web Kontinuirani,,2026-09-07T09:07:22.198435Z
4142,discharge_reported,True,https://vodostaji.voda.ba/data/internet/stations/4/4142/Q/Q_1Y.xlsx,115442,200,8704,m³/s,Proticaj,81 Web Kontinuirani,,2026-09-07T09:07:22.683635Z
4142,stage_reported,True,https://vodostaji.voda.ba/data/internet/stations/4/4142/H/H_1Y.xlsx,113012,200,8704,cm,Vodostaj,81 Web Kontinuirani,,2026-09-07T09:07:23.154803Z
4142,water_temperature_reported,True,https://vodostaji.voda.ba/data/internet/stations/4/4142/WT/Tvode_1Y.xlsx,3632,200,0,°C,Temperatura vode,81 Web Kontinuirani,,2026-09-07T09:07:23.486456Z
4145,discharge_reported,False,https://vodostaji.voda.ba/data/internet/stations/4/4145/Q/Q_1Y.xlsx,98799,200,8594,m³/s,Proticaj,81 Web Kontinuirani,,2026-09-07T09:07:23.944013Z
4145,stage_reported,False,https://vodostaji.voda.ba/data/internet/stations/4/4145/H/H_1Y.xlsx,123150,200,8701,cm,Vodostaj,81 Web Kontinuirani,,2026-09-07T09:07:24.419830Z
4145,water_temperature_reported,False,https://vodostaji.voda.ba/data/internet/stations/4/4145/WT/Tvode_1Y.xlsx,3631,200,0,°C,Temperatura vode,81 Web Kontinuirani,,2026-09-07T09:07:24.746613Z
4150,discharge_reported,True,https://vodostaji.voda.ba/data/internet/stations/4/4150/Q/Q_1Y.xlsx,122444,200,8686,m³/s,Proticaj,81 Web Kontinuirani,,2026-09-07T09:07:25.230400Z
4150,stage_reported,True,https://vodostaji.voda.ba/data/internet/stations/4/4150/H/H_1Y.xlsx,120993,200,8686,cm,Vodostaj,81 Web Kontinuirani,,2026-09-07T09:07:25.707538Z
4150,water_temperature_reported,True,https://vodostaji.voda.ba/data/internet/stations/4/4150/WT/Tvode_1Y.xlsx,3630,200,0,°C,Temperatura vode,81 Web Kontinuirani,,2026-09-07T09:07:26.040662Z
4161,discharge_reported,False,https://vodostaji.voda.ba/data/internet/stations/4/4161/Q/Q_1Y.xlsx,96096,200,8313,m³/s,Proticaj,81 Web Kontinuirani,,2026-09-07T09:07:26.502616Z
4161,stage_reported,False,https://vodostaji.voda.ba/data/internet/stations/4/4161/H/H_1Y.xlsx,119561,200,8591,cm,Vodostaj,81 Web Kontinuirani,,2026-09-07T09:07:26.986698Z
4161,water_temperature_reported,False,https://vodostaji.voda.ba/data/internet/stations/4/4161/WT/Tvode_1Y.xlsx,3632,200,0,°C,Temperatura vode,81 Web Kontinuirani,,2026-09-07T09:07:27.320448Z
4170,discharge_reported,True,https://vodostaji.voda.ba/data/internet/stations/4/4170/Q/Q_1Y.xlsx,119380,200,8222,m³/s,Proticaj,81 Web Kontinuirani,,2026-09-07T09:07:27.829499Z
4170,stage_reported,True,https://vodostaji.voda.ba/data/internet/stations/4/4170/H/H_1Y.xlsx,117145,200,8222,cm,Vodostaj,81 Web Kontinuirani,,2026-09-07T09:07:28.307181Z
4170,water_temperature_reported,True,https://vodostaji.voda.ba/data/internet/stations/4/4170/WT/Tvode_1Y.xlsx,3630,200,0,°C,Temperatura vode,81 Web Kontinuirani,,2026-09-07T09:07:28.641575Z
4220,discharge_reported,True,https://vodostaji.voda.ba/data/internet/stations/4/4220/Q/Q_1Y.xlsx,122578,200,8689,m³/s,Proticaj,81 Web Kontinuirani,,2026-09-07T09:07:29.126401Z
4220,stage_reported,True,https://vodostaji.voda.ba/data/internet/stations/4/4220/H/H_1Y.xlsx,120884,200,8689,cm,Vodostaj,81 Web Kontinuirani,,2026-09-07T09:07:29.623329Z
4220,water_temperature_reported,True,https://vodostaji.voda.ba/data/internet/stations/4/4220/WT/Tvode_1Y.xlsx,3631,200,0,°C,Temperatura vode,81 Web Kontinuirani,,2026-09-07T09:07:29.953443Z
4225,discharge_reported,False,https://vodostaji.voda.ba/data/internet/stations/4/4225/Q/Q_1Y.xlsx,97393,200,8458,m³/s,Proticaj,81 Web Kontinuirani,,2026-09-07T09:07:30.401498Z
4225,stage_reported,False,https://vodostaji.voda.ba/data/internet/stations/4/4225/H/H_1Y.xlsx,118106,200,8689,cm,Vodostaj,81 Web Kontinuirani,,2026-09-07T09:07:30.876892Z
4225,water_temperature_reported,False,https://vodostaji.voda.ba/data/internet/stations/4/4225/WT/Tvode_1Y.xlsx,3644,200,0,°C,Temperatura vode,81 Web Kontinuirani,,2026-09-07T09:07:31.217211Z
4228,discharge_reported,False,https://vodostaji.voda.ba/data/internet/stations/4/4228/Q/Q_1Y.xlsx,,404,,,,,,2026-09-07T09:07:31.540755Z
4228,stage_reported,False,https://vodostaji.voda.ba/data/internet/stations/4/4228/H/H_1Y.xlsx,,404,,,,,,2026-09-07T09:07:31.873679Z
4228,water_temperature_reported,False,https://vodostaji.voda.ba/data/internet/stations/4/4228/WT/Tvode_1Y.xlsx,,404,,,,,,2026-09-07T09:07:32.195766Z
4230,discharge_reported,False,https://vodostaji.voda.ba/data/internet/stations/4/4230/Q/Q_1Y.xlsx,120580,200,8484,m³/s,Proticaj,81 Web Kontinuirani,,2026-09-07T09:07:32.679257Z
4230,stage_reported,False,https://vodostaji.voda.ba/data/internet/stations/4/4230/H/H_1Y.xlsx,119574,200,8498,cm,Vodostaj,81 Web Kontinuirani,,2026-09-07T09:07:33.159444Z
4230,water_temperature_reported,False,https://vodostaji.voda.ba/data/internet/stations/4/4230/WT/Tvode_1Y.xlsx,3627,200,0,°C,Temperatura vode,81 Web Kontinuirani,,2026-09-07T09:07:33.491994Z
4240,discharge_reported,True,https://vodostaji.voda.ba/data/internet/stations/4/4240/Q/Q_1Y.xlsx,119108,200,8692,m³/s,Proticaj,81 Web Kontinuirani,,2026-09-07T09:07:34.056834Z
4240,stage_reported,True,https://vodostaji.voda.ba/data/internet/stations/4/4240/H/H_1Y.xlsx,119073,200,8692,cm,Vodostaj,81 Web Kontinuirani,,2026-09-07T09:07:34.549405Z
4240,water_temperature_reported,True,https://vodostaji.voda.ba/data/internet/stations/4/4240/WT/Tvode_1Y.xlsx,3632,200,0,°C,Temperatura vode,81 Web Kontinuirani,,2026-09-07T09:07:34.879290Z
4310,discharge_reported,True,https://vodostaji.voda.ba/data/internet/stations/4/4310/Q/Q_1Y.xlsx,116858,200,8689,m³/s,Proticaj,81 Web Kontinuirani,,2026-09-07T09:07:35.364594Z
4310,stage_reported,True,https://vodostaji.voda.ba/data/internet/stations/4/4310/H/H_1Y.xlsx,116183,200,8689,cm,Vodostaj,81 Web Kontinuirani,,2026-09-07T09:07:35.858354Z
4310,water_temperature_reported,True,https://vodostaji.voda.ba/data/internet/stations/4/4310/WT/Tvode_1Y.xlsx,3628,200,0,°C,Temperatura vode,81 Web Kontinuirani,,2026-09-07T09:07:36.191543Z
4320,discharge_reported,False,https://vodostaji.voda.ba/data/internet/stations/4/4320/Q/Q_1Y.xlsx,97145,200,8431,m³/s,Proticaj,81 Web Kontinuirani,,2026-09-07T09:07:36.647598Z
4320,stage_reported,False,https://vodostaji.voda.ba/data/internet/stations/4/4320/H/H_1Y.xlsx,123578,200,8692,cm,Vodostaj,81 Web Kontinuirani,,2026-09-07T09:07:37.167417Z
4320,water_temperature_reported,False,https://vodostaji.voda.ba/data/internet/stations/4/4320/WT/Tvode_1Y.xlsx,3627,200,0,°C,Temperatura vode,81 Web Kontinuirani,,2026-09-07T09:07:37.505814Z
4340,discharge_reported,True,https://vodostaji.voda.ba/data/internet/stations/4/4340/Q/Q_1Y.xlsx,127003,200,8500,m³/s,Proticaj,81 Web Kontinuirani,,2026-09-07T09:07:37.979636Z
4340,stage_reported,True,https://vodostaji.voda.ba/data/internet/stations/4/4340/H/H_1Y.xlsx,123193,200,8499,cm,Vodostaj,81 Web Kontinuirani,,2026-09-07T09:07:38.491532Z
4340,water_temperature_reported,True,https://vodostaji.voda.ba/data/internet/stations/4/4340/WT/Tvode_1Y.xlsx,3632,200,0,°C,Temperatura vode,81 Web Kontinuirani,,2026-09-07T09:07:38.829861Z
4410,discharge_reported,True,https://vodostaji.voda.ba/data/internet/stations/4/4410/Q/Q_1Y.xlsx,127345,200,8682,m³/s,Proticaj,81 Web Kontinuirani,,2026-09-07T09:07:39.329984Z
4410,stage_reported,True,https://vodostaji.voda.ba/data/internet/stations/4/4410/H/H_1Y.xlsx,123587,200,8682,cm,Vodostaj,81 Web Kontinuirani,,2026-09-07T09:07:39.817133Z
4410,water_temperature_reported,True,https://vodostaji.voda.ba/data/internet/stations/4/4410/WT/Tvode_1Y.xlsx,3627,200,0,°C,Temperatura vode,81 Web Kontinuirani,,2026-09-07T09:07:40.155548Z
4411,discharge_reported,True,https://vodostaji.voda.ba/data/internet/stations/4/4411/Q/Q_1Y.xlsx,123522,200,8689,m³/s,Proticaj,81 Web Kontinuirani,,2026-09-07T09:07:40.639647Z
4411,stage_reported,True,https://vodostaji.voda.ba/data/internet/stations/4/4411/H/H_1Y.xlsx,121256,200,8689,cm,Vodostaj,81 Web Kontinuirani,,2026-09-07T09:07:41.139341Z
4411,water_temperature_reported,True,https://vodostaji.voda.ba/data/internet/stations/4/4411/WT/Tvode_1Y.xlsx,3631,200,0,°C,Temperatura vode,81 Web Kontinuirani,,2026-09-07T09:07:41.470602Z
4412,discharge_reported,True,https://vodostaji.voda.ba/data/internet/stations/4/4412/Q/Q_1Y.xlsx,122911,200,8687,m³/s,Proticaj,81 Web Kontinuirani,,2026-09-07T09:07:41.958306Z
4412,stage_reported,True,https://vodostaji.voda.ba/data/internet/stations/4/4412/H/H_1Y.xlsx,121004,200,8687,cm,Vodostaj,81 Web Kontinuirani,,2026-09-07T09:07:42.439032Z
4412,water_temperature_reported,True,https://vodostaji.voda.ba/data/internet/stations/4/4412/WT/Tvode_1Y.xlsx,3633,200,0,°C,Temperatura vode,81 Web Kontinuirani,,2026-09-07T09:07:42.770611Z
4420,discharge_reported,True,https://vodostaji.voda.ba/data/internet/stations/4/4420/Q/Q_1Y.xlsx,126010,200,8271,m³/s,Proticaj,81 Web Kontinuirani,,2026-09-07T09:07:43.252405Z
4420,stage_reported,True,https://vodostaji.voda.ba/data/internet/stations/4/4420/H/H_1Y.xlsx,121297,200,8271,cm,Vodostaj,81 Web Kontinuirani,,2026-09-07T09:07:43.747472Z
4420,water_temperature_reported,True,https://vodostaji.voda.ba/data/internet/stations/4/4420/WT/Tvode_1Y.xlsx,3631,200,0,°C,Temperatura vode,81 Web Kontinuirani,,2026-09-07T09:07:44.081964Z
4430,discharge_reported,True,https://vodostaji.voda.ba/data/internet/stations/4/4430/Q/Q_1Y.xlsx,129290,200,8688,m³/s,Proticaj,81 Web Kontinuirani,,2026-09-07T09:07:44.580322Z
4430,stage_reported,True,https://vodostaji.voda.ba/data/internet/stations/4/4430/H/H_1Y.xlsx,124256,200,8688,cm,Vodostaj,81 Web Kontinuirani,,2026-09-07T09:07:45.084297Z
4430,water_temperature_reported,True,https://vodostaji.voda.ba/data/internet/stations/4/4430/WT/Tvode_1Y.xlsx,117984,200,8689,°C,Temperatura vode,81 Web Kontinuirani,,2026-09-07T09:07:45.597078Z
4450,discharge_reported,True,https://vodostaji.voda.ba/data/internet/stations/4/4450/Q/Q_1Y.xlsx,121173,200,8669,m³/s,Proticaj,81 Web Kontinuirani,,2026-09-07T09:07:46.103315Z
4450,stage_reported,True,https://vodostaji.voda.ba/data/internet/stations/4/4450/H/H_1Y.xlsx,119768,200,8669,cm,Vodostaj,81 Web Kontinuirani,,2026-09-07T09:07:46.593345Z
4450,water_temperature_reported,True,https://vodostaji.voda.ba/data/internet/stations/4/4450/WT/Tvode_1Y.xlsx,3634,200,0,°C,Temperatura vode,81 Web Kontinuirani,,2026-09-07T09:07:46.941449Z
4510,discharge_reported,True,https://vodostaji.voda.ba/data/internet/stations/4/4510/Q/Q_1Y.xlsx,123838,200,8587,m³/s,Proticaj,81 Web Kontinuirani,,2026-09-07T09:07:47.413154Z
4510,stage_reported,True,https://vodostaji.voda.ba/data/internet/stations/4/4510/H/H_1Y.xlsx,120600,200,8587,cm,Vodostaj,81 Web Kontinuirani,,2026-09-07T09:07:47.903911Z
4510,water_temperature_reported,True,https://vodostaji.voda.ba/data/internet/stations/4/4510/WT/Tvode_1Y.xlsx,3638,200,0,°C,Temperatura vode,81 Web Kontinuirani,,2026-09-07T09:07:48.235803Z
4610,discharge_reported,True,https://vodostaji.voda.ba/data/internet/stations/4/4610/Q/Q_1Y.xlsx,105171,200,7071,m³/s,Proticaj,81 Web Kontinuirani,,2026-09-07T09:07:48.726584Z
4610,stage_reported,True,https://vodostaji.voda.ba/data/internet/stations/4/4610/H/H_1Y.xlsx,123640,200,8678,cm,Vodostaj,81 Web Kontinuirani,,2026-09-07T09:07:49.235379Z
4610,water_temperature_reported,True,https://vodostaji.voda.ba/data/internet/stations/4/4610/WT/Tvode_1Y.xlsx,3633,200,0,°C,Temperatura vode,81 Web Kontinuirani,,2026-09-07T09:07:49.571887Z
4620,discharge_reported,True,https://vodostaji.voda.ba/data/internet/stations/4/4620/Q/Q_1Y.xlsx,109679,200,8110,m³/s,Proticaj,81 Web Kontinuirani,,2026-09-07T09:07:50.069169Z
4620,stage_reported,True,https://vodostaji.voda.ba/data/internet/stations/4/4620/H/H_1Y.xlsx,115878,200,8688,cm,Vodostaj,81 Web Kontinuirani,,2026-09-07T09:07:50.563220Z
4620,water_temperature_reported,True,https://vodostaji.voda.ba/data/internet/stations/4/4620/WT/Tvode_1Y.xlsx,3628,200,0,°C,Temperatura vode,81 Web Kontinuirani,,2026-09-07T09:07:50.903628Z
4630,discharge_reported,True,https://vodostaji.voda.ba/data/internet/stations/4/4630/Q/Q_1Y.xlsx,128495,200,8669,m³/s,Proticaj,81 Web Kontinuirani,,2026-09-07T09:07:51.378009Z
4630,stage_reported,True,https://vodostaji.voda.ba/data/internet/stations/4/4630/H/H_1Y.xlsx,124591,200,8669,cm,Vodostaj,81 Web Kontinuirani,,2026-09-07T09:07:51.884110Z
4630,water_temperature_reported,True,https://vodostaji.voda.ba/data/internet/stations/4/4630/WT/Tvode_1Y.xlsx,3630,200,0,°C,Temperatura vode,81 Web Kontinuirani,,2026-09-07T09:07:52.230695Z
4911,discharge_reported,False,https://vodostaji.voda.ba/data/internet/stations/1/4911/Q/Q_1Y.xlsx,7628,200,338,m³/s,Proticaj,81 Web Kontinuirani,,2026-09-07T09:07:52.571669Z
4911,stage_reported,False,https://vodostaji.voda.ba/data/internet/stations/1/4911/H/H_1Y.xlsx,114867,200,8650,cm,Vodostaj,81 Web Kontinuirani,,2026-09-07T09:07:53.069223Z
4911,water_temperature_reported,False,https://vodostaji.voda.ba/data/internet/stations/1/4911/WT/Tvode_1Y.xlsx,3640,200,0,°C,Temperatura vode,81 Web Kontinuirani,,2026-09-07T09:07:53.401205Z
4931,discharge_reported,False,https://vodostaji.voda.ba/data/internet/stations/1/4931/Q/Q_1Y.xlsx,10914,200,629,m³/s,Proticaj,81 Web Kontinuirani,,2026-09-07T09:07:53.749745Z
4931,stage_reported,False,https://vodostaji.voda.ba/data/internet/stations/1/4931/H/H_1Y.xlsx,117049,200,8698,cm,Vodostaj,81 Web Kontinuirani,,2026-09-07T09:07:54.219585Z
4931,water_temperature_reported,False,https://vodostaji.voda.ba/data/internet/stations/1/4931/WT/Tvode_1Y.xlsx,3641,200,0,°C,Temperatura vode,81 Web Kontinuirani,,2026-09-07T09:07:54.547226Z
5010,discharge_reported,True,https://vodostaji.voda.ba/data/internet/stations/5/5010/Q/Q_1Y.xlsx,277099,200,17382,m³/s,Proticaj,81 Web Kontinuirani,,2026-09-07T09:07:55.149357Z
5010,stage_reported,True,https://vodostaji.voda.ba/data/internet/stations/5/5010/H/H_1Y.xlsx,248983,200,17382,cm,Vodostaj,81 Web Kontinuirani,,2026-09-07T09:07:55.726779Z
5010,water_temperature_reported,True,https://vodostaji.voda.ba/data/internet/stations/5/5010/WT/Tvode_1Y.xlsx,227703,200,17379,°C,Temperatura vode,81 Web Kontinuirani,,2026-09-07T09:07:56.289236Z
5101,discharge_reported,True,https://vodostaji.voda.ba/data/internet/stations/5/5101/Q/Q_1Y.xlsx,124422,200,8685,m³/s,Proticaj,81 Web Kontinuirani,,2026-09-07T09:07:56.773557Z
5101,stage_reported,True,https://vodostaji.voda.ba/data/internet/stations/5/5101/H/H_1Y.xlsx,122170,200,8685,cm,Vodostaj,81 Web Kontinuirani,,2026-09-07T09:07:57.276324Z
5101,water_temperature_reported,True,https://vodostaji.voda.ba/data/internet/stations/5/5101/WT/Tvode_1Y.xlsx,120470,200,8684,°C,Temperatura vode,81 Web Kontinuirani,,2026-09-07T09:07:57.769574Z
5102,discharge_reported,False,https://vodostaji.voda.ba/data/internet/stations/5/5102/Q/Q_1Y.xlsx,385944,200,34340,m³/s,Proticaj,81 Web Kontinuirani,,2026-09-07T09:07:58.437947Z
5102,stage_reported,False,https://vodostaji.voda.ba/data/internet/stations/5/5102/H/H_1Y.xlsx,444630,200,34755,cm,Vodostaj,81 Web Kontinuirani,,2026-09-07T09:07:59.140323Z
5102,water_temperature_reported,False,https://vodostaji.voda.ba/data/internet/stations/5/5102/WT/Tvode_1Y.xlsx,3626,200,0,°C,Temperatura vode,81 Web Kontinuirani,,2026-09-07T09:07:59.490575Z
5103,discharge_reported,False,https://vodostaji.voda.ba/data/internet/stations/5/5103/Q/Q_1Y.xlsx,98878,200,8602,m³/s,Proticaj,81 Web Kontinuirani,,2026-09-07T09:07:59.948748Z
5103,stage_reported,False,https://vodostaji.voda.ba/data/internet/stations/5/5103/H/H_1Y.xlsx,120202,200,8703,cm,Vodostaj,81 Web Kontinuirani,,2026-09-07T09:08:00.442566Z
5103,water_temperature_reported,False,https://vodostaji.voda.ba/data/internet/stations/5/5103/WT/Tvode_1Y.xlsx,3628,200,0,°C,Temperatura vode,81 Web Kontinuirani,,2026-09-07T09:08:00.784484Z
8001,discharge_reported,False,https://vodostaji.voda.ba/data/internet/stations/4/8001/Q/Q_1Y.xlsx,94432,200,8144,m³/s,Proticaj,81 Web Kontinuirani,,2026-09-07T09:08:01.274491Z
8001,stage_reported,False,https://vodostaji.voda.ba/data/internet/stations/4/8001/H/H_1Y.xlsx,121844,200,8623,cm,Vodostaj,81 Web Kontinuirani,,2026-09-07T09:08:01.761063Z
8001,water_temperature_reported,False,https://vodostaji.voda.ba/data/internet/stations/4/8001/WT/Tvode_1Y.xlsx,3656,200,0,°C,Temperatura vode,81 Web Kontinuirani,,2026-09-07T09:08:02.093459Z
8002,discharge_reported,False,https://vodostaji.voda.ba/data/internet/stations/4/8002/Q/Q_1Y.xlsx,83630,200,7066,m³/s,Proticaj,81 Web Kontinuirani,,2026-09-07T09:08:02.537616Z
8002,stage_reported,False,https://vodostaji.voda.ba/data/internet/stations/4/8002/H/H_1Y.xlsx,108185,200,8693,cm,Vodostaj,81 Web Kontinuirani,,2026-09-07T09:08:03.038847Z
8002,water_temperature_reported,False,https://vodostaji.voda.ba/data/internet/stations/4/8002/WT/Tvode_1Y.xlsx,3653,200,0,°C,Temperatura vode,81 Web Kontinuirani,,2026-09-07T09:08:03.374329Z
8003,discharge_reported,False,https://vodostaji.voda.ba/data/internet/stations/4/8003/Q/Q_1Y.xlsx,96182,200,8322,m³/s,Proticaj,81 Web Kontinuirani,,2026-09-07T09:08:03.828905Z
8003,stage_reported,False,https://vodostaji.voda.ba/data/internet/stations/4/8003/H/H_1Y.xlsx,117562,200,8629,cm,Vodostaj,81 Web Kontinuirani,,2026-09-07T09:08:04.315609Z
8003,water_temperature_reported,False,https://vodostaji.voda.ba/data/internet/stations/4/8003/WT/Tvode_1Y.xlsx,3653,200,0,°C,Temperatura vode,81 Web Kontinuirani,,2026-09-07T09:08:04.641011Z
8004,discharge_reported,False,https://vodostaji.voda.ba/data/internet/stations/4/8004/Q/Q_1Y.xlsx,82334,200,6955,m³/s,Proticaj,81 Web Kontinuirani,,2026-09-07T09:08:05.090032Z
8004,stage_reported,False,https://vodostaji.voda.ba/data/internet/stations/4/8004/H/H_1Y.xlsx,108913,200,8686,cm,Vodostaj,81 Web Kontinuirani,,2026-09-07T09:08:05.574568Z
8004,water_temperature_reported,False,https://vodostaji.voda.ba/data/internet/stations/4/8004/WT/Tvode_1Y.xlsx,3649,200,0,°C,Temperatura vode,81 Web Kontinuirani,,2026-09-07T09:08:05.908078Z
8006,discharge_reported,False,https://vodostaji.voda.ba/data/internet/stations/4/8006/Q/Q_1Y.xlsx,87727,200,7474,m³/s,Proticaj,81 Web Kontinuirani,,2026-09-07T09:08:06.348585Z
8006,stage_reported,False,https://vodostaji.voda.ba/data/internet/stations/4/8006/H/H_1Y.xlsx,107649,200,8363,cm,Vodostaj,81 Web Kontinuirani,,2026-09-07T09:08:06.842264Z
8006,water_temperature_reported,False,https://vodostaji.voda.ba/data/internet/stations/4/8006/WT/Tvode_1Y.xlsx,3652,200,0,°C,Temperatura vode,81 Web Kontinuirani,,2026-09-07T09:08:07.173625Z
8007,discharge_reported,False,https://vodostaji.voda.ba/data/internet/stations/4/8007/Q/Q_1Y.xlsx,86320,200,7318,m³/s,Proticaj,81 Web Kontinuirani,,2026-09-07T09:08:07.632304Z
8007,stage_reported,False,https://vodostaji.voda.ba/data/internet/stations/4/8007/H/H_1Y.xlsx,109854,200,8685,cm,Vodostaj,81 Web Kontinuirani,,2026-09-07T09:08:08.131257Z
8007,water_temperature_reported,False,https://vodostaji.voda.ba/data/internet/stations/4/8007/WT/Tvode_1Y.xlsx,3652,200,0,°C,Temperatura vode,81 Web Kontinuirani,,2026-09-07T09:08:08.467608Z
8008,discharge_reported,False,https://vodostaji.voda.ba/data/internet/stations/4/8008/Q/Q_1Y.xlsx,95515,200,8251,m³/s,Proticaj,81 Web Kontinuirani,,2026-09-07T09:08:08.929002Z
8008,stage_reported,False,https://vodostaji.voda.ba/data/internet/stations/4/8008/H/H_1Y.xlsx,110123,200,8682,cm,Vodostaj,81 Web Kontinuirani,,2026-09-07T09:08:09.405204Z
8008,water_temperature_reported,False,https://vodostaji.voda.ba/data/internet/stations/4/8008/WT/Tvode_1Y.xlsx,3650,200,0,°C,Temperatura vode,81 Web Kontinuirani,,2026-09-07T09:08:09.739407Z
8009,discharge_reported,False,https://vodostaji.voda.ba/data/internet/stations/4/8009/Q/Q_1Y.xlsx,92404,200,7925,m³/s,Proticaj,81 Web Kontinuirani,,2026-09-07T09:08:10.196164Z
8009,stage_reported,False,https://vodostaji.voda.ba/data/internet/stations/4/8009/H/H_1Y.xlsx,109811,200,8684,cm,Vodostaj,81 Web Kontinuirani,,2026-09-07T09:08:10.680488Z
8009,water_temperature_reported,False,https://vodostaji.voda.ba/data/internet/stations/4/8009/WT/Tvode_1Y.xlsx,3653,200,0,°C,Temperatura vode,81 Web Kontinuirani,,2026-09-07T09:08:11.033191Z
9001,discharge_reported,False,https://vodostaji.voda.ba/data/internet/stations/1/9001/Q/Q_1Y.xlsx,3758,200,1,m³/s,Proticaj,81 Web Kontinuirani,,2026-09-07T09:08:11.364070Z
9001,stage_reported,False,https://vodostaji.voda.ba/data/internet/stations/1/9001/H/H_1Y.xlsx,121064,200,8702,cm,Vodostaj,81 Web Kontinuirani,,2026-09-07T09:08:11.839113Z
9001,water_temperature_reported,False,https://vodostaji.voda.ba/data/internet/stations/1/9001/WT/Tvode_1Y.xlsx,3645,200,0,°C,Temperatura vode,81 Web Kontinuirani,,2026-09-07T09:08:12.163547Z
9017,discharge_reported,True,https://vodostaji.voda.ba/data/internet/stations/2/9017/Q/Q_1Y.xlsx,112596,200,8672,m³/s,Proticaj,81 Web Kontinuirani,,2026-09-07T09:08:12.666512Z
9017,stage_reported,True,https://vodostaji.voda.ba/data/internet/stations/2/9017/H/H_1Y.xlsx,109480,200,8672,cm,Vodostaj,81 Web Kontinuirani,,2026-09-07T09:08:13.145756Z
9017,water_temperature_reported,True,https://vodostaji.voda.ba/data/internet/stations/2/9017/WT/Tvode_1Y.xlsx,114576,200,8672,°C,Temperatura vode,81 Web Kontinuirani,,2026-09-07T09:08:13.618777Z
9018,discharge_reported,True,https://vodostaji.voda.ba/data/internet/stations/2/9018/Q/Q_1Y.xlsx,129264,200,8517,m³/s,Proticaj,81 Web Kontinuirani,,2026-09-07T09:08:14.102841Z
9018,stage_reported,True,https://vodostaji.voda.ba/data/internet/stations/2/9018/H/H_1Y.xlsx,121489,200,8517,cm,Vodostaj,81 Web Kontinuirani,,2026-09-07T09:08:14.593918Z
9018,water_temperature_reported,True,https://vodostaji.voda.ba/data/internet/stations/2/9018/WT/Tvode_1Y.xlsx,111084,200,8517,°C,Temperatura vode,81 Web Kontinuirani,,2026-09-07T09:08:15.084581Z
9019,discharge_reported,True,https://vodostaji.voda.ba/data/internet/stations/2/9019/Q/Q_1Y.xlsx,120300,200,8677,m³/s,Proticaj,81 Web Kontinuirani,,2026-09-07T09:08:15.569262Z
9019,stage_reported,True,https://vodostaji.voda.ba/data/internet/stations/2/9019/H/H_1Y.xlsx,119230,200,8677,cm,Vodostaj,81 Web Kontinuirani,,2026-09-07T09:08:16.067485Z
9019,water_temperature_reported,True,https://vodostaji.voda.ba/data/internet/stations/2/9019/WT/Tvode_1Y.xlsx,119582,200,8677,°C,Temperatura vode,81 Web Kontinuirani,,2026-09-07T09:08:16.548017Z
9020,discharge_reported,False,https://vodostaji.voda.ba/data/internet/stations/2/9020/Q/Q_1Y.xlsx,3740,200,1,m³/s,Proticaj,81 Web Kontinuirani,,2026-09-07T09:08:16.876773Z
9020,stage_reported,False,https://vodostaji.voda.ba/data/internet/stations/2/9020/H/H_1Y.xlsx,108052,200,7651,cm,Vodostaj,81 Web Kontinuirani,,2026-09-07T09:08:17.354858Z
9020,water_temperature_reported,False,https://vodostaji.voda.ba/data/internet/stations/2/9020/WT/Tvode_1Y.xlsx,3626,200,0,°C,Temperatura vode,81 Web Kontinuirani,,2026-09-07T09:08:17.689307Z
9025,discharge_reported,False,https://vodostaji.voda.ba/data/internet/stations/1/9025/Q/Q_1Y.xlsx,,404,,,,,,2026-09-07T09:08:18.057810Z
9025,stage_reported,False,https://vodostaji.voda.ba/data/internet/stations/1/9025/H/H_1Y.xlsx,,404,,,,,,2026-09-07T09:08:18.378709Z
9025,water_temperature_reported,False,https://vodostaji.voda.ba/data/internet/stations/1/9025/WT/Tvode_1Y.xlsx,,404,,,,,,2026-09-07T09:08:18.723148Z
9026,discharge_reported,False,https://vodostaji.voda.ba/data/internet/stations/1/9026/Q/Q_1Y.xlsx,98803,200,8592,m³/s,Proticaj,81 Web Kontinuirani,,2026-09-07T09:08:19.171750Z
9026,stage_reported,False,https://vodostaji.voda.ba/data/internet/stations/1/9026/H/H_1Y.xlsx,121523,200,8702,cm,Vodostaj,81 Web Kontinuirani,,2026-09-07T09:08:19.653475Z
9026,water_temperature_reported,False,https://vodostaji.voda.ba/data/internet/stations/1/9026/WT/Tvode_1Y.xlsx,118622,200,8702,°C,Temperatura vode,81 Web Kontinuirani,,2026-09-07T09:08:20.130866Z
9030,discharge_reported,True,https://vodostaji.voda.ba/data/internet/stations/4/9030/Q/Q_1Y.xlsx,120589,200,8688,m³/s,Proticaj,81 Web Kontinuirani,,2026-09-07T09:08:20.610207Z
9030,stage_reported,True,https://vodostaji.voda.ba/data/internet/stations/4/9030/H/H_1Y.xlsx,118999,200,8688,cm,Vodostaj,81 Web Kontinuirani,,2026-09-07T09:08:21.122119Z
9030,water_temperature_reported,True,https://vodostaji.voda.ba/data/internet/stations/4/9030/WT/Tvode_1Y.xlsx,3628,200,0,°C,Temperatura vode,81 Web Kontinuirani,,2026-09-07T09:08:21.461210Z
9043,discharge_reported,False,https://vodostaji.voda.ba/data/internet/stations/4/9043/Q/Q_1Y.xlsx,3742,200,1,m³/s,Proticaj,81 Web Kontinuirani,,2026-09-07T09:08:21.801146Z
9043,stage_reported,False,https://vodostaji.voda.ba/data/internet/stations/4/9043/H/H_1Y.xlsx,120068,200,8689,cm,Vodostaj,81 Web Kontinuirani,,2026-09-07T09:08:22.277495Z
9043,water_temperature_reported,False,https://vodostaji.voda.ba/data/internet/stations/4/9043/WT/Tvode_1Y.xlsx,3627,200,0,°C,Temperatura vode,81 Web Kontinuirani,,2026-09-07T09:08:22.612449Z
9044,discharge_reported,True,https://vodostaji.voda.ba/data/internet/stations/4/9044/Q/Q_1Y.xlsx,122354,200,8686,m³/s,Proticaj,81 Web Kontinuirani,,2026-09-07T09:08:23.089441Z
9044,stage_reported,True,https://vodostaji.voda.ba/data/internet/stations/4/9044/H/H_1Y.xlsx,120894,200,8686,cm,Vodostaj,81 Web Kontinuirani,,2026-09-07T09:08:23.567540Z
9044,water_temperature_reported,True,https://vodostaji.voda.ba/data/internet/stations/4/9044/WT/Tvode_1Y.xlsx,3632,200,0,°C,Temperatura vode,81 Web Kontinuirani,,2026-09-07T09:08:23.895293Z
9045,discharge_reported,True,https://vodostaji.voda.ba/data/internet/stations/4/9045/Q/Q_1Y.xlsx,125042,200,8681,m³/s,Proticaj,81 Web Kontinuirani,,2026-09-07T09:08:24.369453Z
9045,stage_reported,True,https://vodostaji.voda.ba/data/internet/stations/4/9045/H/H_1Y.xlsx,122686,200,8681,cm,Vodostaj,81 Web Kontinuirani,,2026-09-07T09:08:24.857461Z
9045,water_temperature_reported,True,https://vodostaji.voda.ba/data/internet/stations/4/9045/WT/Tvode_1Y.xlsx,3639,200,0,°C,Temperatura vode,81 Web Kontinuirani,,2026-09-07T09:08:25.194646Z
9102,discharge_reported,False,https://vodostaji.voda.ba/data/internet/stations/4/9102/Q/Q_1Y.xlsx,3625,200,0,m³/s,Proticaj,81 Web Kontinuirani,,2026-09-07T09:08:25.528827Z
9102,stage_reported,False,https://vodostaji.voda.ba/data/internet/stations/4/9102/H/H_1Y.xlsx,3618,200,0,cm,Vodostaj,81 Web Kontinuirani,,2026-09-07T09:08:25.854769Z
9102,water_temperature_reported,False,https://vodostaji.voda.ba/data/internet/stations/4/9102/WT/Tvode_1Y.xlsx,3630,200,0,°C,Temperatura vode,81 Web Kontinuirani,,2026-09-07T09:08:26.185021Z
9130,discharge_reported,False,https://vodostaji.voda.ba/data/internet/stations/4/9130/Q/Q_1Y.xlsx,3744,200,1,m³/s,Proticaj,81 Web Kontinuirani,,2026-09-07T09:08:26.518285Z
9130,stage_reported,False,https://vodostaji.voda.ba/data/internet/stations/4/9130/H/H_1Y.xlsx,125856,200,8690,cm,Vodostaj,81 Web Kontinuirani,,2026-09-07T09:08:26.994815Z
9130,water_temperature_reported,False,https://vodostaji.voda.ba/data/internet/stations/4/9130/WT/Tvode_1Y.xlsx,3633,200,0,°C,Temperatura vode,81 Web Kontinuirani,,2026-09-07T09:08:27.321627Z
