station_no,product_id,url,content_length,declared_rows,declared_unit,read_error,read_at
1010,water_temperature_reported,https://vodostaji.voda.ba/data/internet/stations/1/1010/WT/Tvode_1Y.xlsx,3627,0,°C,,2026-09-07T08:47:43.297798Z
1114,water_temperature_reported,https://vodostaji.voda.ba/data/internet/stations/2/1114/WT/Tvode_1Y.xlsx,3633,0,°C,,2026-09-07T08:47:43.680395Z
2010,water_temperature_reported,https://vodostaji.voda.ba/data/internet/stations/2/2010/WT/Tvode_1Y.xlsx,3629,0,°C,,2026-09-07T08:47:44.057308Z
2020,water_temperature_reported,https://vodostaji.voda.ba/data/internet/stations/2/2020/WT/Tvode_1Y.xlsx,3629,0,°C,,2026-09-07T08:47:44.439181Z
2030,water_temperature_reported,https://vodostaji.voda.ba/data/internet/stations/2/2030/WT/Tvode_1Y.xlsx,3628,0,°C,,2026-09-07T08:47:44.817122Z
2035,water_temperature_reported,https://vodostaji.voda.ba/data/internet/stations/2/2035/WT/Tvode_1Y.xlsx,3631,0,°C,,2026-09-07T08:47:45.201826Z
2050,water_temperature_reported,https://vodostaji.voda.ba/data/internet/stations/2/2050/WT/Tvode_1Y.xlsx,3634,0,°C,,2026-09-07T08:47:45.579213Z
2101-B,water_temperature_reported,https://vodostaji.voda.ba/data/internet/stations/3/2101-B/WT/Tvode_1Y.xlsx,3633,0,°C,,2026-09-07T08:47:45.955534Z
2103,water_temperature_reported,https://vodostaji.voda.ba/data/internet/stations/3/2103/WT/Tvode_1Y.xlsx,3634,0,°C,,2026-09-07T08:47:46.342684Z
2110,water_temperature_reported,https://vodostaji.voda.ba/data/internet/stations/2/2110/WT/Tvode_1Y.xlsx,3626,0,°C,,2026-09-07T08:47:46.724189Z
2210,water_temperature_reported,https://vodostaji.voda.ba/data/internet/stations/2/2210/WT/Tvode_1Y.xlsx,3627,0,°C,,2026-09-07T08:47:47.108398Z
2310,water_temperature_reported,https://vodostaji.voda.ba/data/internet/stations/2/2310/WT/Tvode_1Y.xlsx,3631,0,°C,,2026-09-07T08:47:47.505392Z
3010,water_temperature_reported,https://vodostaji.voda.ba/data/internet/stations/3/3010/WT/Tvode_1Y.xlsx,3632,0,°C,,2026-09-07T08:47:47.898007Z
3020,water_temperature_reported,https://vodostaji.voda.ba/data/internet/stations/3/3020/WT/Tvode_1Y.xlsx,3629,0,°C,,2026-09-07T08:47:48.278609Z
3030,water_temperature_reported,https://vodostaji.voda.ba/data/internet/stations/3/3030/WT/Tvode_1Y.xlsx,3628,0,°C,,2026-09-07T08:47:48.661119Z
3040,water_temperature_reported,https://vodostaji.voda.ba/data/internet/stations/3/3040/WT/Tvode_1Y.xlsx,3629,0,°C,,2026-09-07T08:47:49.062936Z
4010,water_temperature_reported,https://vodostaji.voda.ba/data/internet/stations/4/4010/WT/Tvode_1Y.xlsx,3630,0,°C,,2026-09-07T08:47:49.455441Z
4020,water_temperature_reported,https://vodostaji.voda.ba/data/internet/stations/4/4020/WT/Tvode_1Y.xlsx,3632,0,°C,,2026-09-07T08:47:49.839366Z
4024,water_temperature_reported,https://vodostaji.voda.ba/data/internet/stations/4/4024/WT/Tvode_1Y.xlsx,3633,0,°C,,2026-09-07T08:47:50.230859Z
4030,water_temperature_reported,https://vodostaji.voda.ba/data/internet/stations/4/4030/WT/Tvode_1Y.xlsx,3631,0,°C,,2026-09-07T08:47:50.618369Z
4042,water_temperature_reported,https://vodostaji.voda.ba/data/internet/stations/4/4042/WT/Tvode_1Y.xlsx,3631,0,°C,,2026-09-07T08:47:51.007653Z
4050,water_temperature_reported,https://vodostaji.voda.ba/data/internet/stations/4/4050/WT/Tvode_1Y.xlsx,3634,0,°C,,2026-09-07T08:47:51.383861Z
4055,water_temperature_reported,https://vodostaji.voda.ba/data/internet/stations/4/4055/WT/Tvode_1Y.xlsx,3633,0,°C,,2026-09-07T08:47:51.769128Z
4060,water_temperature_reported,https://vodostaji.voda.ba/data/internet/stations/4/4060/WT/Tvode_1Y.xlsx,3640,0,°C,,2026-09-07T08:47:52.156997Z
4061,water_temperature_reported,https://vodostaji.voda.ba/data/internet/stations/4/4061/WT/Tvode_1Y.xlsx,3640,0,°C,,2026-09-07T08:47:52.541214Z
4062,water_temperature_reported,https://vodostaji.voda.ba/data/internet/stations/4/4062/WT/Tvode_1Y.xlsx,3632,0,°C,,2026-09-07T08:47:52.923801Z
4111,water_temperature_reported,https://vodostaji.voda.ba/data/internet/stations/4/4111/WT/Tvode_1Y.xlsx,3629,0,°C,,2026-09-07T08:47:53.307359Z
4121,water_temperature_reported,https://vodostaji.voda.ba/data/internet/stations/4/4121/WT/Tvode_1Y.xlsx,3630,0,°C,,2026-09-07T08:47:53.698968Z
4130,water_temperature_reported,https://vodostaji.voda.ba/data/internet/stations/4/4130/WT/Tvode_1Y.xlsx,3629,0,°C,,2026-09-07T08:47:54.089253Z
4142,water_temperature_reported,https://vodostaji.voda.ba/data/internet/stations/4/4142/WT/Tvode_1Y.xlsx,3632,0,°C,,2026-09-07T08:47:54.471136Z
4150,water_temperature_reported,https://vodostaji.voda.ba/data/internet/stations/4/4150/WT/Tvode_1Y.xlsx,3630,0,°C,,2026-09-07T08:47:54.854665Z
4170,water_temperature_reported,https://vodostaji.voda.ba/data/internet/stations/4/4170/WT/Tvode_1Y.xlsx,3630,0,°C,,2026-09-07T08:47:55.247575Z
4220,water_temperature_reported,https://vodostaji.voda.ba/data/internet/stations/4/4220/WT/Tvode_1Y.xlsx,3631,0,°C,,2026-09-07T08:47:55.631447Z
4240,water_temperature_reported,https://vodostaji.voda.ba/data/internet/stations/4/4240/WT/Tvode_1Y.xlsx,3632,0,°C,,2026-09-07T08:47:56.026847Z
4310,water_temperature_reported,https://vodostaji.voda.ba/data/internet/stations/4/4310/WT/Tvode_1Y.xlsx,3628,0,°C,,2026-09-07T08:47:56.403033Z
4340,water_temperature_reported,https://vodostaji.voda.ba/data/internet/stations/4/4340/WT/Tvode_1Y.xlsx,3632,0,°C,,2026-09-07T08:47:56.785220Z
4410,water_temperature_reported,https://vodostaji.voda.ba/data/internet/stations/4/4410/WT/Tvode_1Y.xlsx,3627,0,°C,,2026-09-07T08:47:57.164323Z
4411,water_temperature_reported,https://vodostaji.voda.ba/data/internet/stations/4/4411/WT/Tvode_1Y.xlsx,3631,0,°C,,2026-09-07T08:47:57.553714Z
4412,water_temperature_reported,https://vodostaji.voda.ba/data/internet/stations/4/4412/WT/Tvode_1Y.xlsx,3633,0,°C,,2026-09-07T08:47:57.926444Z
4420,water_temperature_reported,https://vodostaji.voda.ba/data/internet/stations/4/4420/WT/Tvode_1Y.xlsx,3631,0,°C,,2026-09-07T08:47:58.309196Z
4450,water_temperature_reported,https://vodostaji.voda.ba/data/internet/stations/4/4450/WT/Tvode_1Y.xlsx,3634,0,°C,,2026-09-07T08:47:58.696485Z
4510,water_temperature_reported,https://vodostaji.voda.ba/data/internet/stations/4/4510/WT/Tvode_1Y.xlsx,3638,0,°C,,2026-09-07T08:47:59.086681Z
4610,water_temperature_reported,https://vodostaji.voda.ba/data/internet/stations/4/4610/WT/Tvode_1Y.xlsx,3633,0,°C,,2026-09-07T08:47:59.468037Z
4620,water_temperature_reported,https://vodostaji.voda.ba/data/internet/stations/4/4620/WT/Tvode_1Y.xlsx,3628,0,°C,,2026-09-07T08:47:59.845394Z
4630,water_temperature_reported,https://vodostaji.voda.ba/data/internet/stations/4/4630/WT/Tvode_1Y.xlsx,3630,0,°C,,2026-09-07T08:48:00.235304Z
9030,water_temperature_reported,https://vodostaji.voda.ba/data/internet/stations/4/9030/WT/Tvode_1Y.xlsx,3628,0,°C,,2026-09-07T08:48:00.610275Z
9044,water_temperature_reported,https://vodostaji.voda.ba/data/internet/stations/4/9044/WT/Tvode_1Y.xlsx,3632,0,°C,,2026-09-07T08:48:00.983315Z
9045,water_temperature_reported,https://vodostaji.voda.ba/data/internet/stations/4/9045/WT/Tvode_1Y.xlsx,3639,0,°C,,2026-09-07T08:48:01.357259Z
