station_no,site_no,product_code,attempted_variant,url,http_status,byte_size,served_measurements,observed_window_start,observed_window_end,retrieved_at,evidence_ref,transport_error
4024,4,Q,Q_1D.xlsx,https://vodostaji.voda.ba/data/internet/stations/4/4024/Q/Q_1D.xlsx,404,239,False,,,2026-09-09T15:50:50.800524Z,evidence/horizon/4024_Q_Q_1D_xlsx.evidence.json,
4024,4,Q,Q_1W.xlsx,https://vodostaji.voda.ba/data/internet/stations/4/4024/Q/Q_1W.xlsx,404,239,False,,,2026-09-09T15:50:51.269559Z,evidence/horizon/4024_Q_Q_1W_xlsx.evidence.json,
4024,4,Q,Q_1M.xlsx,https://vodostaji.voda.ba/data/internet/stations/4/4024/Q/Q_1M.xlsx,200,13530,True,2026-08-10 00:00:00,2026-09-09 12:00:00,2026-09-09T15:50:51.651288Z,evidence/horizon/4024_Q_Q_1M_xlsx.evidence.json,
4024,4,Q,Q_3M.xlsx,https://vodostaji.voda.ba/data/internet/stations/4/4024/Q/Q_3M.xlsx,404,239,False,,,2026-09-09T15:50:52.038421Z,evidence/horizon/4024_Q_Q_3M_xlsx.evidence.json,
4024,4,Q,Q_6M.xlsx,https://vodostaji.voda.ba/data/internet/stations/4/4024/Q/Q_6M.xlsx,404,239,False,,,2026-09-09T15:50:52.413307Z,evidence/horizon/4024_Q_Q_6M_xlsx.evidence.json,
4024,4,Q,Q_1Y.xlsx,https://vodostaji.voda.ba/data/internet/stations/4/4024/Q/Q_1Y.xlsx,200,133530,True,2025-09-10 00:00:00,2026-09-09 12:00:00,2026-09-09T15:50:52.789342Z,evidence/horizon/4024_Q_Q_1Y_xlsx.evidence.json,
4024,4,Q,Q_2Y.xlsx,https://vodostaji.voda.ba/data/internet/stations/4/4024/Q/Q_2Y.xlsx,404,239,False,,,2026-09-09T15:50:53.292593Z,evidence/horizon/4024_Q_Q_2Y_xlsx.evidence.json,
4024,4,Q,Q_5Y.xlsx,https://vodostaji.voda.ba/data/internet/stations/4/4024/Q/Q_5Y.xlsx,404,239,False,,,2026-09-09T15:50:53.668154Z,evidence/horizon/4024_Q_Q_5Y_xlsx.evidence.json,
4024,4,Q,Q_10Y.xlsx,https://vodostaji.voda.ba/data/internet/stations/4/4024/Q/Q_10Y.xlsx,404,240,False,,,2026-09-09T15:50:54.042683Z,evidence/horizon/4024_Q_Q_10Y_xlsx.evidence.json,
4024,4,Q,Q_ALL.xlsx,https://vodostaji.voda.ba/data/internet/stations/4/4024/Q/Q_ALL.xlsx,404,240,False,,,2026-09-09T15:50:54.439566Z,evidence/horizon/4024_Q_Q_ALL_xlsx.evidence.json,
4024,4,Q,Q_COMPLETE.xlsx,https://vodostaji.voda.ba/data/internet/stations/4/4024/Q/Q_COMPLETE.xlsx,404,245,False,,,2026-09-09T15:50:54.814033Z,evidence/horizon/4024_Q_Q_COMPLETE_xlsx.evidence.json,
4024,4,Q,Q_HIST.xlsx,https://vodostaji.voda.ba/data/internet/stations/4/4024/Q/Q_HIST.xlsx,404,241,False,,,2026-09-09T15:50:55.188951Z,evidence/horizon/4024_Q_Q_HIST_xlsx.evidence.json,
4024,4,Q,Q_1Y.csv,https://vodostaji.voda.ba/data/internet/stations/4/4024/Q/Q_1Y.csv,404,238,False,,,2026-09-09T15:50:55.564753Z,evidence/horizon/4024_Q_Q_1Y_csv.evidence.json,
4024,4,Q,Q_1Y.json,https://vodostaji.voda.ba/data/internet/stations/4/4024/Q/Q_1Y.json,404,239,False,,,2026-09-09T15:50:55.935862Z,evidence/horizon/4024_Q_Q_1Y_json.evidence.json,
4024,4,Q,Q_1Y.zip,https://vodostaji.voda.ba/data/internet/stations/4/4024/Q/Q_1Y.zip,404,238,False,,,2026-09-09T15:50:56.311596Z,evidence/horizon/4024_Q_Q_1Y_zip.evidence.json,
4024,4,Q,directory_listing,https://vodostaji.voda.ba/data/internet/stations/4/4024/Q/,403,234,False,,,2026-09-09T15:50:56.683129Z,evidence/horizon/4024_Q_directory_listing.evidence.json,
1010,1,Q,Q_1D.xlsx,https://vodostaji.voda.ba/data/internet/stations/1/1010/Q/Q_1D.xlsx,404,239,False,,,2026-09-09T15:50:57.057147Z,evidence/horizon/1010_Q_Q_1D_xlsx.evidence.json,
1010,1,Q,Q_1W.xlsx,https://vodostaji.voda.ba/data/internet/stations/1/1010/Q/Q_1W.xlsx,404,239,False,,,2026-09-09T15:50:57.435815Z,evidence/horizon/1010_Q_Q_1W_xlsx.evidence.json,
1010,1,Q,Q_1M.xlsx,https://vodostaji.voda.ba/data/internet/stations/1/1010/Q/Q_1M.xlsx,200,25063,True,2026-08-10 00:00:00,2026-09-09 13:00:00,2026-09-09T15:50:57.877278Z,evidence/horizon/1010_Q_Q_1M_xlsx.evidence.json,
1010,1,Q,Q_3M.xlsx,https://vodostaji.voda.ba/data/internet/stations/1/1010/Q/Q_3M.xlsx,404,239,False,,,2026-09-09T15:50:58.307630Z,evidence/horizon/1010_Q_Q_3M_xlsx.evidence.json,
1010,1,Q,Q_6M.xlsx,https://vodostaji.voda.ba/data/internet/stations/1/1010/Q/Q_6M.xlsx,404,239,False,,,2026-09-09T15:50:58.689724Z,evidence/horizon/1010_Q_Q_6M_xlsx.evidence.json,
1010,1,Q,Q_1Y.xlsx,https://vodostaji.voda.ba/data/internet/stations/1/1010/Q/Q_1Y.xlsx,200,274488,True,2025-09-10 00:00:00,2026-09-09 12:30:00,2026-09-09T15:50:59.062177Z,evidence/horizon/1010_Q_Q_1Y_xlsx.evidence.json,
1010,1,Q,Q_2Y.xlsx,https://vodostaji.voda.ba/data/internet/stations/1/1010/Q/Q_2Y.xlsx,404,239,False,,,2026-09-09T15:50:59.639474Z,evidence/horizon/1010_Q_Q_2Y_xlsx.evidence.json,
1010,1,Q,Q_5Y.xlsx,https://vodostaji.voda.ba/data/internet/stations/1/1010/Q/Q_5Y.xlsx,404,239,False,,,2026-09-09T15:51:00.026804Z,evidence/horizon/1010_Q_Q_5Y_xlsx.evidence.json,
1010,1,Q,Q_10Y.xlsx,https://vodostaji.voda.ba/data/internet/stations/1/1010/Q/Q_10Y.xlsx,404,240,False,,,2026-09-09T15:51:00.402507Z,evidence/horizon/1010_Q_Q_10Y_xlsx.evidence.json,
1010,1,Q,Q_ALL.xlsx,https://vodostaji.voda.ba/data/internet/stations/1/1010/Q/Q_ALL.xlsx,404,240,False,,,2026-09-09T15:51:00.785852Z,evidence/horizon/1010_Q_Q_ALL_xlsx.evidence.json,
1010,1,Q,Q_COMPLETE.xlsx,https://vodostaji.voda.ba/data/internet/stations/1/1010/Q/Q_COMPLETE.xlsx,404,245,False,,,2026-09-09T15:51:01.199605Z,evidence/horizon/1010_Q_Q_COMPLETE_xlsx.evidence.json,
1010,1,Q,Q_HIST.xlsx,https://vodostaji.voda.ba/data/internet/stations/1/1010/Q/Q_HIST.xlsx,404,241,False,,,2026-09-09T15:51:01.581001Z,evidence/horizon/1010_Q_Q_HIST_xlsx.evidence.json,
1010,1,Q,Q_1Y.csv,https://vodostaji.voda.ba/data/internet/stations/1/1010/Q/Q_1Y.csv,404,238,False,,,2026-09-09T15:51:01.962570Z,evidence/horizon/1010_Q_Q_1Y_csv.evidence.json,
1010,1,Q,Q_1Y.json,https://vodostaji.voda.ba/data/internet/stations/1/1010/Q/Q_1Y.json,404,239,False,,,2026-09-09T15:51:02.337014Z,evidence/horizon/1010_Q_Q_1Y_json.evidence.json,
1010,1,Q,Q_1Y.zip,https://vodostaji.voda.ba/data/internet/stations/1/1010/Q/Q_1Y.zip,404,238,False,,,2026-09-09T15:51:02.712929Z,evidence/horizon/1010_Q_Q_1Y_zip.evidence.json,
1010,1,Q,directory_listing,https://vodostaji.voda.ba/data/internet/stations/1/1010/Q/,403,234,False,,,2026-09-09T15:51:03.085833Z,evidence/horizon/1010_Q_directory_listing.evidence.json,
4110,4,H,H_1D.xlsx,https://vodostaji.voda.ba/data/internet/stations/4/4110/H/H_1D.xlsx,404,239,False,,,2026-09-09T15:51:03.455406Z,evidence/horizon/4110_H_H_1D_xlsx.evidence.json,
4110,4,H,H_1W.xlsx,https://vodostaji.voda.ba/data/internet/stations/4/4110/H/H_1W.xlsx,404,239,False,,,2026-09-09T15:51:03.827622Z,evidence/horizon/4110_H_H_1W_xlsx.evidence.json,
4110,4,H,H_1M.xlsx,https://vodostaji.voda.ba/data/internet/stations/4/4110/H/H_1M.xlsx,200,13648,True,2026-08-10 00:00:00,2026-09-09 08:00:00,2026-09-09T15:51:04.201670Z,evidence/horizon/4110_H_H_1M_xlsx.evidence.json,
4110,4,H,H_3M.xlsx,https://vodostaji.voda.ba/data/internet/stations/4/4110/H/H_3M.xlsx,404,239,False,,,2026-09-09T15:51:04.589721Z,evidence/horizon/4110_H_H_3M_xlsx.evidence.json,
4110,4,H,H_6M.xlsx,https://vodostaji.voda.ba/data/internet/stations/4/4110/H/H_6M.xlsx,404,239,False,,,2026-09-09T15:51:04.969167Z,evidence/horizon/4110_H_H_6M_xlsx.evidence.json,
4110,4,H,H_1Y.xlsx,https://vodostaji.voda.ba/data/internet/stations/4/4110/H/H_1Y.xlsx,200,74353,True,2025-09-10 00:00:00,2026-09-09 08:00:00,2026-09-09T15:51:05.343845Z,evidence/horizon/4110_H_H_1Y_xlsx.evidence.json,
4110,4,H,H_2Y.xlsx,https://vodostaji.voda.ba/data/internet/stations/4/4110/H/H_2Y.xlsx,404,239,False,,,2026-09-09T15:51:05.814157Z,evidence/horizon/4110_H_H_2Y_xlsx.evidence.json,
4110,4,H,H_5Y.xlsx,https://vodostaji.voda.ba/data/internet/stations/4/4110/H/H_5Y.xlsx,404,239,False,,,2026-09-09T15:51:06.185802Z,evidence/horizon/4110_H_H_5Y_xlsx.evidence.json,
4110,4,H,H_10Y.xlsx,https://vodostaji.voda.ba/data/internet/stations/4/4110/H/H_10Y.xlsx,404,240,False,,,2026-09-09T15:51:06.564575Z,evidence/horizon/4110_H_H_10Y_xlsx.evidence.json,
4110,4,H,H_ALL.xlsx,https://vodostaji.voda.ba/data/internet/stations/4/4110/H/H_ALL.xlsx,404,240,False,,,2026-09-09T15:51:06.935815Z,evidence/horizon/4110_H_H_ALL_xlsx.evidence.json,
4110,4,H,H_COMPLETE.xlsx,https://vodostaji.voda.ba/data/internet/stations/4/4110/H/H_COMPLETE.xlsx,404,245,False,,,2026-09-09T15:51:07.311953Z,evidence/horizon/4110_H_H_COMPLETE_xlsx.evidence.json,
4110,4,H,H_HIST.xlsx,https://vodostaji.voda.ba/data/internet/stations/4/4110/H/H_HIST.xlsx,404,241,False,,,2026-09-09T15:51:07.687964Z,evidence/horizon/4110_H_H_HIST_xlsx.evidence.json,
4110,4,H,H_1Y.csv,https://vodostaji.voda.ba/data/internet/stations/4/4110/H/H_1Y.csv,404,238,False,,,2026-09-09T15:51:08.062352Z,evidence/horizon/4110_H_H_1Y_csv.evidence.json,
4110,4,H,H_1Y.json,https://vodostaji.voda.ba/data/internet/stations/4/4110/H/H_1Y.json,404,239,False,,,2026-09-09T15:51:08.440034Z,evidence/horizon/4110_H_H_1Y_json.evidence.json,
4110,4,H,H_1Y.zip,https://vodostaji.voda.ba/data/internet/stations/4/4110/H/H_1Y.zip,404,238,False,,,2026-09-09T15:51:08.812799Z,evidence/horizon/4110_H_H_1Y_zip.evidence.json,
4110,4,H,directory_listing,https://vodostaji.voda.ba/data/internet/stations/4/4110/H/,403,234,False,,,2026-09-09T15:51:09.191593Z,evidence/horizon/4110_H_directory_listing.evidence.json,
1020,1,WT,Tvode_1D.xlsx,https://vodostaji.voda.ba/data/internet/stations/1/1020/WT/Tvode_1D.xlsx,404,244,False,,,2026-09-09T15:51:09.569028Z,evidence/horizon/1020_WT_Tvode_1D_xlsx.evidence.json,
1020,1,WT,Tvode_1W.xlsx,https://vodostaji.voda.ba/data/internet/stations/1/1020/WT/Tvode_1W.xlsx,404,244,False,,,2026-09-09T15:51:09.939761Z,evidence/horizon/1020_WT_Tvode_1W_xlsx.evidence.json,
1020,1,WT,Tvode_1M.xlsx,https://vodostaji.voda.ba/data/internet/stations/1/1020/WT/Tvode_1M.xlsx,200,4547,True,2026-08-15 06:00:00,2026-09-09 12:00:00,2026-09-09T15:51:10.311344Z,evidence/horizon/1020_WT_Tvode_1M_xlsx.evidence.json,
1020,1,WT,Tvode_3M.xlsx,https://vodostaji.voda.ba/data/internet/stations/1/1020/WT/Tvode_3M.xlsx,404,244,False,,,2026-09-09T15:51:10.681408Z,evidence/horizon/1020_WT_Tvode_3M_xlsx.evidence.json,
1020,1,WT,Tvode_6M.xlsx,https://vodostaji.voda.ba/data/internet/stations/1/1020/WT/Tvode_6M.xlsx,404,244,False,,,2026-09-09T15:51:11.052469Z,evidence/horizon/1020_WT_Tvode_6M_xlsx.evidence.json,
1020,1,WT,Tvode_1Y.xlsx,https://vodostaji.voda.ba/data/internet/stations/1/1020/WT/Tvode_1Y.xlsx,200,94419,True,2025-09-10 00:00:00,2026-09-09 12:00:00,2026-09-09T15:51:11.430692Z,evidence/horizon/1020_WT_Tvode_1Y_xlsx.evidence.json,
1020,1,WT,Tvode_2Y.xlsx,https://vodostaji.voda.ba/data/internet/stations/1/1020/WT/Tvode_2Y.xlsx,404,244,False,,,2026-09-09T15:51:11.903417Z,evidence/horizon/1020_WT_Tvode_2Y_xlsx.evidence.json,
1020,1,WT,Tvode_5Y.xlsx,https://vodostaji.voda.ba/data/internet/stations/1/1020/WT/Tvode_5Y.xlsx,404,244,False,,,2026-09-09T15:51:12.273125Z,evidence/horizon/1020_WT_Tvode_5Y_xlsx.evidence.json,
1020,1,WT,Tvode_10Y.xlsx,https://vodostaji.voda.ba/data/internet/stations/1/1020/WT/Tvode_10Y.xlsx,404,245,False,,,2026-09-09T15:51:12.659715Z,evidence/horizon/1020_WT_Tvode_10Y_xlsx.evidence.json,
1020,1,WT,Tvode_ALL.xlsx,https://vodostaji.voda.ba/data/internet/stations/1/1020/WT/Tvode_ALL.xlsx,404,245,False,,,2026-09-09T15:51:13.036372Z,evidence/horizon/1020_WT_Tvode_ALL_xlsx.evidence.json,
1020,1,WT,Tvode_COMPLETE.xlsx,https://vodostaji.voda.ba/data/internet/stations/1/1020/WT/Tvode_COMPLETE.xlsx,404,250,False,,,2026-09-09T15:51:13.414434Z,evidence/horizon/1020_WT_Tvode_COMPLETE_xlsx.evidence.json,
1020,1,WT,Tvode_HIST.xlsx,https://vodostaji.voda.ba/data/internet/stations/1/1020/WT/Tvode_HIST.xlsx,404,246,False,,,2026-09-09T15:51:13.796399Z,evidence/horizon/1020_WT_Tvode_HIST_xlsx.evidence.json,
1020,1,WT,Tvode_1Y.csv,https://vodostaji.voda.ba/data/internet/stations/1/1020/WT/Tvode_1Y.csv,404,243,False,,,2026-09-09T15:51:14.174121Z,evidence/horizon/1020_WT_Tvode_1Y_csv.evidence.json,
1020,1,WT,Tvode_1Y.json,https://vodostaji.voda.ba/data/internet/stations/1/1020/WT/Tvode_1Y.json,404,244,False,,,2026-09-09T15:51:14.553329Z,evidence/horizon/1020_WT_Tvode_1Y_json.evidence.json,
1020,1,WT,Tvode_1Y.zip,https://vodostaji.voda.ba/data/internet/stations/1/1020/WT/Tvode_1Y.zip,404,243,False,,,2026-09-09T15:51:14.937194Z,evidence/horizon/1020_WT_Tvode_1Y_zip.evidence.json,
1020,1,WT,directory_listing,https://vodostaji.voda.ba/data/internet/stations/1/1020/WT/,403,235,False,,,2026-09-09T15:51:15.314510Z,evidence/horizon/1020_WT_directory_listing.evidence.json,
