station_no,site_no,station_name,river_name,object_type,in_baseline,declared_in_layer,product_id,source_code,workbook,url,probed_at,http_status,content_length,content_type,transport_error
1010,1,HS Svilaj,Sava,General;Hidrološka stanica,True,True,discharge_reported,Q,Q_1Y.xlsx,https://vodostaji.voda.ba/data/internet/stations/1/1010/Q/Q_1Y.xlsx,2026-09-07T09:00:12.764401Z,200,274750,application/vnd.openxmlformats-officedocument.spreadsheetml.sheet,
1010,1,HS Svilaj,Sava,General;Hidrološka stanica,True,True,stage_reported,H,H_1Y.xlsx,https://vodostaji.voda.ba/data/internet/stations/1/1010/H/H_1Y.xlsx,2026-09-07T09:00:13.149445Z,200,245786,application/vnd.openxmlformats-officedocument.spreadsheetml.sheet,
1010,1,HS Svilaj,Sava,General;Hidrološka stanica,True,False,water_temperature_reported,WT,Tvode_1Y.xlsx,https://vodostaji.voda.ba/data/internet/stations/1/1010/WT/Tvode_1Y.xlsx,2026-09-07T09:00:13.525520Z,200,3627,application/vnd.openxmlformats-officedocument.spreadsheetml.sheet,
1011,1,CS Svilaj,Kanal/Svilaj,General;Hidrološka stanica,False,False,discharge_reported,Q,Q_1Y.xlsx,https://vodostaji.voda.ba/data/internet/stations/1/1011/Q/Q_1Y.xlsx,2026-09-07T09:00:13.908548Z,200,192008,application/vnd.openxmlformats-officedocument.spreadsheetml.sheet,
1011,1,CS Svilaj,Kanal/Svilaj,General;Hidrološka stanica,False,True,stage_reported,H,H_1Y.xlsx,https://vodostaji.voda.ba/data/internet/stations/1/1011/H/H_1Y.xlsx,2026-09-07T09:00:14.291871Z,200,224404,application/vnd.openxmlformats-officedocument.spreadsheetml.sheet,
1011,1,CS Svilaj,Kanal/Svilaj,General;Hidrološka stanica,False,False,water_temperature_reported,WT,Tvode_1Y.xlsx,https://vodostaji.voda.ba/data/internet/stations/1/1011/WT/Tvode_1Y.xlsx,2026-09-07T09:00:14.668339Z,200,3626,application/vnd.openxmlformats-officedocument.spreadsheetml.sheet,
1012,1,CS Zorice,Kanal/Zorice,General;Hidrološka stanica,False,False,discharge_reported,Q,Q_1Y.xlsx,https://vodostaji.voda.ba/data/internet/stations/1/1012/Q/Q_1Y.xlsx,2026-09-07T09:00:15.038035Z,200,188093,application/vnd.openxmlformats-officedocument.spreadsheetml.sheet,
1012,1,CS Zorice,Kanal/Zorice,General;Hidrološka stanica,False,True,stage_reported,H,H_1Y.xlsx,https://vodostaji.voda.ba/data/internet/stations/1/1012/H/H_1Y.xlsx,2026-09-07T09:00:15.414213Z,200,222818,application/vnd.openxmlformats-officedocument.spreadsheetml.sheet,
1012,1,CS Zorice,Kanal/Zorice,General;Hidrološka stanica,False,False,water_temperature_reported,WT,Tvode_1Y.xlsx,https://vodostaji.voda.ba/data/internet/stations/1/1012/WT/Tvode_1Y.xlsx,2026-09-07T09:00:15.797644Z,200,3628,application/vnd.openxmlformats-officedocument.spreadsheetml.sheet,
1020,1,HS Grebnice,Sava,General;Hidrološka stanica,True,True,discharge_reported,Q,Q_1Y.xlsx,https://vodostaji.voda.ba/data/internet/stations/1/1020/Q/Q_1Y.xlsx,2026-09-07T09:00:16.173203Z,200,139570,application/vnd.openxmlformats-officedocument.spreadsheetml.sheet,
1020,1,HS Grebnice,Sava,General;Hidrološka stanica,True,True,stage_reported,H,H_1Y.xlsx,https://vodostaji.voda.ba/data/internet/stations/1/1020/H/H_1Y.xlsx,2026-09-07T09:00:16.559246Z,200,125654,application/vnd.openxmlformats-officedocument.spreadsheetml.sheet,
1020,1,HS Grebnice,Sava,General;Hidrološka stanica,True,False,water_temperature_reported,WT,Tvode_1Y.xlsx,https://vodostaji.voda.ba/data/internet/stations/1/1020/WT/Tvode_1Y.xlsx,2026-09-07T09:00:16.935984Z,200,95020,application/vnd.openxmlformats-officedocument.spreadsheetml.sheet,
1030,1,HS Orašje,Sava,General;Hidrološka stanica,False,False,discharge_reported,Q,Q_1Y.xlsx,https://vodostaji.voda.ba/data/internet/stations/1/1030/Q/Q_1Y.xlsx,2026-09-07T09:00:17.318552Z,200,30848,application/vnd.openxmlformats-officedocument.spreadsheetml.sheet,
1030,1,HS Orašje,Sava,General;Hidrološka stanica,False,True,stage_reported,H,H_1Y.xlsx,https://vodostaji.voda.ba/data/internet/stations/1/1030/H/H_1Y.xlsx,2026-09-07T09:00:17.690397Z,200,91191,application/vnd.openxmlformats-officedocument.spreadsheetml.sheet,
1030,1,HS Orašje,Sava,General;Hidrološka stanica,False,False,water_temperature_reported,WT,Tvode_1Y.xlsx,https://vodostaji.voda.ba/data/internet/stations/1/1030/WT/Tvode_1Y.xlsx,2026-09-07T09:00:18.081293Z,200,64871,application/vnd.openxmlformats-officedocument.spreadsheetml.sheet,
1031,1,CS Tolisa - Demerovac,Kanal/Demerovac,General;Hidrološka stanica,False,False,discharge_reported,Q,Q_1Y.xlsx,https://vodostaji.voda.ba/data/internet/stations/1/1031/Q/Q_1Y.xlsx,2026-09-07T09:00:18.459404Z,200,169879,application/vnd.openxmlformats-officedocument.spreadsheetml.sheet,
1031,1,CS Tolisa - Demerovac,Kanal/Demerovac,General;Hidrološka stanica,False,True,stage_reported,H,H_1Y.xlsx,https://vodostaji.voda.ba/data/internet/stations/1/1031/H/H_1Y.xlsx,2026-09-07T09:00:18.833853Z,200,218965,application/vnd.openxmlformats-officedocument.spreadsheetml.sheet,
1031,1,CS Tolisa - Demerovac,Kanal/Demerovac,General;Hidrološka stanica,False,False,water_temperature_reported,WT,Tvode_1Y.xlsx,https://vodostaji.voda.ba/data/internet/stations/1/1031/WT/Tvode_1Y.xlsx,2026-09-07T09:00:19.202139Z,200,3638,application/vnd.openxmlformats-officedocument.spreadsheetml.sheet,
1032,1,CS Tolisa - Briježnica,Kanal/Briježnica,General;Hidrološka stanica,False,False,discharge_reported,Q,Q_1Y.xlsx,https://vodostaji.voda.ba/data/internet/stations/1/1032/Q/Q_1Y.xlsx,2026-09-07T09:00:19.581587Z,200,169846,application/vnd.openxmlformats-officedocument.spreadsheetml.sheet,
1032,1,CS Tolisa - Briježnica,Kanal/Briježnica,General;Hidrološka stanica,False,True,stage_reported,H,H_1Y.xlsx,https://vodostaji.voda.ba/data/internet/stations/1/1032/H/H_1Y.xlsx,2026-09-07T09:00:19.949670Z,200,209107,application/vnd.openxmlformats-officedocument.spreadsheetml.sheet,
1032,1,CS Tolisa - Briježnica,Kanal/Briježnica,General;Hidrološka stanica,False,False,water_temperature_reported,WT,Tvode_1Y.xlsx,https://vodostaji.voda.ba/data/internet/stations/1/1032/WT/Tvode_1Y.xlsx,2026-09-07T09:00:20.326491Z,200,3639,application/vnd.openxmlformats-officedocument.spreadsheetml.sheet,
1033,1,CS Tolisa - Tolisa,Kanal/Tolisa,General;Hidrološka stanica,False,False,discharge_reported,Q,Q_1Y.xlsx,https://vodostaji.voda.ba/data/internet/stations/1/1033/Q/Q_1Y.xlsx,2026-09-07T09:00:20.701401Z,200,169846,application/vnd.openxmlformats-officedocument.spreadsheetml.sheet,
1033,1,CS Tolisa - Tolisa,Kanal/Tolisa,General;Hidrološka stanica,False,True,stage_reported,H,H_1Y.xlsx,https://vodostaji.voda.ba/data/internet/stations/1/1033/H/H_1Y.xlsx,2026-09-07T09:00:21.082843Z,200,210354,application/vnd.openxmlformats-officedocument.spreadsheetml.sheet,
1033,1,CS Tolisa - Tolisa,Kanal/Tolisa,General;Hidrološka stanica,False,False,water_temperature_reported,WT,Tvode_1Y.xlsx,https://vodostaji.voda.ba/data/internet/stations/1/1033/WT/Tvode_1Y.xlsx,2026-09-07T09:00:21.465004Z,200,3631,application/vnd.openxmlformats-officedocument.spreadsheetml.sheet,
1110,1,HS Srebrenik,Tinja,General;Hidrološka stanica,False,False,discharge_reported,Q,Q_1Y.xlsx,https://vodostaji.voda.ba/data/internet/stations/1/1110/Q/Q_1Y.xlsx,2026-09-07T09:00:21.850952Z,200,3740,application/vnd.openxmlformats-officedocument.spreadsheetml.sheet,
1110,1,HS Srebrenik,Tinja,General;Hidrološka stanica,False,True,stage_reported,H,H_1Y.xlsx,https://vodostaji.voda.ba/data/internet/stations/1/1110/H/H_1Y.xlsx,2026-09-07T09:00:22.232215Z,200,118416,application/vnd.openxmlformats-officedocument.spreadsheetml.sheet,
1110,1,HS Srebrenik,Tinja,General;Hidrološka stanica,False,False,water_temperature_reported,WT,Tvode_1Y.xlsx,https://vodostaji.voda.ba/data/internet/stations/1/1110/WT/Tvode_1Y.xlsx,2026-09-07T09:00:22.621335Z,200,3630,application/vnd.openxmlformats-officedocument.spreadsheetml.sheet,
1114,2,HS Krušnica,Krušnica,General;Hidrološka stanica,True,True,discharge_reported,Q,Q_1Y.xlsx,https://vodostaji.voda.ba/data/internet/stations/2/1114/Q/Q_1Y.xlsx,2026-09-07T09:00:22.992158Z,200,114468,application/vnd.openxmlformats-officedocument.spreadsheetml.sheet,
1114,2,HS Krušnica,Krušnica,General;Hidrološka stanica,True,True,stage_reported,H,H_1Y.xlsx,https://vodostaji.voda.ba/data/internet/stations/2/1114/H/H_1Y.xlsx,2026-09-07T09:00:23.361444Z,200,109927,application/vnd.openxmlformats-officedocument.spreadsheetml.sheet,
1114,2,HS Krušnica,Krušnica,General;Hidrološka stanica,True,False,water_temperature_reported,WT,Tvode_1Y.xlsx,https://vodostaji.voda.ba/data/internet/stations/2/1114/WT/Tvode_1Y.xlsx,2026-09-07T09:00:23.739805Z,200,3633,application/vnd.openxmlformats-officedocument.spreadsheetml.sheet,
2010,2,HS Martin Brod,Una,General;Hidrološka stanica,True,True,discharge_reported,Q,Q_1Y.xlsx,https://vodostaji.voda.ba/data/internet/stations/2/2010/Q/Q_1Y.xlsx,2026-09-07T09:00:24.112017Z,200,121383,application/vnd.openxmlformats-officedocument.spreadsheetml.sheet,
2010,2,HS Martin Brod,Una,General;Hidrološka stanica,True,True,stage_reported,H,H_1Y.xlsx,https://vodostaji.voda.ba/data/internet/stations/2/2010/H/H_1Y.xlsx,2026-09-07T09:00:24.491076Z,200,120371,application/vnd.openxmlformats-officedocument.spreadsheetml.sheet,
2010,2,HS Martin Brod,Una,General;Hidrološka stanica,True,False,water_temperature_reported,WT,Tvode_1Y.xlsx,https://vodostaji.voda.ba/data/internet/stations/2/2010/WT/Tvode_1Y.xlsx,2026-09-07T09:00:24.870442Z,200,3629,application/vnd.openxmlformats-officedocument.spreadsheetml.sheet,
2020,2,HS Kulen Vakuf,Una,General;Hidrološka stanica,True,True,discharge_reported,Q,Q_1Y.xlsx,https://vodostaji.voda.ba/data/internet/stations/2/2020/Q/Q_1Y.xlsx,2026-09-07T09:00:25.243475Z,200,112148,application/vnd.openxmlformats-officedocument.spreadsheetml.sheet,
2020,2,HS Kulen Vakuf,Una,General;Hidrološka stanica,True,True,stage_reported,H,H_1Y.xlsx,https://vodostaji.voda.ba/data/internet/stations/2/2020/H/H_1Y.xlsx,2026-09-07T09:00:25.619003Z,200,108984,application/vnd.openxmlformats-officedocument.spreadsheetml.sheet,
2020,2,HS Kulen Vakuf,Una,General;Hidrološka stanica,True,False,water_temperature_reported,WT,Tvode_1Y.xlsx,https://vodostaji.voda.ba/data/internet/stations/2/2020/WT/Tvode_1Y.xlsx,2026-09-07T09:00:26.003306Z,200,3629,application/vnd.openxmlformats-officedocument.spreadsheetml.sheet,
2030,2,HS Kralje,Una,General;Hidrološka stanica,True,True,discharge_reported,Q,Q_1Y.xlsx,https://vodostaji.voda.ba/data/internet/stations/2/2030/Q/Q_1Y.xlsx,2026-09-07T09:00:26.377747Z,200,131539,application/vnd.openxmlformats-officedocument.spreadsheetml.sheet,
2030,2,HS Kralje,Una,General;Hidrološka stanica,True,True,stage_reported,H,H_1Y.xlsx,https://vodostaji.voda.ba/data/internet/stations/2/2030/H/H_1Y.xlsx,2026-09-07T09:00:26.753321Z,200,124521,application/vnd.openxmlformats-officedocument.spreadsheetml.sheet,
2030,2,HS Kralje,Una,General;Hidrološka stanica,True,False,water_temperature_reported,WT,Tvode_1Y.xlsx,https://vodostaji.voda.ba/data/internet/stations/2/2030/WT/Tvode_1Y.xlsx,2026-09-07T09:00:27.123702Z,200,3628,application/vnd.openxmlformats-officedocument.spreadsheetml.sheet,
2031,2,HS Bihać,Una,General;Hidrološka stanica,False,False,discharge_reported,Q,Q_1Y.xlsx,https://vodostaji.voda.ba/data/internet/stations/2/2031/Q/Q_1Y.xlsx,2026-09-07T09:00:27.504286Z,200,98556,application/vnd.openxmlformats-officedocument.spreadsheetml.sheet,
2031,2,HS Bihać,Una,General;Hidrološka stanica,False,True,stage_reported,H,H_1Y.xlsx,https://vodostaji.voda.ba/data/internet/stations/2/2031/H/H_1Y.xlsx,2026-09-07T09:00:27.891014Z,200,106991,application/vnd.openxmlformats-officedocument.spreadsheetml.sheet,
2031,2,HS Bihać,Una,General;Hidrološka stanica,False,True,water_temperature_reported,WT,Tvode_1Y.xlsx,https://vodostaji.voda.ba/data/internet/stations/2/2031/WT/Tvode_1Y.xlsx,2026-09-07T09:00:28.262806Z,200,112443,application/vnd.openxmlformats-officedocument.spreadsheetml.sheet,
2035,2,HS Ripač,Una,General;Hidrološka stanica,True,True,discharge_reported,Q,Q_1Y.xlsx,https://vodostaji.voda.ba/data/internet/stations/2/2035/Q/Q_1Y.xlsx,2026-09-07T09:00:28.633037Z,200,126335,application/vnd.openxmlformats-officedocument.spreadsheetml.sheet,
2035,2,HS Ripač,Una,General;Hidrološka stanica,True,True,stage_reported,H,H_1Y.xlsx,https://vodostaji.voda.ba/data/internet/stations/2/2035/H/H_1Y.xlsx,2026-09-07T09:00:29.008676Z,200,120856,application/vnd.openxmlformats-officedocument.spreadsheetml.sheet,
2035,2,HS Ripač,Una,General;Hidrološka stanica,True,False,water_temperature_reported,WT,Tvode_1Y.xlsx,https://vodostaji.voda.ba/data/internet/stations/2/2035/WT/Tvode_1Y.xlsx,2026-09-07T09:00:29.385541Z,200,3631,application/vnd.openxmlformats-officedocument.spreadsheetml.sheet,
2040,2,HS Kostela,Una,General;Hidrološka stanica,False,False,discharge_reported,Q,Q_1Y.xlsx,https://vodostaji.voda.ba/data/internet/stations/2/2040/Q/Q_1Y.xlsx,2026-09-07T09:00:29.764218Z,200,98226,application/vnd.openxmlformats-officedocument.spreadsheetml.sheet,
2040,2,HS Kostela,Una,General;Hidrološka stanica,False,True,stage_reported,H,H_1Y.xlsx,https://vodostaji.voda.ba/data/internet/stations/2/2040/H/H_1Y.xlsx,2026-09-07T09:00:30.132028Z,200,110043,application/vnd.openxmlformats-officedocument.spreadsheetml.sheet,
2040,2,HS Kostela,Una,General;Hidrološka stanica,False,True,water_temperature_reported,WT,Tvode_1Y.xlsx,https://vodostaji.voda.ba/data/internet/stations/2/2040/WT/Tvode_1Y.xlsx,2026-09-07T09:00:30.509354Z,200,112790,application/vnd.openxmlformats-officedocument.spreadsheetml.sheet,
2050,2,HS Bosanska Krupa,Una,General;Hidrološka stanica,True,True,discharge_reported,Q,Q_1Y.xlsx,https://vodostaji.voda.ba/data/internet/stations/2/2050/Q/Q_1Y.xlsx,2026-09-07T09:00:30.895144Z,200,104729,application/vnd.openxmlformats-officedocument.spreadsheetml.sheet,
2050,2,HS Bosanska Krupa,Una,General;Hidrološka stanica,True,True,stage_reported,H,H_1Y.xlsx,https://vodostaji.voda.ba/data/internet/stations/2/2050/H/H_1Y.xlsx,2026-09-07T09:00:31.278803Z,200,97230,application/vnd.openxmlformats-officedocument.spreadsheetml.sheet,
2050,2,HS Bosanska Krupa,Una,General;Hidrološka stanica,True,False,water_temperature_reported,WT,Tvode_1Y.xlsx,https://vodostaji.voda.ba/data/internet/stations/2/2050/WT/Tvode_1Y.xlsx,2026-09-07T09:00:31.656038Z,200,3634,application/vnd.openxmlformats-officedocument.spreadsheetml.sheet,
2060,2,HS Bosanska Otoka,Una,General;Hidrološka stanica,True,True,discharge_reported,Q,Q_1Y.xlsx,https://vodostaji.voda.ba/data/internet/stations/2/2060/Q/Q_1Y.xlsx,2026-09-07T09:00:32.036189Z,200,130592,application/vnd.openxmlformats-officedocument.spreadsheetml.sheet,
2060,2,HS Bosanska Otoka,Una,General;Hidrološka stanica,True,True,stage_reported,H,H_1Y.xlsx,https://vodostaji.voda.ba/data/internet/stations/2/2060/H/H_1Y.xlsx,2026-09-07T09:00:32.418897Z,200,123154,application/vnd.openxmlformats-officedocument.spreadsheetml.sheet,
2060,2,HS Bosanska Otoka,Una,General;Hidrološka stanica,True,True,water_temperature_reported,WT,Tvode_1Y.xlsx,https://vodostaji.voda.ba/data/internet/stations/2/2060/WT/Tvode_1Y.xlsx,2026-09-07T09:00:32.799525Z,200,114220,application/vnd.openxmlformats-officedocument.spreadsheetml.sheet,
2101-B,3,HS Bistrica,Bistrica,General;Hidrološka stanica,True,True,discharge_reported,Q,Q_1Y.xlsx,https://vodostaji.voda.ba/data/internet/stations/3/2101-B/Q/Q_1Y.xlsx,2026-09-07T09:00:33.186864Z,200,119600,application/vnd.openxmlformats-officedocument.spreadsheetml.sheet,
2101-B,3,HS Bistrica,Bistrica,General;Hidrološka stanica,True,True,stage_reported,H,H_1Y.xlsx,https://vodostaji.voda.ba/data/internet/stations/3/2101-B/H/H_1Y.xlsx,2026-09-07T09:00:33.560463Z,200,118580,application/vnd.openxmlformats-officedocument.spreadsheetml.sheet,
2101-B,3,HS Bistrica,Bistrica,General;Hidrološka stanica,True,False,water_temperature_reported,WT,Tvode_1Y.xlsx,https://vodostaji.voda.ba/data/internet/stations/3/2101-B/WT/Tvode_1Y.xlsx,2026-09-07T09:00:33.934397Z,200,3633,application/vnd.openxmlformats-officedocument.spreadsheetml.sheet,
2103,3,HS Veseočica,Veseočica,General;Hidrološka stanica,True,True,discharge_reported,Q,Q_1Y.xlsx,https://vodostaji.voda.ba/data/internet/stations/3/2103/Q/Q_1Y.xlsx,2026-09-07T09:00:34.315645Z,200,119012,application/vnd.openxmlformats-officedocument.spreadsheetml.sheet,
2103,3,HS Veseočica,Veseočica,General;Hidrološka stanica,True,True,stage_reported,H,H_1Y.xlsx,https://vodostaji.voda.ba/data/internet/stations/3/2103/H/H_1Y.xlsx,2026-09-07T09:00:34.687937Z,200,106827,application/vnd.openxmlformats-officedocument.spreadsheetml.sheet,
2103,3,HS Veseočica,Veseočica,General;Hidrološka stanica,True,False,water_temperature_reported,WT,Tvode_1Y.xlsx,https://vodostaji.voda.ba/data/internet/stations/3/2103/WT/Tvode_1Y.xlsx,2026-09-07T09:00:35.056423Z,200,3634,application/vnd.openxmlformats-officedocument.spreadsheetml.sheet,
2110,2,HS Drvar,Unac,General;Hidrološka stanica,True,True,discharge_reported,Q,Q_1Y.xlsx,https://vodostaji.voda.ba/data/internet/stations/2/2110/Q/Q_1Y.xlsx,2026-09-07T09:00:35.423386Z,200,122023,application/vnd.openxmlformats-officedocument.spreadsheetml.sheet,
2110,2,HS Drvar,Unac,General;Hidrološka stanica,True,True,stage_reported,H,H_1Y.xlsx,https://vodostaji.voda.ba/data/internet/stations/2/2110/H/H_1Y.xlsx,2026-09-07T09:00:35.795734Z,200,119600,application/vnd.openxmlformats-officedocument.spreadsheetml.sheet,
2110,2,HS Drvar,Unac,General;Hidrološka stanica,True,False,water_temperature_reported,WT,Tvode_1Y.xlsx,https://vodostaji.voda.ba/data/internet/stations/2/2110/WT/Tvode_1Y.xlsx,2026-09-07T09:00:36.175983Z,200,3626,application/vnd.openxmlformats-officedocument.spreadsheetml.sheet,
2120,2,HS Rmanj Manastir,Unac,General;Hidrološka stanica,True,True,discharge_reported,Q,Q_1Y.xlsx,https://vodostaji.voda.ba/data/internet/stations/2/2120/Q/Q_1Y.xlsx,2026-09-07T09:00:36.550609Z,200,123794,application/vnd.openxmlformats-officedocument.spreadsheetml.sheet,
2120,2,HS Rmanj Manastir,Unac,General;Hidrološka stanica,True,True,stage_reported,H,H_1Y.xlsx,https://vodostaji.voda.ba/data/internet/stations/2/2120/H/H_1Y.xlsx,2026-09-07T09:00:36.922546Z,200,119973,application/vnd.openxmlformats-officedocument.spreadsheetml.sheet,
2120,2,HS Rmanj Manastir,Unac,General;Hidrološka stanica,True,True,water_temperature_reported,WT,Tvode_1Y.xlsx,https://vodostaji.voda.ba/data/internet/stations/2/2120/WT/Tvode_1Y.xlsx,2026-09-07T09:00:37.294586Z,200,111607,application/vnd.openxmlformats-officedocument.spreadsheetml.sheet,
2210,2,HS Klokot,Klokot,General;Hidrološka stanica,True,True,discharge_reported,Q,Q_1Y.xlsx,https://vodostaji.voda.ba/data/internet/stations/2/2210/Q/Q_1Y.xlsx,2026-09-07T09:00:37.662615Z,200,129380,application/vnd.openxmlformats-officedocument.spreadsheetml.sheet,
2210,2,HS Klokot,Klokot,General;Hidrološka stanica,True,True,stage_reported,H,H_1Y.xlsx,https://vodostaji.voda.ba/data/internet/stations/2/2210/H/H_1Y.xlsx,2026-09-07T09:00:38.038324Z,200,125577,application/vnd.openxmlformats-officedocument.spreadsheetml.sheet,
2210,2,HS Klokot,Klokot,General;Hidrološka stanica,True,False,water_temperature_reported,WT,Tvode_1Y.xlsx,https://vodostaji.voda.ba/data/internet/stations/2/2210/WT/Tvode_1Y.xlsx,2026-09-07T09:00:38.415170Z,200,3627,application/vnd.openxmlformats-officedocument.spreadsheetml.sheet,
2310,2,HS Ključ,Sana,General;Hidrološka stanica,True,True,discharge_reported,Q,Q_1Y.xlsx,https://vodostaji.voda.ba/data/internet/stations/2/2310/Q/Q_1Y.xlsx,2026-09-07T09:00:38.791990Z,200,113539,application/vnd.openxmlformats-officedocument.spreadsheetml.sheet,
2310,2,HS Ključ,Sana,General;Hidrološka stanica,True,True,stage_reported,H,H_1Y.xlsx,https://vodostaji.voda.ba/data/internet/stations/2/2310/H/H_1Y.xlsx,2026-09-07T09:00:39.164800Z,200,106162,application/vnd.openxmlformats-officedocument.spreadsheetml.sheet,
2310,2,HS Ključ,Sana,General;Hidrološka stanica,True,False,water_temperature_reported,WT,Tvode_1Y.xlsx,https://vodostaji.voda.ba/data/internet/stations/2/2310/WT/Tvode_1Y.xlsx,2026-09-07T09:00:39.548390Z,200,3631,application/vnd.openxmlformats-officedocument.spreadsheetml.sheet,
2320,2,HS Sanski Most,Sana,General;Hidrološka stanica,True,True,discharge_reported,Q,Q_1Y.xlsx,https://vodostaji.voda.ba/data/internet/stations/2/2320/Q/Q_1Y.xlsx,2026-09-07T09:00:39.928686Z,200,115674,application/vnd.openxmlformats-officedocument.spreadsheetml.sheet,
2320,2,HS Sanski Most,Sana,General;Hidrološka stanica,True,True,stage_reported,H,H_1Y.xlsx,https://vodostaji.voda.ba/data/internet/stations/2/2320/H/H_1Y.xlsx,2026-09-07T09:00:40.296947Z,200,110927,application/vnd.openxmlformats-officedocument.spreadsheetml.sheet,
2320,2,HS Sanski Most,Sana,General;Hidrološka stanica,True,True,water_temperature_reported,WT,Tvode_1Y.xlsx,https://vodostaji.voda.ba/data/internet/stations/2/2320/WT/Tvode_1Y.xlsx,2026-09-07T09:00:40.674268Z,200,113868,application/vnd.openxmlformats-officedocument.spreadsheetml.sheet,
3010,3,HS Gornji Vakuf,Vrbas,General;Hidrološka stanica,True,True,discharge_reported,Q,Q_1Y.xlsx,https://vodostaji.voda.ba/data/internet/stations/3/3010/Q/Q_1Y.xlsx,2026-09-07T09:00:41.046139Z,200,121535,application/vnd.openxmlformats-officedocument.spreadsheetml.sheet,
3010,3,HS Gornji Vakuf,Vrbas,General;Hidrološka stanica,True,True,stage_reported,H,H_1Y.xlsx,https://vodostaji.voda.ba/data/internet/stations/3/3010/H/H_1Y.xlsx,2026-09-07T09:00:41.425640Z,200,120085,application/vnd.openxmlformats-officedocument.spreadsheetml.sheet,
3010,3,HS Gornji Vakuf,Vrbas,General;Hidrološka stanica,True,False,water_temperature_reported,WT,Tvode_1Y.xlsx,https://vodostaji.voda.ba/data/internet/stations/3/3010/WT/Tvode_1Y.xlsx,2026-09-07T09:00:41.812929Z,200,3632,application/vnd.openxmlformats-officedocument.spreadsheetml.sheet,
3020,3,HS Daljan,Vrbas,General;Hidrološka stanica,True,True,discharge_reported,Q,Q_1Y.xlsx,https://vodostaji.voda.ba/data/internet/stations/3/3020/Q/Q_1Y.xlsx,2026-09-07T09:00:42.182590Z,200,126529,application/vnd.openxmlformats-officedocument.spreadsheetml.sheet,
3020,3,HS Daljan,Vrbas,General;Hidrološka stanica,True,True,stage_reported,H,H_1Y.xlsx,https://vodostaji.voda.ba/data/internet/stations/3/3020/H/H_1Y.xlsx,2026-09-07T09:00:42.554856Z,200,122859,application/vnd.openxmlformats-officedocument.spreadsheetml.sheet,
3020,3,HS Daljan,Vrbas,General;Hidrološka stanica,True,False,water_temperature_reported,WT,Tvode_1Y.xlsx,https://vodostaji.voda.ba/data/internet/stations/3/3020/WT/Tvode_1Y.xlsx,2026-09-07T09:00:42.929632Z,200,3629,application/vnd.openxmlformats-officedocument.spreadsheetml.sheet,
3030,3,HS Kozluk,Vrbas,General;Hidrološka stanica,True,True,discharge_reported,Q,Q_1Y.xlsx,https://vodostaji.voda.ba/data/internet/stations/3/3030/Q/Q_1Y.xlsx,2026-09-07T09:00:43.299606Z,200,126338,application/vnd.openxmlformats-officedocument.spreadsheetml.sheet,
3030,3,HS Kozluk,Vrbas,General;Hidrološka stanica,True,True,stage_reported,H,H_1Y.xlsx,https://vodostaji.voda.ba/data/internet/stations/3/3030/H/H_1Y.xlsx,2026-09-07T09:00:43.673189Z,200,122776,application/vnd.openxmlformats-officedocument.spreadsheetml.sheet,
3030,3,HS Kozluk,Vrbas,General;Hidrološka stanica,True,False,water_temperature_reported,WT,Tvode_1Y.xlsx,https://vodostaji.voda.ba/data/internet/stations/3/3030/WT/Tvode_1Y.xlsx,2026-09-07T09:00:44.045499Z,200,3628,application/vnd.openxmlformats-officedocument.spreadsheetml.sheet,
3040,3,HS Bugojno,Vrbas,General;Hidrološka stanica,True,True,discharge_reported,Q,Q_1Y.xlsx,https://vodostaji.voda.ba/data/internet/stations/3/3040/Q/Q_1Y.xlsx,2026-09-07T09:00:44.414013Z,200,124258,application/vnd.openxmlformats-officedocument.spreadsheetml.sheet,
3040,3,HS Bugojno,Vrbas,General;Hidrološka stanica,True,True,stage_reported,H,H_1Y.xlsx,https://vodostaji.voda.ba/data/internet/stations/3/3040/H/H_1Y.xlsx,2026-09-07T09:00:44.794257Z,200,121332,application/vnd.openxmlformats-officedocument.spreadsheetml.sheet,
3040,3,HS Bugojno,Vrbas,General;Hidrološka stanica,True,False,water_temperature_reported,WT,Tvode_1Y.xlsx,https://vodostaji.voda.ba/data/internet/stations/3/3040/WT/Tvode_1Y.xlsx,2026-09-07T09:00:45.170502Z,200,3629,application/vnd.openxmlformats-officedocument.spreadsheetml.sheet,
4010,4,HS Vrelo Bosne,Bosna,General;Hidrološka stanica,True,True,discharge_reported,Q,Q_1Y.xlsx,https://vodostaji.voda.ba/data/internet/stations/4/4010/Q/Q_1Y.xlsx,2026-09-07T09:00:45.544107Z,200,109756,application/vnd.openxmlformats-officedocument.spreadsheetml.sheet,
4010,4,HS Vrelo Bosne,Bosna,General;Hidrološka stanica,True,True,stage_reported,H,H_1Y.xlsx,https://vodostaji.voda.ba/data/internet/stations/4/4010/H/H_1Y.xlsx,2026-09-07T09:00:45.915148Z,200,107744,application/vnd.openxmlformats-officedocument.spreadsheetml.sheet,
4010,4,HS Vrelo Bosne,Bosna,General;Hidrološka stanica,True,False,water_temperature_reported,WT,Tvode_1Y.xlsx,https://vodostaji.voda.ba/data/internet/stations/4/4010/WT/Tvode_1Y.xlsx,2026-09-07T09:00:46.290504Z,200,3630,application/vnd.openxmlformats-officedocument.spreadsheetml.sheet,
4020,4,HS Rimski Most,Bosna,General;Hidrološka stanica,True,True,discharge_reported,Q,Q_1Y.xlsx,https://vodostaji.voda.ba/data/internet/stations/4/4020/Q/Q_1Y.xlsx,2026-09-07T09:00:46.667826Z,200,114829,application/vnd.openxmlformats-officedocument.spreadsheetml.sheet,
4020,4,HS Rimski Most,Bosna,General;Hidrološka stanica,True,True,stage_reported,H,H_1Y.xlsx,https://vodostaji.voda.ba/data/internet/stations/4/4020/H/H_1Y.xlsx,2026-09-07T09:00:47.039463Z,200,112906,application/vnd.openxmlformats-officedocument.spreadsheetml.sheet,
4020,4,HS Rimski Most,Bosna,General;Hidrološka stanica,True,False,water_temperature_reported,WT,Tvode_1Y.xlsx,https://vodostaji.voda.ba/data/internet/stations/4/4020/WT/Tvode_1Y.xlsx,2026-09-07T09:00:47.414061Z,200,3632,application/vnd.openxmlformats-officedocument.spreadsheetml.sheet,
4023,4,HS Butile n/B,Bosna,General;Hidrološka stanica,False,False,discharge_reported,Q,Q_1Y.xlsx,https://vodostaji.voda.ba/data/internet/stations/4/4023/Q/Q_1Y.xlsx,2026-09-07T09:00:47.787203Z,200,5614,application/vnd.openxmlformats-officedocument.spreadsheetml.sheet,
4023,4,HS Butile n/B,Bosna,General;Hidrološka stanica,False,True,stage_reported,H,H_1Y.xlsx,https://vodostaji.voda.ba/data/internet/stations/4/4023/H/H_1Y.xlsx,2026-09-07T09:00:48.166179Z,200,109520,application/vnd.openxmlformats-officedocument.spreadsheetml.sheet,
4023,4,HS Butile n/B,Bosna,General;Hidrološka stanica,False,False,water_temperature_reported,WT,Tvode_1Y.xlsx,https://vodostaji.voda.ba/data/internet/stations/4/4023/WT/Tvode_1Y.xlsx,2026-09-07T09:00:48.533536Z,200,3631,application/vnd.openxmlformats-officedocument.spreadsheetml.sheet,
4024,4,HS Ljubnići,Bosna,General;Hidrološka stanica,True,True,discharge_reported,Q,Q_1Y.xlsx,https://vodostaji.voda.ba/data/internet/stations/4/4024/Q/Q_1Y.xlsx,2026-09-07T09:00:48.922027Z,200,133491,application/vnd.openxmlformats-officedocument.spreadsheetml.sheet,
4024,4,HS Ljubnići,Bosna,General;Hidrološka stanica,True,True,stage_reported,H,H_1Y.xlsx,https://vodostaji.voda.ba/data/internet/stations/4/4024/H/H_1Y.xlsx,2026-09-07T09:00:49.306420Z,200,121795,application/vnd.openxmlformats-officedocument.spreadsheetml.sheet,
4024,4,HS Ljubnići,Bosna,General;Hidrološka stanica,True,False,water_temperature_reported,WT,Tvode_1Y.xlsx,https://vodostaji.voda.ba/data/internet/stations/4/4024/WT/Tvode_1Y.xlsx,2026-09-07T09:00:49.688057Z,200,3633,application/vnd.openxmlformats-officedocument.spreadsheetml.sheet,
4030,4,HS Visoko n/B,Bosna,General;Hidrološka stanica,True,True,discharge_reported,Q,Q_1Y.xlsx,https://vodostaji.voda.ba/data/internet/stations/4/4030/Q/Q_1Y.xlsx,2026-09-07T09:00:50.081677Z,200,114148,application/vnd.openxmlformats-officedocument.spreadsheetml.sheet,
4030,4,HS Visoko n/B,Bosna,General;Hidrološka stanica,True,True,stage_reported,H,H_1Y.xlsx,https://vodostaji.voda.ba/data/internet/stations/4/4030/H/H_1Y.xlsx,2026-09-07T09:00:50.454785Z,200,110815,application/vnd.openxmlformats-officedocument.spreadsheetml.sheet,
4030,4,HS Visoko n/B,Bosna,General;Hidrološka stanica,True,False,water_temperature_reported,WT,Tvode_1Y.xlsx,https://vodostaji.voda.ba/data/internet/stations/4/4030/WT/Tvode_1Y.xlsx,2026-09-07T09:00:50.842899Z,200,3631,application/vnd.openxmlformats-officedocument.spreadsheetml.sheet,
4042,4,HS Kakanj n/B,Bosna,General;Hidrološka stanica,True,True,discharge_reported,Q,Q_1Y.xlsx,https://vodostaji.voda.ba/data/internet/stations/4/4042/Q/Q_1Y.xlsx,2026-09-07T09:00:51.218744Z,200,132265,application/vnd.openxmlformats-officedocument.spreadsheetml.sheet,
4042,4,HS Kakanj n/B,Bosna,General;Hidrološka stanica,True,True,stage_reported,H,H_1Y.xlsx,https://vodostaji.voda.ba/data/internet/stations/4/4042/H/H_1Y.xlsx,2026-09-07T09:00:51.589511Z,200,125453,application/vnd.openxmlformats-officedocument.spreadsheetml.sheet,
4042,4,HS Kakanj n/B,Bosna,General;Hidrološka stanica,True,False,water_temperature_reported,WT,Tvode_1Y.xlsx,https://vodostaji.voda.ba/data/internet/stations/4/4042/WT/Tvode_1Y.xlsx,2026-09-07T09:00:51.957287Z,200,3631,application/vnd.openxmlformats-officedocument.spreadsheetml.sheet,
4050,4,HS Raspotočje,Bosna,General;Hidrološka stanica,True,True,discharge_reported,Q,Q_1Y.xlsx,https://vodostaji.voda.ba/data/internet/stations/4/4050/Q/Q_1Y.xlsx,2026-09-07T09:00:52.325698Z,200,134667,application/vnd.openxmlformats-officedocument.spreadsheetml.sheet,
4050,4,HS Raspotočje,Bosna,General;Hidrološka stanica,True,True,stage_reported,H,H_1Y.xlsx,https://vodostaji.voda.ba/data/internet/stations/4/4050/H/H_1Y.xlsx,2026-09-07T09:00:52.700262Z,200,127186,application/vnd.openxmlformats-officedocument.spreadsheetml.sheet,
4050,4,HS Raspotočje,Bosna,General;Hidrološka stanica,True,False,water_temperature_reported,WT,Tvode_1Y.xlsx,https://vodostaji.voda.ba/data/internet/stations/4/4050/WT/Tvode_1Y.xlsx,2026-09-07T09:00:53.082486Z,200,3634,application/vnd.openxmlformats-officedocument.spreadsheetml.sheet,
4055,4,HS Žepče,Bosna,General;Hidrološka stanica,True,True,discharge_reported,Q,Q_1Y.xlsx,https://vodostaji.voda.ba/data/internet/stations/4/4055/Q/Q_1Y.xlsx,2026-09-07T09:00:53.459040Z,200,131563,application/vnd.openxmlformats-officedocument.spreadsheetml.sheet,
4055,4,HS Žepče,Bosna,General;Hidrološka stanica,True,True,stage_reported,H,H_1Y.xlsx,https://vodostaji.voda.ba/data/internet/stations/4/4055/H/H_1Y.xlsx,2026-09-07T09:00:53.839249Z,200,124434,application/vnd.openxmlformats-officedocument.spreadsheetml.sheet,
4055,4,HS Žepče,Bosna,General;Hidrološka stanica,True,False,water_temperature_reported,WT,Tvode_1Y.xlsx,https://vodostaji.voda.ba/data/internet/stations/4/4055/WT/Tvode_1Y.xlsx,2026-09-07T09:00:54.213009Z,200,3633,application/vnd.openxmlformats-officedocument.spreadsheetml.sheet,
4060,4,HS Zavidovići n/B,Bosna,General;Hidrološka stanica,True,True,discharge_reported,Q,Q_1Y.xlsx,https://vodostaji.voda.ba/data/internet/stations/4/4060/Q/Q_1Y.xlsx,2026-09-07T09:00:54.586218Z,200,117574,application/vnd.openxmlformats-officedocument.spreadsheetml.sheet,
4060,4,HS Zavidovići n/B,Bosna,General;Hidrološka stanica,True,True,stage_reported,H,H_1Y.xlsx,https://vodostaji.voda.ba/data/internet/stations/4/4060/H/H_1Y.xlsx,2026-09-07T09:00:54.964604Z,200,113060,application/vnd.openxmlformats-officedocument.spreadsheetml.sheet,
4060,4,HS Zavidovići n/B,Bosna,General;Hidrološka stanica,True,False,water_temperature_reported,WT,Tvode_1Y.xlsx,https://vodostaji.voda.ba/data/internet/stations/4/4060/WT/Tvode_1Y.xlsx,2026-09-07T09:00:55.338086Z,200,3640,application/vnd.openxmlformats-officedocument.spreadsheetml.sheet,
4061,4,HS Donji Ulišnjak,Bosna,General;Hidrološka stanica,True,True,discharge_reported,Q,Q_1Y.xlsx,https://vodostaji.voda.ba/data/internet/stations/4/4061/Q/Q_1Y.xlsx,2026-09-07T09:00:55.718733Z,200,130125,application/vnd.openxmlformats-officedocument.spreadsheetml.sheet,
4061,4,HS Donji Ulišnjak,Bosna,General;Hidrološka stanica,True,True,stage_reported,H,H_1Y.xlsx,https://vodostaji.voda.ba/data/internet/stations/4/4061/H/H_1Y.xlsx,2026-09-07T09:00:56.086022Z,200,122307,application/vnd.openxmlformats-officedocument.spreadsheetml.sheet,
4061,4,HS Donji Ulišnjak,Bosna,General;Hidrološka stanica,True,False,water_temperature_reported,WT,Tvode_1Y.xlsx,https://vodostaji.voda.ba/data/internet/stations/4/4061/WT/Tvode_1Y.xlsx,2026-09-07T09:00:56.464804Z,200,3640,application/vnd.openxmlformats-officedocument.spreadsheetml.sheet,
4062,4,HS Maglaj Grad,Bosna,General;Hidrološka stanica,True,True,discharge_reported,Q,Q_1Y.xlsx,https://vodostaji.voda.ba/data/internet/stations/4/4062/Q/Q_1Y.xlsx,2026-09-07T09:00:56.847533Z,200,444907,application/vnd.openxmlformats-officedocument.spreadsheetml.sheet,
4062,4,HS Maglaj Grad,Bosna,General;Hidrološka stanica,True,True,stage_reported,H,H_1Y.xlsx,https://vodostaji.voda.ba/data/internet/stations/4/4062/H/H_1Y.xlsx,2026-09-07T09:00:57.217728Z,200,429107,application/vnd.openxmlformats-officedocument.spreadsheetml.sheet,
4062,4,HS Maglaj Grad,Bosna,General;Hidrološka stanica,True,False,water_temperature_reported,WT,Tvode_1Y.xlsx,https://vodostaji.voda.ba/data/internet/stations/4/4062/WT/Tvode_1Y.xlsx,2026-09-07T09:00:57.586503Z,200,3632,application/vnd.openxmlformats-officedocument.spreadsheetml.sheet,
4070,4,HS Maglaj,Bosna,General;Hidrološka stanica,True,True,discharge_reported,Q,Q_1Y.xlsx,https://vodostaji.voda.ba/data/internet/stations/4/4070/Q/Q_1Y.xlsx,2026-09-07T09:00:57.957579Z,200,135301,application/vnd.openxmlformats-officedocument.spreadsheetml.sheet,
4070,4,HS Maglaj,Bosna,General;Hidrološka stanica,True,True,stage_reported,H,H_1Y.xlsx,https://vodostaji.voda.ba/data/internet/stations/4/4070/H/H_1Y.xlsx,2026-09-07T09:00:58.337454Z,200,126782,application/vnd.openxmlformats-officedocument.spreadsheetml.sheet,
4070,4,HS Maglaj,Bosna,General;Hidrološka stanica,True,True,water_temperature_reported,WT,Tvode_1Y.xlsx,https://vodostaji.voda.ba/data/internet/stations/4/4070/WT/Tvode_1Y.xlsx,2026-09-07T09:00:58.718196Z,200,117433,application/vnd.openxmlformats-officedocument.spreadsheetml.sheet,
4071,4,HS Kosova,Bosna,General;Hidrološka stanica,False,False,discharge_reported,Q,Q_1Y.xlsx,https://vodostaji.voda.ba/data/internet/stations/4/4071/Q/Q_1Y.xlsx,2026-09-07T09:00:59.087735Z,200,97352,application/vnd.openxmlformats-officedocument.spreadsheetml.sheet,
4071,4,HS Kosova,Bosna,General;Hidrološka stanica,False,True,stage_reported,H,H_1Y.xlsx,https://vodostaji.voda.ba/data/internet/stations/4/4071/H/H_1Y.xlsx,2026-09-07T09:00:59.470294Z,200,126414,application/vnd.openxmlformats-officedocument.spreadsheetml.sheet,
4071,4,HS Kosova,Bosna,General;Hidrološka stanica,False,False,water_temperature_reported,WT,Tvode_1Y.xlsx,https://vodostaji.voda.ba/data/internet/stations/4/4071/WT/Tvode_1Y.xlsx,2026-09-07T09:00:59.840983Z,200,3627,application/vnd.openxmlformats-officedocument.spreadsheetml.sheet,
4080,4,HS Šamac,Bosna,General;Hidrološka stanica,False,False,discharge_reported,Q,Q_1Y.xlsx,https://vodostaji.voda.ba/data/internet/stations/4/4080/Q/Q_1Y.xlsx,2026-09-07T09:01:00.219548Z,200,97359,application/vnd.openxmlformats-officedocument.spreadsheetml.sheet,
4080,4,HS Šamac,Bosna,General;Hidrološka stanica,False,True,stage_reported,H,H_1Y.xlsx,https://vodostaji.voda.ba/data/internet/stations/4/4080/H/H_1Y.xlsx,2026-09-07T09:01:00.597838Z,200,129287,application/vnd.openxmlformats-officedocument.spreadsheetml.sheet,
4080,4,HS Šamac,Bosna,General;Hidrološka stanica,False,False,water_temperature_reported,WT,Tvode_1Y.xlsx,https://vodostaji.voda.ba/data/internet/stations/4/4080/WT/Tvode_1Y.xlsx,2026-09-07T09:01:00.982354Z,200,3630,application/vnd.openxmlformats-officedocument.spreadsheetml.sheet,
4109,4,HS Trnovo,Željeznica,General;Hidrološka stanica,False,False,discharge_reported,Q,Q_1Y.xlsx,https://vodostaji.voda.ba/data/internet/stations/4/4109/Q/Q_1Y.xlsx,2026-09-07T09:01:01.363393Z,200,94818,application/vnd.openxmlformats-officedocument.spreadsheetml.sheet,
4109,4,HS Trnovo,Željeznica,General;Hidrološka stanica,False,True,stage_reported,H,H_1Y.xlsx,https://vodostaji.voda.ba/data/internet/stations/4/4109/H/H_1Y.xlsx,2026-09-07T09:01:01.739986Z,200,117006,application/vnd.openxmlformats-officedocument.spreadsheetml.sheet,
4109,4,HS Trnovo,Željeznica,General;Hidrološka stanica,False,False,water_temperature_reported,WT,Tvode_1Y.xlsx,https://vodostaji.voda.ba/data/internet/stations/4/4109/WT/Tvode_1Y.xlsx,2026-09-07T09:01:02.124225Z,404,,,
4110,4,HS Ilidža,Željeznica,General;Hidrološka stanica,True,True,discharge_reported,Q,Q_1Y.xlsx,https://vodostaji.voda.ba/data/internet/stations/4/4110/Q/Q_1Y.xlsx,2026-09-07T09:01:02.505050Z,200,76202,application/vnd.openxmlformats-officedocument.spreadsheetml.sheet,
4110,4,HS Ilidža,Željeznica,General;Hidrološka stanica,True,True,stage_reported,H,H_1Y.xlsx,https://vodostaji.voda.ba/data/internet/stations/4/4110/H/H_1Y.xlsx,2026-09-07T09:01:02.873362Z,200,74560,application/vnd.openxmlformats-officedocument.spreadsheetml.sheet,
4110,4,HS Ilidža,Željeznica,General;Hidrološka stanica,True,False,water_temperature_reported,WT,Tvode_1Y.xlsx,https://vodostaji.voda.ba/data/internet/stations/4/4110/WT/Tvode_1Y.xlsx,2026-09-07T09:01:03.252086Z,200,29228,application/vnd.openxmlformats-officedocument.spreadsheetml.sheet,
4111,4,HS Podteljig,Crna Rijeka,General;Hidrološka stanica,True,True,discharge_reported,Q,Q_1Y.xlsx,https://vodostaji.voda.ba/data/internet/stations/4/4111/Q/Q_1Y.xlsx,2026-09-07T09:01:03.623991Z,200,118738,application/vnd.openxmlformats-officedocument.spreadsheetml.sheet,
4111,4,HS Podteljig,Crna Rijeka,General;Hidrološka stanica,True,True,stage_reported,H,H_1Y.xlsx,https://vodostaji.voda.ba/data/internet/stations/4/4111/H/H_1Y.xlsx,2026-09-07T09:01:04.008634Z,200,117141,application/vnd.openxmlformats-officedocument.spreadsheetml.sheet,
4111,4,HS Podteljig,Crna Rijeka,General;Hidrološka stanica,True,False,water_temperature_reported,WT,Tvode_1Y.xlsx,https://vodostaji.voda.ba/data/internet/stations/4/4111/WT/Tvode_1Y.xlsx,2026-09-07T09:01:04.375346Z,200,3629,application/vnd.openxmlformats-officedocument.spreadsheetml.sheet,
4114,4,HS Butmir,Tilava,General;Hidrološka stanica,False,False,discharge_reported,Q,Q_1Y.xlsx,https://vodostaji.voda.ba/data/internet/stations/4/4114/Q/Q_1Y.xlsx,2026-09-07T09:01:04.746879Z,200,95812,application/vnd.openxmlformats-officedocument.spreadsheetml.sheet,
4114,4,HS Butmir,Tilava,General;Hidrološka stanica,False,True,stage_reported,H,H_1Y.xlsx,https://vodostaji.voda.ba/data/internet/stations/4/4114/H/H_1Y.xlsx,2026-09-07T09:01:05.118226Z,200,121961,application/vnd.openxmlformats-officedocument.spreadsheetml.sheet,
4114,4,HS Butmir,Tilava,General;Hidrološka stanica,False,False,water_temperature_reported,WT,Tvode_1Y.xlsx,https://vodostaji.voda.ba/data/internet/stations/4/4114/WT/Tvode_1Y.xlsx,2026-09-07T09:01:05.497687Z,200,3626,application/vnd.openxmlformats-officedocument.spreadsheetml.sheet,
4121,4,HS Blažuj,Zujevina,General;Hidrološka stanica,True,True,discharge_reported,Q,Q_1Y.xlsx,https://vodostaji.voda.ba/data/internet/stations/4/4121/Q/Q_1Y.xlsx,2026-09-07T09:01:05.871889Z,200,108584,application/vnd.openxmlformats-officedocument.spreadsheetml.sheet,
4121,4,HS Blažuj,Zujevina,General;Hidrološka stanica,True,True,stage_reported,H,H_1Y.xlsx,https://vodostaji.voda.ba/data/internet/stations/4/4121/H/H_1Y.xlsx,2026-09-07T09:01:06.241738Z,200,111941,application/vnd.openxmlformats-officedocument.spreadsheetml.sheet,
4121,4,HS Blažuj,Zujevina,General;Hidrološka stanica,True,False,water_temperature_reported,WT,Tvode_1Y.xlsx,https://vodostaji.voda.ba/data/internet/stations/4/4121/WT/Tvode_1Y.xlsx,2026-09-07T09:01:06.621572Z,200,3630,application/vnd.openxmlformats-officedocument.spreadsheetml.sheet,
4130,4,HS Doglodi,Dobrinja,General;Hidrološka stanica,True,True,discharge_reported,Q,Q_1Y.xlsx,https://vodostaji.voda.ba/data/internet/stations/4/4130/Q/Q_1Y.xlsx,2026-09-07T09:01:06.990627Z,200,113648,application/vnd.openxmlformats-officedocument.spreadsheetml.sheet,
4130,4,HS Doglodi,Dobrinja,General;Hidrološka stanica,True,True,stage_reported,H,H_1Y.xlsx,https://vodostaji.voda.ba/data/internet/stations/4/4130/H/H_1Y.xlsx,2026-09-07T09:01:07.412084Z,200,115804,application/vnd.openxmlformats-officedocument.spreadsheetml.sheet,
4130,4,HS Doglodi,Dobrinja,General;Hidrološka stanica,True,False,water_temperature_reported,WT,Tvode_1Y.xlsx,https://vodostaji.voda.ba/data/internet/stations/4/4130/WT/Tvode_1Y.xlsx,2026-09-07T09:01:07.812497Z,200,3629,application/vnd.openxmlformats-officedocument.spreadsheetml.sheet,
4142,4,HS Vodoprivreda,Miljacka,General;Hidrološka stanica,True,True,discharge_reported,Q,Q_1Y.xlsx,https://vodostaji.voda.ba/data/internet/stations/4/4142/Q/Q_1Y.xlsx,2026-09-07T09:01:08.203806Z,200,115442,application/vnd.openxmlformats-officedocument.spreadsheetml.sheet,
4142,4,HS Vodoprivreda,Miljacka,General;Hidrološka stanica,True,True,stage_reported,H,H_1Y.xlsx,https://vodostaji.voda.ba/data/internet/stations/4/4142/H/H_1Y.xlsx,2026-09-07T09:01:08.587656Z,200,113012,application/vnd.openxmlformats-officedocument.spreadsheetml.sheet,
4142,4,HS Vodoprivreda,Miljacka,General;Hidrološka stanica,True,False,water_temperature_reported,WT,Tvode_1Y.xlsx,https://vodostaji.voda.ba/data/internet/stations/4/4142/WT/Tvode_1Y.xlsx,2026-09-07T09:01:08.978201Z,200,3632,application/vnd.openxmlformats-officedocument.spreadsheetml.sheet,
4145,4,HS Butile n/M,Miljacka,General;Hidrološka stanica,False,False,discharge_reported,Q,Q_1Y.xlsx,https://vodostaji.voda.ba/data/internet/stations/4/4145/Q/Q_1Y.xlsx,2026-09-07T09:01:09.357676Z,200,98799,application/vnd.openxmlformats-officedocument.spreadsheetml.sheet,
4145,4,HS Butile n/M,Miljacka,General;Hidrološka stanica,False,True,stage_reported,H,H_1Y.xlsx,https://vodostaji.voda.ba/data/internet/stations/4/4145/H/H_1Y.xlsx,2026-09-07T09:01:09.731925Z,200,123150,application/vnd.openxmlformats-officedocument.spreadsheetml.sheet,
4145,4,HS Butile n/M,Miljacka,General;Hidrološka stanica,False,False,water_temperature_reported,WT,Tvode_1Y.xlsx,https://vodostaji.voda.ba/data/internet/stations/4/4145/WT/Tvode_1Y.xlsx,2026-09-07T09:01:10.111780Z,200,3631,application/vnd.openxmlformats-officedocument.spreadsheetml.sheet,
4150,4,HS Semizovac,Ljubina,General;Hidrološka stanica,True,True,discharge_reported,Q,Q_1Y.xlsx,https://vodostaji.voda.ba/data/internet/stations/4/4150/Q/Q_1Y.xlsx,2026-09-07T09:01:10.483748Z,200,122444,application/vnd.openxmlformats-officedocument.spreadsheetml.sheet,
4150,4,HS Semizovac,Ljubina,General;Hidrološka stanica,True,True,stage_reported,H,H_1Y.xlsx,https://vodostaji.voda.ba/data/internet/stations/4/4150/H/H_1Y.xlsx,2026-09-07T09:01:10.857708Z,200,120993,application/vnd.openxmlformats-officedocument.spreadsheetml.sheet,
4150,4,HS Semizovac,Ljubina,General;Hidrološka stanica,True,False,water_temperature_reported,WT,Tvode_1Y.xlsx,https://vodostaji.voda.ba/data/internet/stations/4/4150/WT/Tvode_1Y.xlsx,2026-09-07T09:01:11.232223Z,200,3630,application/vnd.openxmlformats-officedocument.spreadsheetml.sheet,
4161,4,HS Ilijaš,Misoča,General;Hidrološka stanica,False,False,discharge_reported,Q,Q_1Y.xlsx,https://vodostaji.voda.ba/data/internet/stations/4/4161/Q/Q_1Y.xlsx,2026-09-07T09:01:11.601333Z,200,96096,application/vnd.openxmlformats-officedocument.spreadsheetml.sheet,
4161,4,HS Ilijaš,Misoča,General;Hidrološka stanica,False,True,stage_reported,H,H_1Y.xlsx,https://vodostaji.voda.ba/data/internet/stations/4/4161/H/H_1Y.xlsx,2026-09-07T09:01:11.976826Z,200,119561,application/vnd.openxmlformats-officedocument.spreadsheetml.sheet,
4161,4,HS Ilijaš,Misoča,General;Hidrološka stanica,False,False,water_temperature_reported,WT,Tvode_1Y.xlsx,https://vodostaji.voda.ba/data/internet/stations/4/4161/WT/Tvode_1Y.xlsx,2026-09-07T09:01:12.346657Z,200,3632,application/vnd.openxmlformats-officedocument.spreadsheetml.sheet,
4170,4,HS Podlugovi,Stavnja,General;Hidrološka stanica,True,True,discharge_reported,Q,Q_1Y.xlsx,https://vodostaji.voda.ba/data/internet/stations/4/4170/Q/Q_1Y.xlsx,2026-09-07T09:01:12.726484Z,200,119380,application/vnd.openxmlformats-officedocument.spreadsheetml.sheet,
4170,4,HS Podlugovi,Stavnja,General;Hidrološka stanica,True,True,stage_reported,H,H_1Y.xlsx,https://vodostaji.voda.ba/data/internet/stations/4/4170/H/H_1Y.xlsx,2026-09-07T09:01:13.098850Z,200,117145,application/vnd.openxmlformats-officedocument.spreadsheetml.sheet,
4170,4,HS Podlugovi,Stavnja,General;Hidrološka stanica,True,False,water_temperature_reported,WT,Tvode_1Y.xlsx,https://vodostaji.voda.ba/data/internet/stations/4/4170/WT/Tvode_1Y.xlsx,2026-09-07T09:01:13.475517Z,200,3630,application/vnd.openxmlformats-officedocument.spreadsheetml.sheet,
4220,4,HS Visoko n/F,Fojnička rijeka,General;Hidrološka stanica,True,True,discharge_reported,Q,Q_1Y.xlsx,https://vodostaji.voda.ba/data/internet/stations/4/4220/Q/Q_1Y.xlsx,2026-09-07T09:01:13.852536Z,200,122578,application/vnd.openxmlformats-officedocument.spreadsheetml.sheet,
4220,4,HS Visoko n/F,Fojnička rijeka,General;Hidrološka stanica,True,True,stage_reported,H,H_1Y.xlsx,https://vodostaji.voda.ba/data/internet/stations/4/4220/H/H_1Y.xlsx,2026-09-07T09:01:14.231959Z,200,120884,application/vnd.openxmlformats-officedocument.spreadsheetml.sheet,
4220,4,HS Visoko n/F,Fojnička rijeka,General;Hidrološka stanica,True,False,water_temperature_reported,WT,Tvode_1Y.xlsx,https://vodostaji.voda.ba/data/internet/stations/4/4220/WT/Tvode_1Y.xlsx,2026-09-07T09:01:14.603156Z,200,3631,application/vnd.openxmlformats-officedocument.spreadsheetml.sheet,
4225,4,HS Kreševka - Kiseljak,Kreševka,General;Hidrološka stanica,False,False,discharge_reported,Q,Q_1Y.xlsx,https://vodostaji.voda.ba/data/internet/stations/4/4225/Q/Q_1Y.xlsx,2026-09-07T09:01:14.981962Z,200,97393,application/vnd.openxmlformats-officedocument.spreadsheetml.sheet,
4225,4,HS Kreševka - Kiseljak,Kreševka,General;Hidrološka stanica,False,True,stage_reported,H,H_1Y.xlsx,https://vodostaji.voda.ba/data/internet/stations/4/4225/H/H_1Y.xlsx,2026-09-07T09:01:15.352068Z,200,118106,application/vnd.openxmlformats-officedocument.spreadsheetml.sheet,
4225,4,HS Kreševka - Kiseljak,Kreševka,General;Hidrološka stanica,False,False,water_temperature_reported,WT,Tvode_1Y.xlsx,https://vodostaji.voda.ba/data/internet/stations/4/4225/WT/Tvode_1Y.xlsx,2026-09-07T09:01:15.722442Z,200,3644,application/vnd.openxmlformats-officedocument.spreadsheetml.sheet,
4228,4,HS Bakovići-Željeznica,Bosna,General;Hidrološka stanica,False,False,discharge_reported,Q,Q_1Y.xlsx,https://vodostaji.voda.ba/data/internet/stations/4/4228/Q/Q_1Y.xlsx,2026-09-07T09:01:16.090839Z,404,,,
4228,4,HS Bakovići-Željeznica,Bosna,General;Hidrološka stanica,False,True,stage_reported,H,H_1Y.xlsx,https://vodostaji.voda.ba/data/internet/stations/4/4228/H/H_1Y.xlsx,2026-09-07T09:01:16.462642Z,404,,,
4228,4,HS Bakovići-Željeznica,Bosna,General;Hidrološka stanica,False,False,water_temperature_reported,WT,Tvode_1Y.xlsx,https://vodostaji.voda.ba/data/internet/stations/4/4228/WT/Tvode_1Y.xlsx,2026-09-07T09:01:16.842125Z,404,,,
4230,4,HS Obre,Trstionica,General;Hidrološka stanica,False,False,discharge_reported,Q,Q_1Y.xlsx,https://vodostaji.voda.ba/data/internet/stations/4/4230/Q/Q_1Y.xlsx,2026-09-07T09:01:17.224931Z,200,120580,application/vnd.openxmlformats-officedocument.spreadsheetml.sheet,
4230,4,HS Obre,Trstionica,General;Hidrološka stanica,False,True,stage_reported,H,H_1Y.xlsx,https://vodostaji.voda.ba/data/internet/stations/4/4230/H/H_1Y.xlsx,2026-09-07T09:01:17.601665Z,200,119574,application/vnd.openxmlformats-officedocument.spreadsheetml.sheet,
4230,4,HS Obre,Trstionica,General;Hidrološka stanica,False,False,water_temperature_reported,WT,Tvode_1Y.xlsx,https://vodostaji.voda.ba/data/internet/stations/4/4230/WT/Tvode_1Y.xlsx,2026-09-07T09:01:17.980975Z,200,3627,application/vnd.openxmlformats-officedocument.spreadsheetml.sheet,
4240,4,HS Kakanj n/Zg,Zgošća,General;Hidrološka stanica,True,True,discharge_reported,Q,Q_1Y.xlsx,https://vodostaji.voda.ba/data/internet/stations/4/4240/Q/Q_1Y.xlsx,2026-09-07T09:01:18.358080Z,200,119108,application/vnd.openxmlformats-officedocument.spreadsheetml.sheet,
4240,4,HS Kakanj n/Zg,Zgošća,General;Hidrološka stanica,True,True,stage_reported,H,H_1Y.xlsx,https://vodostaji.voda.ba/data/internet/stations/4/4240/H/H_1Y.xlsx,2026-09-07T09:01:18.732192Z,200,119073,application/vnd.openxmlformats-officedocument.spreadsheetml.sheet,
4240,4,HS Kakanj n/Zg,Zgošća,General;Hidrološka stanica,True,False,water_temperature_reported,WT,Tvode_1Y.xlsx,https://vodostaji.voda.ba/data/internet/stations/4/4240/WT/Tvode_1Y.xlsx,2026-09-07T09:01:19.112649Z,200,3632,application/vnd.openxmlformats-officedocument.spreadsheetml.sheet,
4310,4,HS Travnik,Lašva,General;Hidrološka stanica,True,True,discharge_reported,Q,Q_1Y.xlsx,https://vodostaji.voda.ba/data/internet/stations/4/4310/Q/Q_1Y.xlsx,2026-09-07T09:01:19.489548Z,200,116858,application/vnd.openxmlformats-officedocument.spreadsheetml.sheet,
4310,4,HS Travnik,Lašva,General;Hidrološka stanica,True,True,stage_reported,H,H_1Y.xlsx,https://vodostaji.voda.ba/data/internet/stations/4/4310/H/H_1Y.xlsx,2026-09-07T09:01:19.863845Z,200,116183,application/vnd.openxmlformats-officedocument.spreadsheetml.sheet,
4310,4,HS Travnik,Lašva,General;Hidrološka stanica,True,False,water_temperature_reported,WT,Tvode_1Y.xlsx,https://vodostaji.voda.ba/data/internet/stations/4/4310/WT/Tvode_1Y.xlsx,2026-09-07T09:01:20.243687Z,200,3628,application/vnd.openxmlformats-officedocument.spreadsheetml.sheet,
4320,4,HS Merdani,Lašva,General;Hidrološka stanica,False,False,discharge_reported,Q,Q_1Y.xlsx,https://vodostaji.voda.ba/data/internet/stations/4/4320/Q/Q_1Y.xlsx,2026-09-07T09:01:20.629734Z,200,97145,application/vnd.openxmlformats-officedocument.spreadsheetml.sheet,
4320,4,HS Merdani,Lašva,General;Hidrološka stanica,False,True,stage_reported,H,H_1Y.xlsx,https://vodostaji.voda.ba/data/internet/stations/4/4320/H/H_1Y.xlsx,2026-09-07T09:01:21.005610Z,200,123578,application/vnd.openxmlformats-officedocument.spreadsheetml.sheet,
4320,4,HS Merdani,Lašva,General;Hidrološka stanica,False,False,water_temperature_reported,WT,Tvode_1Y.xlsx,https://vodostaji.voda.ba/data/internet/stations/4/4320/WT/Tvode_1Y.xlsx,2026-09-07T09:01:21.380296Z,200,3627,application/vnd.openxmlformats-officedocument.spreadsheetml.sheet,
4340,4,HS Stipovići,Gostović,General;Hidrološka stanica,True,True,discharge_reported,Q,Q_1Y.xlsx,https://vodostaji.voda.ba/data/internet/stations/4/4340/Q/Q_1Y.xlsx,2026-09-07T09:01:21.805649Z,200,127003,application/vnd.openxmlformats-officedocument.spreadsheetml.sheet,
4340,4,HS Stipovići,Gostović,General;Hidrološka stanica,True,True,stage_reported,H,H_1Y.xlsx,https://vodostaji.voda.ba/data/internet/stations/4/4340/H/H_1Y.xlsx,2026-09-07T09:01:22.177297Z,200,123193,application/vnd.openxmlformats-officedocument.spreadsheetml.sheet,
4340,4,HS Stipovići,Gostović,General;Hidrološka stanica,True,False,water_temperature_reported,WT,Tvode_1Y.xlsx,https://vodostaji.voda.ba/data/internet/stations/4/4340/WT/Tvode_1Y.xlsx,2026-09-07T09:01:22.560850Z,200,3632,application/vnd.openxmlformats-officedocument.spreadsheetml.sheet,
4410,4,HS Olovo,Krivaja,General;Hidrološka stanica,True,True,discharge_reported,Q,Q_1Y.xlsx,https://vodostaji.voda.ba/data/internet/stations/4/4410/Q/Q_1Y.xlsx,2026-09-07T09:01:22.931174Z,200,127345,application/vnd.openxmlformats-officedocument.spreadsheetml.sheet,
4410,4,HS Olovo,Krivaja,General;Hidrološka stanica,True,True,stage_reported,H,H_1Y.xlsx,https://vodostaji.voda.ba/data/internet/stations/4/4410/H/H_1Y.xlsx,2026-09-07T09:01:23.311445Z,200,123587,application/vnd.openxmlformats-officedocument.spreadsheetml.sheet,
4410,4,HS Olovo,Krivaja,General;Hidrološka stanica,True,False,water_temperature_reported,WT,Tvode_1Y.xlsx,https://vodostaji.voda.ba/data/internet/stations/4/4410/WT/Tvode_1Y.xlsx,2026-09-07T09:01:23.688374Z,200,3627,application/vnd.openxmlformats-officedocument.spreadsheetml.sheet,
4411,4,HS Bioštica,Bioštica,General;Hidrološka stanica,True,True,discharge_reported,Q,Q_1Y.xlsx,https://vodostaji.voda.ba/data/internet/stations/4/4411/Q/Q_1Y.xlsx,2026-09-07T09:01:24.062991Z,200,123522,application/vnd.openxmlformats-officedocument.spreadsheetml.sheet,
4411,4,HS Bioštica,Bioštica,General;Hidrološka stanica,True,True,stage_reported,H,H_1Y.xlsx,https://vodostaji.voda.ba/data/internet/stations/4/4411/H/H_1Y.xlsx,2026-09-07T09:01:24.448563Z,200,121256,application/vnd.openxmlformats-officedocument.spreadsheetml.sheet,
4411,4,HS Bioštica,Bioštica,General;Hidrološka stanica,True,False,water_temperature_reported,WT,Tvode_1Y.xlsx,https://vodostaji.voda.ba/data/internet/stations/4/4411/WT/Tvode_1Y.xlsx,2026-09-07T09:01:24.832871Z,200,3631,application/vnd.openxmlformats-officedocument.spreadsheetml.sheet,
4412,4,HS Olovske Luke,Stupčanica,General;Hidrološka stanica,True,True,discharge_reported,Q,Q_1Y.xlsx,https://vodostaji.voda.ba/data/internet/stations/4/4412/Q/Q_1Y.xlsx,2026-09-07T09:01:25.217094Z,200,122911,application/vnd.openxmlformats-officedocument.spreadsheetml.sheet,
4412,4,HS Olovske Luke,Stupčanica,General;Hidrološka stanica,True,True,stage_reported,H,H_1Y.xlsx,https://vodostaji.voda.ba/data/internet/stations/4/4412/H/H_1Y.xlsx,2026-09-07T09:01:25.592425Z,200,121004,application/vnd.openxmlformats-officedocument.spreadsheetml.sheet,
4412,4,HS Olovske Luke,Stupčanica,General;Hidrološka stanica,True,False,water_temperature_reported,WT,Tvode_1Y.xlsx,https://vodostaji.voda.ba/data/internet/stations/4/4412/WT/Tvode_1Y.xlsx,2026-09-07T09:01:25.970110Z,200,3633,application/vnd.openxmlformats-officedocument.spreadsheetml.sheet,
4420,4,HS Maoča,Krivaja,General;Hidrološka stanica,True,True,discharge_reported,Q,Q_1Y.xlsx,https://vodostaji.voda.ba/data/internet/stations/4/4420/Q/Q_1Y.xlsx,2026-09-07T09:01:26.359427Z,200,126010,application/vnd.openxmlformats-officedocument.spreadsheetml.sheet,
4420,4,HS Maoča,Krivaja,General;Hidrološka stanica,True,True,stage_reported,H,H_1Y.xlsx,https://vodostaji.voda.ba/data/internet/stations/4/4420/H/H_1Y.xlsx,2026-09-07T09:01:26.727654Z,200,121297,application/vnd.openxmlformats-officedocument.spreadsheetml.sheet,
4420,4,HS Maoča,Krivaja,General;Hidrološka stanica,True,False,water_temperature_reported,WT,Tvode_1Y.xlsx,https://vodostaji.voda.ba/data/internet/stations/4/4420/WT/Tvode_1Y.xlsx,2026-09-07T09:01:27.104027Z,200,3631,application/vnd.openxmlformats-officedocument.spreadsheetml.sheet,
4430,4,HS Zavidovići n/K,Krivaja,General;Hidrološka stanica,True,True,discharge_reported,Q,Q_1Y.xlsx,https://vodostaji.voda.ba/data/internet/stations/4/4430/Q/Q_1Y.xlsx,2026-09-07T09:01:27.481491Z,200,129290,application/vnd.openxmlformats-officedocument.spreadsheetml.sheet,
4430,4,HS Zavidovići n/K,Krivaja,General;Hidrološka stanica,True,True,stage_reported,H,H_1Y.xlsx,https://vodostaji.voda.ba/data/internet/stations/4/4430/H/H_1Y.xlsx,2026-09-07T09:01:27.866622Z,200,124256,application/vnd.openxmlformats-officedocument.spreadsheetml.sheet,
4430,4,HS Zavidovići n/K,Krivaja,General;Hidrološka stanica,True,True,water_temperature_reported,WT,Tvode_1Y.xlsx,https://vodostaji.voda.ba/data/internet/stations/4/4430/WT/Tvode_1Y.xlsx,2026-09-07T09:01:28.245344Z,200,117984,application/vnd.openxmlformats-officedocument.spreadsheetml.sheet,
4450,4,HS Liješnica,Lješnica,General;Hidrološka stanica,True,True,discharge_reported,Q,Q_1Y.xlsx,https://vodostaji.voda.ba/data/internet/stations/4/4450/Q/Q_1Y.xlsx,2026-09-07T09:01:28.629109Z,200,121173,application/vnd.openxmlformats-officedocument.spreadsheetml.sheet,
4450,4,HS Liješnica,Lješnica,General;Hidrološka stanica,True,True,stage_reported,H,H_1Y.xlsx,https://vodostaji.voda.ba/data/internet/stations/4/4450/H/H_1Y.xlsx,2026-09-07T09:01:29.004750Z,200,119768,application/vnd.openxmlformats-officedocument.spreadsheetml.sheet,
4450,4,HS Liješnica,Lješnica,General;Hidrološka stanica,True,False,water_temperature_reported,WT,Tvode_1Y.xlsx,https://vodostaji.voda.ba/data/internet/stations/4/4450/WT/Tvode_1Y.xlsx,2026-09-07T09:01:29.384807Z,200,3634,application/vnd.openxmlformats-officedocument.spreadsheetml.sheet,
4510,4,HS Kaloševići,Usora,General;Hidrološka stanica,True,True,discharge_reported,Q,Q_1Y.xlsx,https://vodostaji.voda.ba/data/internet/stations/4/4510/Q/Q_1Y.xlsx,2026-09-07T09:01:29.772811Z,200,123838,application/vnd.openxmlformats-officedocument.spreadsheetml.sheet,
4510,4,HS Kaloševići,Usora,General;Hidrološka stanica,True,True,stage_reported,H,H_1Y.xlsx,https://vodostaji.voda.ba/data/internet/stations/4/4510/H/H_1Y.xlsx,2026-09-07T09:01:30.159716Z,200,120600,application/vnd.openxmlformats-officedocument.spreadsheetml.sheet,
4510,4,HS Kaloševići,Usora,General;Hidrološka stanica,True,False,water_temperature_reported,WT,Tvode_1Y.xlsx,https://vodostaji.voda.ba/data/internet/stations/4/4510/WT/Tvode_1Y.xlsx,2026-09-07T09:01:30.534709Z,200,3638,application/vnd.openxmlformats-officedocument.spreadsheetml.sheet,
4610,4,HS Strašanj,Spreča,General;Hidrološka stanica,True,True,discharge_reported,Q,Q_1Y.xlsx,https://vodostaji.voda.ba/data/internet/stations/4/4610/Q/Q_1Y.xlsx,2026-09-07T09:01:30.914327Z,200,105171,application/vnd.openxmlformats-officedocument.spreadsheetml.sheet,
4610,4,HS Strašanj,Spreča,General;Hidrološka stanica,True,True,stage_reported,H,H_1Y.xlsx,https://vodostaji.voda.ba/data/internet/stations/4/4610/H/H_1Y.xlsx,2026-09-07T09:01:31.296464Z,200,123640,application/vnd.openxmlformats-officedocument.spreadsheetml.sheet,
4610,4,HS Strašanj,Spreča,General;Hidrološka stanica,True,False,water_temperature_reported,WT,Tvode_1Y.xlsx,https://vodostaji.voda.ba/data/internet/stations/4/4610/WT/Tvode_1Y.xlsx,2026-09-07T09:01:31.673412Z,200,3633,application/vnd.openxmlformats-officedocument.spreadsheetml.sheet,
4620,4,HS Modrac,Spreča,General;Hidrološka stanica,True,True,discharge_reported,Q,Q_1Y.xlsx,https://vodostaji.voda.ba/data/internet/stations/4/4620/Q/Q_1Y.xlsx,2026-09-07T09:01:32.046742Z,200,109679,application/vnd.openxmlformats-officedocument.spreadsheetml.sheet,
4620,4,HS Modrac,Spreča,General;Hidrološka stanica,True,True,stage_reported,H,H_1Y.xlsx,https://vodostaji.voda.ba/data/internet/stations/4/4620/H/H_1Y.xlsx,2026-09-07T09:01:32.424629Z,200,115878,application/vnd.openxmlformats-officedocument.spreadsheetml.sheet,
4620,4,HS Modrac,Spreča,General;Hidrološka stanica,True,False,water_temperature_reported,WT,Tvode_1Y.xlsx,https://vodostaji.voda.ba/data/internet/stations/4/4620/WT/Tvode_1Y.xlsx,2026-09-07T09:01:32.795683Z,200,3628,application/vnd.openxmlformats-officedocument.spreadsheetml.sheet,
4630,4,HS Karanovac,Spreča,General;Hidrološka stanica,True,True,discharge_reported,Q,Q_1Y.xlsx,https://vodostaji.voda.ba/data/internet/stations/4/4630/Q/Q_1Y.xlsx,2026-09-07T09:01:33.171162Z,200,128495,application/vnd.openxmlformats-officedocument.spreadsheetml.sheet,
4630,4,HS Karanovac,Spreča,General;Hidrološka stanica,True,True,stage_reported,H,H_1Y.xlsx,https://vodostaji.voda.ba/data/internet/stations/4/4630/H/H_1Y.xlsx,2026-09-07T09:01:33.544173Z,200,124591,application/vnd.openxmlformats-officedocument.spreadsheetml.sheet,
4630,4,HS Karanovac,Spreča,General;Hidrološka stanica,True,False,water_temperature_reported,WT,Tvode_1Y.xlsx,https://vodostaji.voda.ba/data/internet/stations/4/4630/WT/Tvode_1Y.xlsx,2026-09-07T09:01:33.916559Z,200,3630,application/vnd.openxmlformats-officedocument.spreadsheetml.sheet,
4911,1,HS Vidara - akumulacija,Jezero Vidara,General;Hidrološka stanica,False,False,discharge_reported,Q,Q_1Y.xlsx,https://vodostaji.voda.ba/data/internet/stations/1/4911/Q/Q_1Y.xlsx,2026-09-07T09:01:34.289879Z,200,7628,application/vnd.openxmlformats-officedocument.spreadsheetml.sheet,
4911,1,HS Vidara - akumulacija,Jezero Vidara,General;Hidrološka stanica,False,True,stage_reported,H,H_1Y.xlsx,https://vodostaji.voda.ba/data/internet/stations/1/4911/H/H_1Y.xlsx,2026-09-07T09:01:34.665436Z,200,114867,application/vnd.openxmlformats-officedocument.spreadsheetml.sheet,
4911,1,HS Vidara - akumulacija,Jezero Vidara,General;Hidrološka stanica,False,False,water_temperature_reported,WT,Tvode_1Y.xlsx,https://vodostaji.voda.ba/data/internet/stations/1/4911/WT/Tvode_1Y.xlsx,2026-09-07T09:01:35.048043Z,200,3640,application/vnd.openxmlformats-officedocument.spreadsheetml.sheet,
4931,1,HS Hazna - akumulacija,Jezero Hazna,General;Hidrološka stanica,False,False,discharge_reported,Q,Q_1Y.xlsx,https://vodostaji.voda.ba/data/internet/stations/1/4931/Q/Q_1Y.xlsx,2026-09-07T09:01:35.433477Z,200,10914,application/vnd.openxmlformats-officedocument.spreadsheetml.sheet,
4931,1,HS Hazna - akumulacija,Jezero Hazna,General;Hidrološka stanica,False,True,stage_reported,H,H_1Y.xlsx,https://vodostaji.voda.ba/data/internet/stations/1/4931/H/H_1Y.xlsx,2026-09-07T09:01:35.809163Z,200,117049,application/vnd.openxmlformats-officedocument.spreadsheetml.sheet,
4931,1,HS Hazna - akumulacija,Jezero Hazna,General;Hidrološka stanica,False,False,water_temperature_reported,WT,Tvode_1Y.xlsx,https://vodostaji.voda.ba/data/internet/stations/1/4931/WT/Tvode_1Y.xlsx,2026-09-07T09:01:36.191497Z,200,3641,application/vnd.openxmlformats-officedocument.spreadsheetml.sheet,
5010,5,HS Goražde,Drina,General;Hidrološka stanica,True,True,discharge_reported,Q,Q_1Y.xlsx,https://vodostaji.voda.ba/data/internet/stations/5/5010/Q/Q_1Y.xlsx,2026-09-07T09:01:36.566669Z,200,277099,application/vnd.openxmlformats-officedocument.spreadsheetml.sheet,
5010,5,HS Goražde,Drina,General;Hidrološka stanica,True,True,stage_reported,H,H_1Y.xlsx,https://vodostaji.voda.ba/data/internet/stations/5/5010/H/H_1Y.xlsx,2026-09-07T09:01:36.950391Z,200,248983,application/vnd.openxmlformats-officedocument.spreadsheetml.sheet,
5010,5,HS Goražde,Drina,General;Hidrološka stanica,True,True,water_temperature_reported,WT,Tvode_1Y.xlsx,https://vodostaji.voda.ba/data/internet/stations/5/5010/WT/Tvode_1Y.xlsx,2026-09-07T09:01:37.331301Z,200,227703,application/vnd.openxmlformats-officedocument.spreadsheetml.sheet,
5101,5,HS Prača,Prača,General;Hidrološka stanica,True,True,discharge_reported,Q,Q_1Y.xlsx,https://vodostaji.voda.ba/data/internet/stations/5/5101/Q/Q_1Y.xlsx,2026-09-07T09:01:37.713500Z,200,124422,application/vnd.openxmlformats-officedocument.spreadsheetml.sheet,
5101,5,HS Prača,Prača,General;Hidrološka stanica,True,True,stage_reported,H,H_1Y.xlsx,https://vodostaji.voda.ba/data/internet/stations/5/5101/H/H_1Y.xlsx,2026-09-07T09:01:38.097000Z,200,122170,application/vnd.openxmlformats-officedocument.spreadsheetml.sheet,
5101,5,HS Prača,Prača,General;Hidrološka stanica,True,True,water_temperature_reported,WT,Tvode_1Y.xlsx,https://vodostaji.voda.ba/data/internet/stations/5/5101/WT/Tvode_1Y.xlsx,2026-09-07T09:01:38.474249Z,200,120470,application/vnd.openxmlformats-officedocument.spreadsheetml.sheet,
5102,5,HS Kolina,Kolunska rijeka,General;Hidrološka stanica,False,False,discharge_reported,Q,Q_1Y.xlsx,https://vodostaji.voda.ba/data/internet/stations/5/5102/Q/Q_1Y.xlsx,2026-09-07T09:01:38.858781Z,200,385944,application/vnd.openxmlformats-officedocument.spreadsheetml.sheet,
5102,5,HS Kolina,Kolunska rijeka,General;Hidrološka stanica,False,True,stage_reported,H,H_1Y.xlsx,https://vodostaji.voda.ba/data/internet/stations/5/5102/H/H_1Y.xlsx,2026-09-07T09:01:39.238341Z,200,444630,application/vnd.openxmlformats-officedocument.spreadsheetml.sheet,
5102,5,HS Kolina,Kolunska rijeka,General;Hidrološka stanica,False,False,water_temperature_reported,WT,Tvode_1Y.xlsx,https://vodostaji.voda.ba/data/internet/stations/5/5102/WT/Tvode_1Y.xlsx,2026-09-07T09:01:39.616750Z,200,3626,application/vnd.openxmlformats-officedocument.spreadsheetml.sheet,
5103,5,HS Kladanj,Drinjača,General;Hidrološka stanica,False,False,discharge_reported,Q,Q_1Y.xlsx,https://vodostaji.voda.ba/data/internet/stations/5/5103/Q/Q_1Y.xlsx,2026-09-07T09:01:39.992051Z,200,98878,application/vnd.openxmlformats-officedocument.spreadsheetml.sheet,
5103,5,HS Kladanj,Drinjača,General;Hidrološka stanica,False,True,stage_reported,H,H_1Y.xlsx,https://vodostaji.voda.ba/data/internet/stations/5/5103/H/H_1Y.xlsx,2026-09-07T09:01:40.363724Z,200,120202,application/vnd.openxmlformats-officedocument.spreadsheetml.sheet,
5103,5,HS Kladanj,Drinjača,General;Hidrološka stanica,False,False,water_temperature_reported,WT,Tvode_1Y.xlsx,https://vodostaji.voda.ba/data/internet/stations/5/5103/WT/Tvode_1Y.xlsx,2026-09-07T09:01:40.736865Z,200,3628,application/vnd.openxmlformats-officedocument.spreadsheetml.sheet,
8001,4,HS Modrac - akumulacija - JP Spreca d.d. Tuzla,Spreča,General;Hidrološka stanica,False,False,discharge_reported,Q,Q_1Y.xlsx,https://vodostaji.voda.ba/data/internet/stations/4/8001/Q/Q_1Y.xlsx,2026-09-07T09:01:41.109804Z,200,94432,application/vnd.openxmlformats-officedocument.spreadsheetml.sheet,
8001,4,HS Modrac - akumulacija - JP Spreca d.d. Tuzla,Spreča,General;Hidrološka stanica,False,True,stage_reported,H,H_1Y.xlsx,https://vodostaji.voda.ba/data/internet/stations/4/8001/H/H_1Y.xlsx,2026-09-07T09:01:41.488168Z,200,121844,application/vnd.openxmlformats-officedocument.spreadsheetml.sheet,
8001,4,HS Modrac - akumulacija - JP Spreca d.d. Tuzla,Spreča,General;Hidrološka stanica,False,False,water_temperature_reported,WT,Tvode_1Y.xlsx,https://vodostaji.voda.ba/data/internet/stations/4/8001/WT/Tvode_1Y.xlsx,2026-09-07T09:01:41.869342Z,200,3656,application/vnd.openxmlformats-officedocument.spreadsheetml.sheet,
8002,4,HS Banovići - JP Spreča d.d. Tuzla,Litva,General;Hidrološka stanica,False,False,discharge_reported,Q,Q_1Y.xlsx,https://vodostaji.voda.ba/data/internet/stations/4/8002/Q/Q_1Y.xlsx,2026-09-07T09:01:42.248640Z,200,83630,application/vnd.openxmlformats-officedocument.spreadsheetml.sheet,
8002,4,HS Banovići - JP Spreča d.d. Tuzla,Litva,General;Hidrološka stanica,False,True,stage_reported,H,H_1Y.xlsx,https://vodostaji.voda.ba/data/internet/stations/4/8002/H/H_1Y.xlsx,2026-09-07T09:01:42.624321Z,200,108185,application/vnd.openxmlformats-officedocument.spreadsheetml.sheet,
8002,4,HS Banovići - JP Spreča d.d. Tuzla,Litva,General;Hidrološka stanica,False,False,water_temperature_reported,WT,Tvode_1Y.xlsx,https://vodostaji.voda.ba/data/internet/stations/4/8002/WT/Tvode_1Y.xlsx,2026-09-07T09:01:42.999078Z,200,3653,application/vnd.openxmlformats-officedocument.spreadsheetml.sheet,
8003,4,HS Gračanica - JP Spreča d.d. Tuzla,Sokoluša,General;Hidrološka stanica,False,False,discharge_reported,Q,Q_1Y.xlsx,https://vodostaji.voda.ba/data/internet/stations/4/8003/Q/Q_1Y.xlsx,2026-09-07T09:01:43.372365Z,200,96182,application/vnd.openxmlformats-officedocument.spreadsheetml.sheet,
8003,4,HS Gračanica - JP Spreča d.d. Tuzla,Sokoluša,General;Hidrološka stanica,False,True,stage_reported,H,H_1Y.xlsx,https://vodostaji.voda.ba/data/internet/stations/4/8003/H/H_1Y.xlsx,2026-09-07T09:01:43.747559Z,200,117562,application/vnd.openxmlformats-officedocument.spreadsheetml.sheet,
8003,4,HS Gračanica - JP Spreča d.d. Tuzla,Sokoluša,General;Hidrološka stanica,False,False,water_temperature_reported,WT,Tvode_1Y.xlsx,https://vodostaji.voda.ba/data/internet/stations/4/8003/WT/Tvode_1Y.xlsx,2026-09-07T09:01:44.130157Z,200,3653,application/vnd.openxmlformats-officedocument.spreadsheetml.sheet,
8004,4,HS Kalesija - JP Spreča d.d. Tuzla,Gribaja,General;Hidrološka stanica,False,False,discharge_reported,Q,Q_1Y.xlsx,https://vodostaji.voda.ba/data/internet/stations/4/8004/Q/Q_1Y.xlsx,2026-09-07T09:01:44.516435Z,200,82334,application/vnd.openxmlformats-officedocument.spreadsheetml.sheet,
8004,4,HS Kalesija - JP Spreča d.d. Tuzla,Gribaja,General;Hidrološka stanica,False,True,stage_reported,H,H_1Y.xlsx,https://vodostaji.voda.ba/data/internet/stations/4/8004/H/H_1Y.xlsx,2026-09-07T09:01:44.895608Z,200,108913,application/vnd.openxmlformats-officedocument.spreadsheetml.sheet,
8004,4,HS Kalesija - JP Spreča d.d. Tuzla,Gribaja,General;Hidrološka stanica,False,False,water_temperature_reported,WT,Tvode_1Y.xlsx,https://vodostaji.voda.ba/data/internet/stations/4/8004/WT/Tvode_1Y.xlsx,2026-09-07T09:01:45.277274Z,200,3649,application/vnd.openxmlformats-officedocument.spreadsheetml.sheet,
8006,4,HS Modrac-Jala-JP Spreča d.d. Tuzla,Jala,General;Hidrološka stanica,False,False,discharge_reported,Q,Q_1Y.xlsx,https://vodostaji.voda.ba/data/internet/stations/4/8006/Q/Q_1Y.xlsx,2026-09-07T09:01:45.654356Z,200,87727,application/vnd.openxmlformats-officedocument.spreadsheetml.sheet,
8006,4,HS Modrac-Jala-JP Spreča d.d. Tuzla,Jala,General;Hidrološka stanica,False,True,stage_reported,H,H_1Y.xlsx,https://vodostaji.voda.ba/data/internet/stations/4/8006/H/H_1Y.xlsx,2026-09-07T09:01:46.025882Z,200,107649,application/vnd.openxmlformats-officedocument.spreadsheetml.sheet,
8006,4,HS Modrac-Jala-JP Spreča d.d. Tuzla,Jala,General;Hidrološka stanica,False,False,water_temperature_reported,WT,Tvode_1Y.xlsx,https://vodostaji.voda.ba/data/internet/stations/4/8006/WT/Tvode_1Y.xlsx,2026-09-07T09:01:46.403394Z,200,3652,application/vnd.openxmlformats-officedocument.spreadsheetml.sheet,
8007,4,HS Simin Han - JP Spreča d.d. Tuzla,Litva,General;Hidrološka stanica,False,False,discharge_reported,Q,Q_1Y.xlsx,https://vodostaji.voda.ba/data/internet/stations/4/8007/Q/Q_1Y.xlsx,2026-09-07T09:01:46.776131Z,200,86320,application/vnd.openxmlformats-officedocument.spreadsheetml.sheet,
8007,4,HS Simin Han - JP Spreča d.d. Tuzla,Litva,General;Hidrološka stanica,False,True,stage_reported,H,H_1Y.xlsx,https://vodostaji.voda.ba/data/internet/stations/4/8007/H/H_1Y.xlsx,2026-09-07T09:01:47.151509Z,200,109854,application/vnd.openxmlformats-officedocument.spreadsheetml.sheet,
8007,4,HS Simin Han - JP Spreča d.d. Tuzla,Litva,General;Hidrološka stanica,False,False,water_temperature_reported,WT,Tvode_1Y.xlsx,https://vodostaji.voda.ba/data/internet/stations/4/8007/WT/Tvode_1Y.xlsx,2026-09-07T09:01:47.539128Z,200,3652,application/vnd.openxmlformats-officedocument.spreadsheetml.sheet,
8008,4,HS Solina - JP Spreča d.d. Tuzla,Solina,General;Hidrološka stanica,False,False,discharge_reported,Q,Q_1Y.xlsx,https://vodostaji.voda.ba/data/internet/stations/4/8008/Q/Q_1Y.xlsx,2026-09-07T09:01:47.918198Z,200,95515,application/vnd.openxmlformats-officedocument.spreadsheetml.sheet,
8008,4,HS Solina - JP Spreča d.d. Tuzla,Solina,General;Hidrološka stanica,False,True,stage_reported,H,H_1Y.xlsx,https://vodostaji.voda.ba/data/internet/stations/4/8008/H/H_1Y.xlsx,2026-09-07T09:01:48.300587Z,200,110123,application/vnd.openxmlformats-officedocument.spreadsheetml.sheet,
8008,4,HS Solina - JP Spreča d.d. Tuzla,Solina,General;Hidrološka stanica,False,False,water_temperature_reported,WT,Tvode_1Y.xlsx,https://vodostaji.voda.ba/data/internet/stations/4/8008/WT/Tvode_1Y.xlsx,2026-09-07T09:01:48.680736Z,200,3650,application/vnd.openxmlformats-officedocument.spreadsheetml.sheet,
8009,4,HS Živinice - JP Spreča d.d. Tuzla,Oskova,General;Hidrološka stanica,False,False,discharge_reported,Q,Q_1Y.xlsx,https://vodostaji.voda.ba/data/internet/stations/4/8009/Q/Q_1Y.xlsx,2026-09-07T09:01:49.063378Z,200,92404,application/vnd.openxmlformats-officedocument.spreadsheetml.sheet,
8009,4,HS Živinice - JP Spreča d.d. Tuzla,Oskova,General;Hidrološka stanica,False,True,stage_reported,H,H_1Y.xlsx,https://vodostaji.voda.ba/data/internet/stations/4/8009/H/H_1Y.xlsx,2026-09-07T09:01:49.453252Z,200,109811,application/vnd.openxmlformats-officedocument.spreadsheetml.sheet,
8009,4,HS Živinice - JP Spreča d.d. Tuzla,Oskova,General;Hidrološka stanica,False,False,water_temperature_reported,WT,Tvode_1Y.xlsx,https://vodostaji.voda.ba/data/internet/stations/4/8009/WT/Tvode_1Y.xlsx,2026-09-07T09:01:49.830912Z,200,3653,application/vnd.openxmlformats-officedocument.spreadsheetml.sheet,
9001,1,HS Tržačka Raštela,Korana,General;Hidrološka stanica,False,False,discharge_reported,Q,Q_1Y.xlsx,https://vodostaji.voda.ba/data/internet/stations/1/9001/Q/Q_1Y.xlsx,2026-09-07T09:01:50.207570Z,200,3758,application/vnd.openxmlformats-officedocument.spreadsheetml.sheet,
9001,1,HS Tržačka Raštela,Korana,General;Hidrološka stanica,False,True,stage_reported,H,H_1Y.xlsx,https://vodostaji.voda.ba/data/internet/stations/1/9001/H/H_1Y.xlsx,2026-09-07T09:01:50.578658Z,200,121064,application/vnd.openxmlformats-officedocument.spreadsheetml.sheet,
9001,1,HS Tržačka Raštela,Korana,General;Hidrološka stanica,False,False,water_temperature_reported,WT,Tvode_1Y.xlsx,https://vodostaji.voda.ba/data/internet/stations/1/9001/WT/Tvode_1Y.xlsx,2026-09-07T09:01:50.957931Z,200,3645,application/vnd.openxmlformats-officedocument.spreadsheetml.sheet,
9017,2,HS Hrustovo,Sanica,General;Hidrološka stanica,True,True,discharge_reported,Q,Q_1Y.xlsx,https://vodostaji.voda.ba/data/internet/stations/2/9017/Q/Q_1Y.xlsx,2026-09-07T09:01:51.333009Z,200,112596,application/vnd.openxmlformats-officedocument.spreadsheetml.sheet,
9017,2,HS Hrustovo,Sanica,General;Hidrološka stanica,True,True,stage_reported,H,H_1Y.xlsx,https://vodostaji.voda.ba/data/internet/stations/2/9017/H/H_1Y.xlsx,2026-09-07T09:01:51.716371Z,200,109480,application/vnd.openxmlformats-officedocument.spreadsheetml.sheet,
9017,2,HS Hrustovo,Sanica,General;Hidrološka stanica,True,True,water_temperature_reported,WT,Tvode_1Y.xlsx,https://vodostaji.voda.ba/data/internet/stations/2/9017/WT/Tvode_1Y.xlsx,2026-09-07T09:01:52.083677Z,200,114576,application/vnd.openxmlformats-officedocument.spreadsheetml.sheet,
9018,2,HS Sanica,Sanica,General;Hidrološka stanica,True,True,discharge_reported,Q,Q_1Y.xlsx,https://vodostaji.voda.ba/data/internet/stations/2/9018/Q/Q_1Y.xlsx,2026-09-07T09:01:52.464799Z,200,129264,application/vnd.openxmlformats-officedocument.spreadsheetml.sheet,
9018,2,HS Sanica,Sanica,General;Hidrološka stanica,True,True,stage_reported,H,H_1Y.xlsx,https://vodostaji.voda.ba/data/internet/stations/2/9018/H/H_1Y.xlsx,2026-09-07T09:01:52.837633Z,200,121489,application/vnd.openxmlformats-officedocument.spreadsheetml.sheet,
9018,2,HS Sanica,Sanica,General;Hidrološka stanica,True,True,water_temperature_reported,WT,Tvode_1Y.xlsx,https://vodostaji.voda.ba/data/internet/stations/2/9018/WT/Tvode_1Y.xlsx,2026-09-07T09:01:53.215770Z,200,111084,application/vnd.openxmlformats-officedocument.spreadsheetml.sheet,
9019,2,HS Bliha,Bliha,General;Hidrološka stanica,True,True,discharge_reported,Q,Q_1Y.xlsx,https://vodostaji.voda.ba/data/internet/stations/2/9019/Q/Q_1Y.xlsx,2026-09-07T09:01:53.586370Z,200,120300,application/vnd.openxmlformats-officedocument.spreadsheetml.sheet,
9019,2,HS Bliha,Bliha,General;Hidrološka stanica,True,True,stage_reported,H,H_1Y.xlsx,https://vodostaji.voda.ba/data/internet/stations/2/9019/H/H_1Y.xlsx,2026-09-07T09:01:53.957760Z,200,119230,application/vnd.openxmlformats-officedocument.spreadsheetml.sheet,
9019,2,HS Bliha,Bliha,General;Hidrološka stanica,True,True,water_temperature_reported,WT,Tvode_1Y.xlsx,https://vodostaji.voda.ba/data/internet/stations/2/9019/WT/Tvode_1Y.xlsx,2026-09-07T09:01:54.334189Z,200,119582,application/vnd.openxmlformats-officedocument.spreadsheetml.sheet,
9020,2,HS Dabar,Dabar,General;Hidrološka stanica,False,False,discharge_reported,Q,Q_1Y.xlsx,https://vodostaji.voda.ba/data/internet/stations/2/9020/Q/Q_1Y.xlsx,2026-09-07T09:01:54.710801Z,200,3740,application/vnd.openxmlformats-officedocument.spreadsheetml.sheet,
9020,2,HS Dabar,Dabar,General;Hidrološka stanica,False,True,stage_reported,H,H_1Y.xlsx,https://vodostaji.voda.ba/data/internet/stations/2/9020/H/H_1Y.xlsx,2026-09-07T09:01:55.090404Z,200,108052,application/vnd.openxmlformats-officedocument.spreadsheetml.sheet,
9020,2,HS Dabar,Dabar,General;Hidrološka stanica,False,False,water_temperature_reported,WT,Tvode_1Y.xlsx,https://vodostaji.voda.ba/data/internet/stations/2/9020/WT/Tvode_1Y.xlsx,2026-09-07T09:01:55.463646Z,200,3626,application/vnd.openxmlformats-officedocument.spreadsheetml.sheet,
9025,1,HS Tržac,Mutnica,General;Hidrološka stanica,False,False,discharge_reported,Q,Q_1Y.xlsx,https://vodostaji.voda.ba/data/internet/stations/1/9025/Q/Q_1Y.xlsx,2026-09-07T09:01:55.840402Z,404,,,
9025,1,HS Tržac,Mutnica,General;Hidrološka stanica,False,True,stage_reported,H,H_1Y.xlsx,https://vodostaji.voda.ba/data/internet/stations/1/9025/H/H_1Y.xlsx,2026-09-07T09:01:56.212106Z,404,,,
9025,1,HS Tržac,Mutnica,General;Hidrološka stanica,False,False,water_temperature_reported,WT,Tvode_1Y.xlsx,https://vodostaji.voda.ba/data/internet/stations/1/9025/WT/Tvode_1Y.xlsx,2026-09-07T09:01:56.591129Z,404,,,
9026,1,HS Velika Kladuša,Kladušnica,General;Hidrološka stanica,False,False,discharge_reported,Q,Q_1Y.xlsx,https://vodostaji.voda.ba/data/internet/stations/1/9026/Q/Q_1Y.xlsx,2026-09-07T09:01:56.965942Z,200,98803,application/vnd.openxmlformats-officedocument.spreadsheetml.sheet,
9026,1,HS Velika Kladuša,Kladušnica,General;Hidrološka stanica,False,True,stage_reported,H,H_1Y.xlsx,https://vodostaji.voda.ba/data/internet/stations/1/9026/H/H_1Y.xlsx,2026-09-07T09:01:57.339341Z,200,121523,application/vnd.openxmlformats-officedocument.spreadsheetml.sheet,
9026,1,HS Velika Kladuša,Kladušnica,General;Hidrološka stanica,False,True,water_temperature_reported,WT,Tvode_1Y.xlsx,https://vodostaji.voda.ba/data/internet/stations/1/9026/WT/Tvode_1Y.xlsx,2026-09-07T09:01:57.717592Z,200,118622,application/vnd.openxmlformats-officedocument.spreadsheetml.sheet,
9030,4,HS Fojnica,Dragača,General;Hidrološka stanica,True,True,discharge_reported,Q,Q_1Y.xlsx,https://vodostaji.voda.ba/data/internet/stations/4/9030/Q/Q_1Y.xlsx,2026-09-07T09:01:58.101583Z,200,120589,application/vnd.openxmlformats-officedocument.spreadsheetml.sheet,
9030,4,HS Fojnica,Dragača,General;Hidrološka stanica,True,True,stage_reported,H,H_1Y.xlsx,https://vodostaji.voda.ba/data/internet/stations/4/9030/H/H_1Y.xlsx,2026-09-07T09:01:58.487946Z,200,118999,application/vnd.openxmlformats-officedocument.spreadsheetml.sheet,
9030,4,HS Fojnica,Dragača,General;Hidrološka stanica,True,False,water_temperature_reported,WT,Tvode_1Y.xlsx,https://vodostaji.voda.ba/data/internet/stations/4/9030/WT/Tvode_1Y.xlsx,2026-09-07T09:01:58.870661Z,200,3628,application/vnd.openxmlformats-officedocument.spreadsheetml.sheet,
9043,4,HS Turija,Turija,General;Hidrološka stanica,False,False,discharge_reported,Q,Q_1Y.xlsx,https://vodostaji.voda.ba/data/internet/stations/4/9043/Q/Q_1Y.xlsx,2026-09-07T09:01:59.244181Z,200,3742,application/vnd.openxmlformats-officedocument.spreadsheetml.sheet,
9043,4,HS Turija,Turija,General;Hidrološka stanica,False,True,stage_reported,H,H_1Y.xlsx,https://vodostaji.voda.ba/data/internet/stations/4/9043/H/H_1Y.xlsx,2026-09-07T09:01:59.617071Z,200,120068,application/vnd.openxmlformats-officedocument.spreadsheetml.sheet,
9043,4,HS Turija,Turija,General;Hidrološka stanica,False,False,water_temperature_reported,WT,Tvode_1Y.xlsx,https://vodostaji.voda.ba/data/internet/stations/4/9043/WT/Tvode_1Y.xlsx,2026-09-07T09:01:59.993043Z,200,3627,application/vnd.openxmlformats-officedocument.spreadsheetml.sheet,
9044,4,HS Živinice,Gostelja,General;Hidrološka stanica,True,True,discharge_reported,Q,Q_1Y.xlsx,https://vodostaji.voda.ba/data/internet/stations/4/9044/Q/Q_1Y.xlsx,2026-09-07T09:02:00.372684Z,200,122354,application/vnd.openxmlformats-officedocument.spreadsheetml.sheet,
9044,4,HS Živinice,Gostelja,General;Hidrološka stanica,True,True,stage_reported,H,H_1Y.xlsx,https://vodostaji.voda.ba/data/internet/stations/4/9044/H/H_1Y.xlsx,2026-09-07T09:02:00.741360Z,200,120894,application/vnd.openxmlformats-officedocument.spreadsheetml.sheet,
9044,4,HS Živinice,Gostelja,General;Hidrološka stanica,True,False,water_temperature_reported,WT,Tvode_1Y.xlsx,https://vodostaji.voda.ba/data/internet/stations/4/9044/WT/Tvode_1Y.xlsx,2026-09-07T09:02:01.126579Z,200,3632,application/vnd.openxmlformats-officedocument.spreadsheetml.sheet,
9045,4,HS Donja Višća,Oskova,General;Hidrološka stanica,True,True,discharge_reported,Q,Q_1Y.xlsx,https://vodostaji.voda.ba/data/internet/stations/4/9045/Q/Q_1Y.xlsx,2026-09-07T09:02:01.507705Z,200,125042,application/vnd.openxmlformats-officedocument.spreadsheetml.sheet,
9045,4,HS Donja Višća,Oskova,General;Hidrološka stanica,True,True,stage_reported,H,H_1Y.xlsx,https://vodostaji.voda.ba/data/internet/stations/4/9045/H/H_1Y.xlsx,2026-09-07T09:02:01.883467Z,200,122686,application/vnd.openxmlformats-officedocument.spreadsheetml.sheet,
9045,4,HS Donja Višća,Oskova,General;Hidrološka stanica,True,False,water_temperature_reported,WT,Tvode_1Y.xlsx,https://vodostaji.voda.ba/data/internet/stations/4/9045/WT/Tvode_1Y.xlsx,2026-09-07T09:02:02.261474Z,200,3639,application/vnd.openxmlformats-officedocument.spreadsheetml.sheet,
9102,4,HS Osjek,Bosna,General;Hidrološka stanica,False,False,discharge_reported,Q,Q_1Y.xlsx,https://vodostaji.voda.ba/data/internet/stations/4/9102/Q/Q_1Y.xlsx,2026-09-07T09:02:02.637109Z,200,3625,application/vnd.openxmlformats-officedocument.spreadsheetml.sheet,
9102,4,HS Osjek,Bosna,General;Hidrološka stanica,False,True,stage_reported,H,H_1Y.xlsx,https://vodostaji.voda.ba/data/internet/stations/4/9102/H/H_1Y.xlsx,2026-09-07T09:02:03.008175Z,200,3618,application/vnd.openxmlformats-officedocument.spreadsheetml.sheet,
9102,4,HS Osjek,Bosna,General;Hidrološka stanica,False,False,water_temperature_reported,WT,Tvode_1Y.xlsx,https://vodostaji.voda.ba/data/internet/stations/4/9102/WT/Tvode_1Y.xlsx,2026-09-07T09:02:03.375177Z,200,3630,application/vnd.openxmlformats-officedocument.spreadsheetml.sheet,
9130,4,HS Tešanjka,Usora,General;Hidrološka stanica,False,False,discharge_reported,Q,Q_1Y.xlsx,https://vodostaji.voda.ba/data/internet/stations/4/9130/Q/Q_1Y.xlsx,2026-09-07T09:02:03.754538Z,200,3744,application/vnd.openxmlformats-officedocument.spreadsheetml.sheet,
9130,4,HS Tešanjka,Usora,General;Hidrološka stanica,False,True,stage_reported,H,H_1Y.xlsx,https://vodostaji.voda.ba/data/internet/stations/4/9130/H/H_1Y.xlsx,2026-09-07T09:02:04.135305Z,200,125856,application/vnd.openxmlformats-officedocument.spreadsheetml.sheet,
9130,4,HS Tešanjka,Usora,General;Hidrološka stanica,False,False,water_temperature_reported,WT,Tvode_1Y.xlsx,https://vodostaji.voda.ba/data/internet/stations/4/9130/WT/Tvode_1Y.xlsx,2026-09-07T09:02:04.511890Z,200,3633,application/vnd.openxmlformats-officedocument.spreadsheetml.sheet,
