station_no,site_no,station_name,product_id,source_code,workbook,url,probed_at,http_status,content_length,content_type,last_modified,transport_error
1010,1,HS Svilaj,discharge_reported,Q,Q_1Y.xlsx,https://vodostaji.voda.ba/data/internet/stations/1/1010/Q/Q_1Y.xlsx,2026-09-07T08:44:45.037074Z,200,274750,application/vnd.openxmlformats-officedocument.spreadsheetml.sheet,"Sun, 06 Sep 2026 11:07:23 GMT",
1010,1,HS Svilaj,stage_reported,H,H_1Y.xlsx,https://vodostaji.voda.ba/data/internet/stations/1/1010/H/H_1Y.xlsx,2026-09-07T08:44:45.417904Z,200,245786,application/vnd.openxmlformats-officedocument.spreadsheetml.sheet,"Sun, 06 Sep 2026 11:06:42 GMT",
1010,1,HS Svilaj,water_temperature_reported,WT,Tvode_1Y.xlsx,https://vodostaji.voda.ba/data/internet/stations/1/1010/WT/Tvode_1Y.xlsx,2026-09-07T08:44:45.797581Z,200,3627,application/vnd.openxmlformats-officedocument.spreadsheetml.sheet,"Sun, 06 Sep 2026 11:01:06 GMT",
1020,1,HS Grebnice,discharge_reported,Q,Q_1Y.xlsx,https://vodostaji.voda.ba/data/internet/stations/1/1020/Q/Q_1Y.xlsx,2026-09-07T08:44:46.175220Z,200,139570,application/vnd.openxmlformats-officedocument.spreadsheetml.sheet,"Sun, 06 Sep 2026 11:03:19 GMT",
1020,1,HS Grebnice,stage_reported,H,H_1Y.xlsx,https://vodostaji.voda.ba/data/internet/stations/1/1020/H/H_1Y.xlsx,2026-09-07T08:44:46.549297Z,200,125654,application/vnd.openxmlformats-officedocument.spreadsheetml.sheet,"Sun, 06 Sep 2026 11:03:16 GMT",
1020,1,HS Grebnice,water_temperature_reported,WT,Tvode_1Y.xlsx,https://vodostaji.voda.ba/data/internet/stations/1/1020/WT/Tvode_1Y.xlsx,2026-09-07T08:44:46.929897Z,200,95020,application/vnd.openxmlformats-officedocument.spreadsheetml.sheet,"Sun, 06 Sep 2026 11:02:58 GMT",
1114,2,HS Krušnica,discharge_reported,Q,Q_1Y.xlsx,https://vodostaji.voda.ba/data/internet/stations/2/1114/Q/Q_1Y.xlsx,2026-09-07T08:44:47.317976Z,200,114468,application/vnd.openxmlformats-officedocument.spreadsheetml.sheet,"Sun, 06 Sep 2026 11:03:16 GMT",
1114,2,HS Krušnica,stage_reported,H,H_1Y.xlsx,https://vodostaji.voda.ba/data/internet/stations/2/1114/H/H_1Y.xlsx,2026-09-07T08:44:47.692822Z,200,109927,application/vnd.openxmlformats-officedocument.spreadsheetml.sheet,"Sun, 06 Sep 2026 11:03:17 GMT",
1114,2,HS Krušnica,water_temperature_reported,WT,Tvode_1Y.xlsx,https://vodostaji.voda.ba/data/internet/stations/2/1114/WT/Tvode_1Y.xlsx,2026-09-07T08:44:48.065454Z,200,3633,application/vnd.openxmlformats-officedocument.spreadsheetml.sheet,"Sun, 06 Sep 2026 10:59:49 GMT",
2010,2,HS Martin Brod,discharge_reported,Q,Q_1Y.xlsx,https://vodostaji.voda.ba/data/internet/stations/2/2010/Q/Q_1Y.xlsx,2026-09-07T08:44:48.437311Z,200,121383,application/vnd.openxmlformats-officedocument.spreadsheetml.sheet,"Sun, 06 Sep 2026 11:03:56 GMT",
2010,2,HS Martin Brod,stage_reported,H,H_1Y.xlsx,https://vodostaji.voda.ba/data/internet/stations/2/2010/H/H_1Y.xlsx,2026-09-07T08:44:48.813554Z,200,120371,application/vnd.openxmlformats-officedocument.spreadsheetml.sheet,"Sun, 06 Sep 2026 11:03:51 GMT",
2010,2,HS Martin Brod,water_temperature_reported,WT,Tvode_1Y.xlsx,https://vodostaji.voda.ba/data/internet/stations/2/2010/WT/Tvode_1Y.xlsx,2026-09-07T08:44:49.195911Z,200,3629,application/vnd.openxmlformats-officedocument.spreadsheetml.sheet,"Sun, 06 Sep 2026 11:00:07 GMT",
2020,2,HS Kulen Vakuf,discharge_reported,Q,Q_1Y.xlsx,https://vodostaji.voda.ba/data/internet/stations/2/2020/Q/Q_1Y.xlsx,2026-09-07T08:44:49.576719Z,200,112148,application/vnd.openxmlformats-officedocument.spreadsheetml.sheet,"Sun, 06 Sep 2026 11:04:10 GMT",
2020,2,HS Kulen Vakuf,stage_reported,H,H_1Y.xlsx,https://vodostaji.voda.ba/data/internet/stations/2/2020/H/H_1Y.xlsx,2026-09-07T08:44:49.959814Z,200,108984,application/vnd.openxmlformats-officedocument.spreadsheetml.sheet,"Sun, 06 Sep 2026 11:03:51 GMT",
2020,2,HS Kulen Vakuf,water_temperature_reported,WT,Tvode_1Y.xlsx,https://vodostaji.voda.ba/data/internet/stations/2/2020/WT/Tvode_1Y.xlsx,2026-09-07T08:44:50.341546Z,200,3629,application/vnd.openxmlformats-officedocument.spreadsheetml.sheet,"Sun, 06 Sep 2026 11:00:23 GMT",
2030,2,HS Kralje,discharge_reported,Q,Q_1Y.xlsx,https://vodostaji.voda.ba/data/internet/stations/2/2030/Q/Q_1Y.xlsx,2026-09-07T08:44:50.725059Z,200,131539,application/vnd.openxmlformats-officedocument.spreadsheetml.sheet,"Sun, 06 Sep 2026 11:04:27 GMT",
2030,2,HS Kralje,stage_reported,H,H_1Y.xlsx,https://vodostaji.voda.ba/data/internet/stations/2/2030/H/H_1Y.xlsx,2026-09-07T08:44:51.103922Z,200,124521,application/vnd.openxmlformats-officedocument.spreadsheetml.sheet,"Sun, 06 Sep 2026 11:04:13 GMT",
2030,2,HS Kralje,water_temperature_reported,WT,Tvode_1Y.xlsx,https://vodostaji.voda.ba/data/internet/stations/2/2030/WT/Tvode_1Y.xlsx,2026-09-07T08:44:51.476947Z,200,3628,application/vnd.openxmlformats-officedocument.spreadsheetml.sheet,"Sun, 06 Sep 2026 11:00:24 GMT",
2035,2,HS Ripač,discharge_reported,Q,Q_1Y.xlsx,https://vodostaji.voda.ba/data/internet/stations/2/2035/Q/Q_1Y.xlsx,2026-09-07T08:44:51.857638Z,200,126335,application/vnd.openxmlformats-officedocument.spreadsheetml.sheet,"Sun, 06 Sep 2026 11:03:57 GMT",
2035,2,HS Ripač,stage_reported,H,H_1Y.xlsx,https://vodostaji.voda.ba/data/internet/stations/2/2035/H/H_1Y.xlsx,2026-09-07T08:44:52.235335Z,200,120856,application/vnd.openxmlformats-officedocument.spreadsheetml.sheet,"Sun, 06 Sep 2026 11:03:52 GMT",
2035,2,HS Ripač,water_temperature_reported,WT,Tvode_1Y.xlsx,https://vodostaji.voda.ba/data/internet/stations/2/2035/WT/Tvode_1Y.xlsx,2026-09-07T08:44:52.610911Z,200,3631,application/vnd.openxmlformats-officedocument.spreadsheetml.sheet,"Sun, 06 Sep 2026 11:00:07 GMT",
2050,2,HS Bosanska Krupa,discharge_reported,Q,Q_1Y.xlsx,https://vodostaji.voda.ba/data/internet/stations/2/2050/Q/Q_1Y.xlsx,2026-09-07T08:44:53.021195Z,200,104729,application/vnd.openxmlformats-officedocument.spreadsheetml.sheet,"Sun, 06 Sep 2026 11:02:59 GMT",
2050,2,HS Bosanska Krupa,stage_reported,H,H_1Y.xlsx,https://vodostaji.voda.ba/data/internet/stations/2/2050/H/H_1Y.xlsx,2026-09-07T08:44:53.398141Z,200,97230,application/vnd.openxmlformats-officedocument.spreadsheetml.sheet,"Sun, 06 Sep 2026 11:03:36 GMT",
2050,2,HS Bosanska Krupa,water_temperature_reported,WT,Tvode_1Y.xlsx,https://vodostaji.voda.ba/data/internet/stations/2/2050/WT/Tvode_1Y.xlsx,2026-09-07T08:44:53.775212Z,200,3634,application/vnd.openxmlformats-officedocument.spreadsheetml.sheet,"Sun, 06 Sep 2026 11:00:24 GMT",
2060,2,HS Bosanska Otoka,discharge_reported,Q,Q_1Y.xlsx,https://vodostaji.voda.ba/data/internet/stations/2/2060/Q/Q_1Y.xlsx,2026-09-07T08:44:54.157726Z,200,130592,application/vnd.openxmlformats-officedocument.spreadsheetml.sheet,"Sun, 06 Sep 2026 11:04:59 GMT",
2060,2,HS Bosanska Otoka,stage_reported,H,H_1Y.xlsx,https://vodostaji.voda.ba/data/internet/stations/2/2060/H/H_1Y.xlsx,2026-09-07T08:44:54.544414Z,200,123154,application/vnd.openxmlformats-officedocument.spreadsheetml.sheet,"Sun, 06 Sep 2026 11:04:12 GMT",
2060,2,HS Bosanska Otoka,water_temperature_reported,WT,Tvode_1Y.xlsx,https://vodostaji.voda.ba/data/internet/stations/2/2060/WT/Tvode_1Y.xlsx,2026-09-07T08:44:54.916941Z,200,114220,application/vnd.openxmlformats-officedocument.spreadsheetml.sheet,"Sun, 06 Sep 2026 11:04:26 GMT",
2101-B,3,HS Bistrica,discharge_reported,Q,Q_1Y.xlsx,https://vodostaji.voda.ba/data/internet/stations/3/2101-B/Q/Q_1Y.xlsx,2026-09-07T08:44:55.302647Z,200,119600,application/vnd.openxmlformats-officedocument.spreadsheetml.sheet,"Sun, 06 Sep 2026 11:01:21 GMT",
2101-B,3,HS Bistrica,stage_reported,H,H_1Y.xlsx,https://vodostaji.voda.ba/data/internet/stations/3/2101-B/H/H_1Y.xlsx,2026-09-07T08:44:55.678988Z,200,118580,application/vnd.openxmlformats-officedocument.spreadsheetml.sheet,"Sun, 06 Sep 2026 11:01:07 GMT",
2101-B,3,HS Bistrica,water_temperature_reported,WT,Tvode_1Y.xlsx,https://vodostaji.voda.ba/data/internet/stations/3/2101-B/WT/Tvode_1Y.xlsx,2026-09-07T08:44:56.055816Z,200,3633,application/vnd.openxmlformats-officedocument.spreadsheetml.sheet,"Sun, 06 Sep 2026 10:57:38 GMT",
2103,3,HS Veseočica,discharge_reported,Q,Q_1Y.xlsx,https://vodostaji.voda.ba/data/internet/stations/3/2103/Q/Q_1Y.xlsx,2026-09-07T08:44:56.434004Z,200,119012,application/vnd.openxmlformats-officedocument.spreadsheetml.sheet,"Sun, 06 Sep 2026 11:01:03 GMT",
2103,3,HS Veseočica,stage_reported,H,H_1Y.xlsx,https://vodostaji.voda.ba/data/internet/stations/3/2103/H/H_1Y.xlsx,2026-09-07T08:44:56.808878Z,200,106827,application/vnd.openxmlformats-officedocument.spreadsheetml.sheet,"Sun, 06 Sep 2026 11:01:06 GMT",
2103,3,HS Veseočica,water_temperature_reported,WT,Tvode_1Y.xlsx,https://vodostaji.voda.ba/data/internet/stations/3/2103/WT/Tvode_1Y.xlsx,2026-09-07T08:44:57.189268Z,200,3634,application/vnd.openxmlformats-officedocument.spreadsheetml.sheet,"Sun, 06 Sep 2026 10:57:55 GMT",
2110,2,HS Drvar,discharge_reported,Q,Q_1Y.xlsx,https://vodostaji.voda.ba/data/internet/stations/2/2110/Q/Q_1Y.xlsx,2026-09-07T08:44:57.563993Z,200,122023,application/vnd.openxmlformats-officedocument.spreadsheetml.sheet,"Sun, 06 Sep 2026 11:04:45 GMT",
2110,2,HS Drvar,stage_reported,H,H_1Y.xlsx,https://vodostaji.voda.ba/data/internet/stations/2/2110/H/H_1Y.xlsx,2026-09-07T08:44:57.949446Z,200,119600,application/vnd.openxmlformats-officedocument.spreadsheetml.sheet,"Sun, 06 Sep 2026 11:04:26 GMT",
2110,2,HS Drvar,water_temperature_reported,WT,Tvode_1Y.xlsx,https://vodostaji.voda.ba/data/internet/stations/2/2110/WT/Tvode_1Y.xlsx,2026-09-07T08:44:58.328524Z,200,3626,application/vnd.openxmlformats-officedocument.spreadsheetml.sheet,"Sun, 06 Sep 2026 11:00:57 GMT",
2120,2,HS Rmanj Manastir,discharge_reported,Q,Q_1Y.xlsx,https://vodostaji.voda.ba/data/internet/stations/2/2120/Q/Q_1Y.xlsx,2026-09-07T08:44:58.711139Z,200,123794,application/vnd.openxmlformats-officedocument.spreadsheetml.sheet,"Sun, 06 Sep 2026 11:03:59 GMT",
2120,2,HS Rmanj Manastir,stage_reported,H,H_1Y.xlsx,https://vodostaji.voda.ba/data/internet/stations/2/2120/H/H_1Y.xlsx,2026-09-07T08:44:59.092923Z,200,119973,application/vnd.openxmlformats-officedocument.spreadsheetml.sheet,"Sun, 06 Sep 2026 11:03:52 GMT",
2120,2,HS Rmanj Manastir,water_temperature_reported,WT,Tvode_1Y.xlsx,https://vodostaji.voda.ba/data/internet/stations/2/2120/WT/Tvode_1Y.xlsx,2026-09-07T08:44:59.484381Z,200,111607,application/vnd.openxmlformats-officedocument.spreadsheetml.sheet,"Sun, 06 Sep 2026 11:03:41 GMT",
2210,2,HS Klokot,discharge_reported,Q,Q_1Y.xlsx,https://vodostaji.voda.ba/data/internet/stations/2/2210/Q/Q_1Y.xlsx,2026-09-07T08:44:59.857102Z,200,129380,application/vnd.openxmlformats-officedocument.spreadsheetml.sheet,"Sun, 06 Sep 2026 11:03:36 GMT",
2210,2,HS Klokot,stage_reported,H,H_1Y.xlsx,https://vodostaji.voda.ba/data/internet/stations/2/2210/H/H_1Y.xlsx,2026-09-07T08:45:00.234799Z,200,125577,application/vnd.openxmlformats-officedocument.spreadsheetml.sheet,"Sun, 06 Sep 2026 11:03:45 GMT",
2210,2,HS Klokot,water_temperature_reported,WT,Tvode_1Y.xlsx,https://vodostaji.voda.ba/data/internet/stations/2/2210/WT/Tvode_1Y.xlsx,2026-09-07T08:45:00.612608Z,200,3627,application/vnd.openxmlformats-officedocument.spreadsheetml.sheet,"Sun, 06 Sep 2026 11:00:07 GMT",
2310,2,HS Ključ,discharge_reported,Q,Q_1Y.xlsx,https://vodostaji.voda.ba/data/internet/stations/2/2310/Q/Q_1Y.xlsx,2026-09-07T08:45:00.996179Z,200,113539,application/vnd.openxmlformats-officedocument.spreadsheetml.sheet,"Sun, 06 Sep 2026 11:04:12 GMT",
2310,2,HS Ključ,stage_reported,H,H_1Y.xlsx,https://vodostaji.voda.ba/data/internet/stations/2/2310/H/H_1Y.xlsx,2026-09-07T08:45:01.368982Z,200,106162,application/vnd.openxmlformats-officedocument.spreadsheetml.sheet,"Sun, 06 Sep 2026 11:03:37 GMT",
2310,2,HS Ključ,water_temperature_reported,WT,Tvode_1Y.xlsx,https://vodostaji.voda.ba/data/internet/stations/2/2310/WT/Tvode_1Y.xlsx,2026-09-07T08:45:01.740810Z,200,3631,application/vnd.openxmlformats-officedocument.spreadsheetml.sheet,"Sun, 06 Sep 2026 11:00:07 GMT",
2320,2,HS Sanski Most,discharge_reported,Q,Q_1Y.xlsx,https://vodostaji.voda.ba/data/internet/stations/2/2320/Q/Q_1Y.xlsx,2026-09-07T08:45:02.115180Z,200,115674,application/vnd.openxmlformats-officedocument.spreadsheetml.sheet,"Sun, 06 Sep 2026 11:03:51 GMT",
2320,2,HS Sanski Most,stage_reported,H,H_1Y.xlsx,https://vodostaji.voda.ba/data/internet/stations/2/2320/H/H_1Y.xlsx,2026-09-07T08:45:02.488680Z,200,110927,application/vnd.openxmlformats-officedocument.spreadsheetml.sheet,"Sun, 06 Sep 2026 11:03:35 GMT",
2320,2,HS Sanski Most,water_temperature_reported,WT,Tvode_1Y.xlsx,https://vodostaji.voda.ba/data/internet/stations/2/2320/WT/Tvode_1Y.xlsx,2026-09-07T08:45:02.861943Z,200,113868,application/vnd.openxmlformats-officedocument.spreadsheetml.sheet,"Sun, 06 Sep 2026 11:03:19 GMT",
3010,3,HS Gornji Vakuf,discharge_reported,Q,Q_1Y.xlsx,https://vodostaji.voda.ba/data/internet/stations/3/3010/Q/Q_1Y.xlsx,2026-09-07T08:45:03.246336Z,200,121535,application/vnd.openxmlformats-officedocument.spreadsheetml.sheet,"Sun, 06 Sep 2026 11:01:41 GMT",
3010,3,HS Gornji Vakuf,stage_reported,H,H_1Y.xlsx,https://vodostaji.voda.ba/data/internet/stations/3/3010/H/H_1Y.xlsx,2026-09-07T08:45:03.623177Z,200,120085,application/vnd.openxmlformats-officedocument.spreadsheetml.sheet,"Sun, 06 Sep 2026 11:01:21 GMT",
3010,3,HS Gornji Vakuf,water_temperature_reported,WT,Tvode_1Y.xlsx,https://vodostaji.voda.ba/data/internet/stations/3/3010/WT/Tvode_1Y.xlsx,2026-09-07T08:45:03.993804Z,200,3632,application/vnd.openxmlformats-officedocument.spreadsheetml.sheet,"Sun, 06 Sep 2026 10:57:56 GMT",
3020,3,HS Daljan,discharge_reported,Q,Q_1Y.xlsx,https://vodostaji.voda.ba/data/internet/stations/3/3020/Q/Q_1Y.xlsx,2026-09-07T08:45:04.364268Z,200,126529,application/vnd.openxmlformats-officedocument.spreadsheetml.sheet,"Sun, 06 Sep 2026 11:02:30 GMT",
3020,3,HS Daljan,stage_reported,H,H_1Y.xlsx,https://vodostaji.voda.ba/data/internet/stations/3/3020/H/H_1Y.xlsx,2026-09-07T08:45:04.738812Z,200,122859,application/vnd.openxmlformats-officedocument.spreadsheetml.sheet,"Sun, 06 Sep 2026 11:01:58 GMT",
3020,3,HS Daljan,water_temperature_reported,WT,Tvode_1Y.xlsx,https://vodostaji.voda.ba/data/internet/stations/3/3020/WT/Tvode_1Y.xlsx,2026-09-07T08:45:05.116846Z,200,3629,application/vnd.openxmlformats-officedocument.spreadsheetml.sheet,"Sun, 06 Sep 2026 10:57:56 GMT",
3030,3,HS Kozluk,discharge_reported,Q,Q_1Y.xlsx,https://vodostaji.voda.ba/data/internet/stations/3/3030/Q/Q_1Y.xlsx,2026-09-07T08:45:05.491171Z,200,126338,application/vnd.openxmlformats-officedocument.spreadsheetml.sheet,"Sun, 06 Sep 2026 11:01:58 GMT",
3030,3,HS Kozluk,stage_reported,H,H_1Y.xlsx,https://vodostaji.voda.ba/data/internet/stations/3/3030/H/H_1Y.xlsx,2026-09-07T08:45:05.874221Z,200,122776,application/vnd.openxmlformats-officedocument.spreadsheetml.sheet,"Sun, 06 Sep 2026 11:01:58 GMT",
3030,3,HS Kozluk,water_temperature_reported,WT,Tvode_1Y.xlsx,https://vodostaji.voda.ba/data/internet/stations/3/3030/WT/Tvode_1Y.xlsx,2026-09-07T08:45:06.274685Z,200,3628,application/vnd.openxmlformats-officedocument.spreadsheetml.sheet,"Sun, 06 Sep 2026 10:57:55 GMT",
3040,3,HS Bugojno,discharge_reported,Q,Q_1Y.xlsx,https://vodostaji.voda.ba/data/internet/stations/3/3040/Q/Q_1Y.xlsx,2026-09-07T08:45:06.652238Z,200,124258,application/vnd.openxmlformats-officedocument.spreadsheetml.sheet,"Sun, 06 Sep 2026 11:01:21 GMT",
3040,3,HS Bugojno,stage_reported,H,H_1Y.xlsx,https://vodostaji.voda.ba/data/internet/stations/3/3040/H/H_1Y.xlsx,2026-09-07T08:45:07.024163Z,200,121332,application/vnd.openxmlformats-officedocument.spreadsheetml.sheet,"Sun, 06 Sep 2026 11:01:37 GMT",
3040,3,HS Bugojno,water_temperature_reported,WT,Tvode_1Y.xlsx,https://vodostaji.voda.ba/data/internet/stations/3/3040/WT/Tvode_1Y.xlsx,2026-09-07T08:45:07.410479Z,200,3629,application/vnd.openxmlformats-officedocument.spreadsheetml.sheet,"Sun, 06 Sep 2026 10:57:55 GMT",
4010,4,HS Vrelo Bosne,discharge_reported,Q,Q_1Y.xlsx,https://vodostaji.voda.ba/data/internet/stations/4/4010/Q/Q_1Y.xlsx,2026-09-07T08:45:07.786253Z,200,109756,application/vnd.openxmlformats-officedocument.spreadsheetml.sheet,"Sun, 06 Sep 2026 11:00:26 GMT",
4010,4,HS Vrelo Bosne,stage_reported,H,H_1Y.xlsx,https://vodostaji.voda.ba/data/internet/stations/4/4010/H/H_1Y.xlsx,2026-09-07T08:45:08.164378Z,200,107744,application/vnd.openxmlformats-officedocument.spreadsheetml.sheet,"Sun, 06 Sep 2026 11:00:39 GMT",
4010,4,HS Vrelo Bosne,water_temperature_reported,WT,Tvode_1Y.xlsx,https://vodostaji.voda.ba/data/internet/stations/4/4010/WT/Tvode_1Y.xlsx,2026-09-07T08:45:08.547631Z,200,3630,application/vnd.openxmlformats-officedocument.spreadsheetml.sheet,"Sun, 06 Sep 2026 10:57:07 GMT",
4020,4,HS Rimski Most,discharge_reported,Q,Q_1Y.xlsx,https://vodostaji.voda.ba/data/internet/stations/4/4020/Q/Q_1Y.xlsx,2026-09-07T08:45:08.934900Z,200,114829,application/vnd.openxmlformats-officedocument.spreadsheetml.sheet,"Sun, 06 Sep 2026 11:00:54 GMT",
4020,4,HS Rimski Most,stage_reported,H,H_1Y.xlsx,https://vodostaji.voda.ba/data/internet/stations/4/4020/H/H_1Y.xlsx,2026-09-07T08:45:09.335198Z,200,112906,application/vnd.openxmlformats-officedocument.spreadsheetml.sheet,"Sun, 06 Sep 2026 11:00:52 GMT",
4020,4,HS Rimski Most,water_temperature_reported,WT,Tvode_1Y.xlsx,https://vodostaji.voda.ba/data/internet/stations/4/4020/WT/Tvode_1Y.xlsx,2026-09-07T08:45:09.715931Z,200,3632,application/vnd.openxmlformats-officedocument.spreadsheetml.sheet,"Sun, 06 Sep 2026 10:57:07 GMT",
4024,4,HS Ljubnići,discharge_reported,Q,Q_1Y.xlsx,https://vodostaji.voda.ba/data/internet/stations/4/4024/Q/Q_1Y.xlsx,2026-09-07T08:45:10.106050Z,200,133491,application/vnd.openxmlformats-officedocument.spreadsheetml.sheet,"Sun, 06 Sep 2026 10:54:38 GMT",
4024,4,HS Ljubnići,stage_reported,H,H_1Y.xlsx,https://vodostaji.voda.ba/data/internet/stations/4/4024/H/H_1Y.xlsx,2026-09-07T08:45:10.481357Z,200,121795,application/vnd.openxmlformats-officedocument.spreadsheetml.sheet,"Sun, 06 Sep 2026 10:54:56 GMT",
4024,4,HS Ljubnići,water_temperature_reported,WT,Tvode_1Y.xlsx,https://vodostaji.voda.ba/data/internet/stations/4/4024/WT/Tvode_1Y.xlsx,2026-09-07T08:45:10.869435Z,200,3633,application/vnd.openxmlformats-officedocument.spreadsheetml.sheet,"Sun, 06 Sep 2026 10:50:50 GMT",
4030,4,HS Visoko n/B,discharge_reported,Q,Q_1Y.xlsx,https://vodostaji.voda.ba/data/internet/stations/4/4030/Q/Q_1Y.xlsx,2026-09-07T08:45:11.258871Z,200,114148,application/vnd.openxmlformats-officedocument.spreadsheetml.sheet,"Sun, 06 Sep 2026 10:55:22 GMT",
4030,4,HS Visoko n/B,stage_reported,H,H_1Y.xlsx,https://vodostaji.voda.ba/data/internet/stations/4/4030/H/H_1Y.xlsx,2026-09-07T08:45:11.643798Z,200,110815,application/vnd.openxmlformats-officedocument.spreadsheetml.sheet,"Sun, 06 Sep 2026 10:55:22 GMT",
4030,4,HS Visoko n/B,water_temperature_reported,WT,Tvode_1Y.xlsx,https://vodostaji.voda.ba/data/internet/stations/4/4030/WT/Tvode_1Y.xlsx,2026-09-07T08:45:12.020788Z,200,3631,application/vnd.openxmlformats-officedocument.spreadsheetml.sheet,"Sun, 06 Sep 2026 10:51:15 GMT",
4042,4,HS Kakanj n/B,discharge_reported,Q,Q_1Y.xlsx,https://vodostaji.voda.ba/data/internet/stations/4/4042/Q/Q_1Y.xlsx,2026-09-07T08:45:12.396312Z,200,132265,application/vnd.openxmlformats-officedocument.spreadsheetml.sheet,"Sun, 06 Sep 2026 10:55:23 GMT",
4042,4,HS Kakanj n/B,stage_reported,H,H_1Y.xlsx,https://vodostaji.voda.ba/data/internet/stations/4/4042/H/H_1Y.xlsx,2026-09-07T08:45:12.772521Z,200,125453,application/vnd.openxmlformats-officedocument.spreadsheetml.sheet,"Sun, 06 Sep 2026 10:55:20 GMT",
4042,4,HS Kakanj n/B,water_temperature_reported,WT,Tvode_1Y.xlsx,https://vodostaji.voda.ba/data/internet/stations/4/4042/WT/Tvode_1Y.xlsx,2026-09-07T08:45:13.149754Z,200,3631,application/vnd.openxmlformats-officedocument.spreadsheetml.sheet,"Sun, 06 Sep 2026 10:51:15 GMT",
4050,4,HS Raspotočje,discharge_reported,Q,Q_1Y.xlsx,https://vodostaji.voda.ba/data/internet/stations/4/4050/Q/Q_1Y.xlsx,2026-09-07T08:45:13.521268Z,200,134667,application/vnd.openxmlformats-officedocument.spreadsheetml.sheet,"Sun, 06 Sep 2026 10:56:21 GMT",
4050,4,HS Raspotočje,stage_reported,H,H_1Y.xlsx,https://vodostaji.voda.ba/data/internet/stations/4/4050/H/H_1Y.xlsx,2026-09-07T08:45:13.893953Z,200,127186,application/vnd.openxmlformats-officedocument.spreadsheetml.sheet,"Sun, 06 Sep 2026 10:54:57 GMT",
4050,4,HS Raspotočje,water_temperature_reported,WT,Tvode_1Y.xlsx,https://vodostaji.voda.ba/data/internet/stations/4/4050/WT/Tvode_1Y.xlsx,2026-09-07T08:45:14.267484Z,200,3634,application/vnd.openxmlformats-officedocument.spreadsheetml.sheet,"Sun, 06 Sep 2026 10:51:15 GMT",
4055,4,HS Žepče,discharge_reported,Q,Q_1Y.xlsx,https://vodostaji.voda.ba/data/internet/stations/4/4055/Q/Q_1Y.xlsx,2026-09-07T08:45:14.647696Z,200,131563,application/vnd.openxmlformats-officedocument.spreadsheetml.sheet,"Sun, 06 Sep 2026 10:56:52 GMT",
4055,4,HS Žepče,stage_reported,H,H_1Y.xlsx,https://vodostaji.voda.ba/data/internet/stations/4/4055/H/H_1Y.xlsx,2026-09-07T08:45:15.032068Z,200,124434,application/vnd.openxmlformats-officedocument.spreadsheetml.sheet,"Sun, 06 Sep 2026 10:56:37 GMT",
4055,4,HS Žepče,water_temperature_reported,WT,Tvode_1Y.xlsx,https://vodostaji.voda.ba/data/internet/stations/4/4055/WT/Tvode_1Y.xlsx,2026-09-07T08:45:15.411881Z,200,3633,application/vnd.openxmlformats-officedocument.spreadsheetml.sheet,"Sun, 06 Sep 2026 10:52:22 GMT",
4060,4,HS Zavidovići n/B,discharge_reported,Q,Q_1Y.xlsx,https://vodostaji.voda.ba/data/internet/stations/4/4060/Q/Q_1Y.xlsx,2026-09-07T08:45:15.782355Z,200,117574,application/vnd.openxmlformats-officedocument.spreadsheetml.sheet,"Sun, 06 Sep 2026 10:56:53 GMT",
4060,4,HS Zavidovići n/B,stage_reported,H,H_1Y.xlsx,https://vodostaji.voda.ba/data/internet/stations/4/4060/H/H_1Y.xlsx,2026-09-07T08:45:16.167023Z,200,113060,application/vnd.openxmlformats-officedocument.spreadsheetml.sheet,"Sun, 06 Sep 2026 10:56:24 GMT",
4060,4,HS Zavidovići n/B,water_temperature_reported,WT,Tvode_1Y.xlsx,https://vodostaji.voda.ba/data/internet/stations/4/4060/WT/Tvode_1Y.xlsx,2026-09-07T08:45:16.540669Z,200,3640,application/vnd.openxmlformats-officedocument.spreadsheetml.sheet,"Sun, 06 Sep 2026 10:51:54 GMT",
4061,4,HS Donji Ulišnjak,discharge_reported,Q,Q_1Y.xlsx,https://vodostaji.voda.ba/data/internet/stations/4/4061/Q/Q_1Y.xlsx,2026-09-07T08:45:16.918734Z,200,130125,application/vnd.openxmlformats-officedocument.spreadsheetml.sheet,"Sun, 06 Sep 2026 10:56:19 GMT",
4061,4,HS Donji Ulišnjak,stage_reported,H,H_1Y.xlsx,https://vodostaji.voda.ba/data/internet/stations/4/4061/H/H_1Y.xlsx,2026-09-07T08:45:17.295056Z,200,122307,application/vnd.openxmlformats-officedocument.spreadsheetml.sheet,"Sun, 06 Sep 2026 10:56:21 GMT",
4061,4,HS Donji Ulišnjak,water_temperature_reported,WT,Tvode_1Y.xlsx,https://vodostaji.voda.ba/data/internet/stations/4/4061/WT/Tvode_1Y.xlsx,2026-09-07T08:45:17.671139Z,200,3640,application/vnd.openxmlformats-officedocument.spreadsheetml.sheet,"Sun, 06 Sep 2026 10:51:54 GMT",
4062,4,HS Maglaj Grad,discharge_reported,Q,Q_1Y.xlsx,https://vodostaji.voda.ba/data/internet/stations/4/4062/Q/Q_1Y.xlsx,2026-09-07T08:45:18.051406Z,200,444907,application/vnd.openxmlformats-officedocument.spreadsheetml.sheet,"Sun, 06 Sep 2026 11:04:06 GMT",
4062,4,HS Maglaj Grad,stage_reported,H,H_1Y.xlsx,https://vodostaji.voda.ba/data/internet/stations/4/4062/H/H_1Y.xlsx,2026-09-07T08:45:18.432844Z,200,429107,application/vnd.openxmlformats-officedocument.spreadsheetml.sheet,"Sun, 06 Sep 2026 11:03:02 GMT",
4062,4,HS Maglaj Grad,water_temperature_reported,WT,Tvode_1Y.xlsx,https://vodostaji.voda.ba/data/internet/stations/4/4062/WT/Tvode_1Y.xlsx,2026-09-07T08:45:18.813900Z,200,3632,application/vnd.openxmlformats-officedocument.spreadsheetml.sheet,"Sun, 06 Sep 2026 10:53:16 GMT",
4070,4,HS Maglaj,discharge_reported,Q,Q_1Y.xlsx,https://vodostaji.voda.ba/data/internet/stations/4/4070/Q/Q_1Y.xlsx,2026-09-07T08:45:19.187662Z,200,135301,application/vnd.openxmlformats-officedocument.spreadsheetml.sheet,"Sun, 06 Sep 2026 10:57:57 GMT",
4070,4,HS Maglaj,stage_reported,H,H_1Y.xlsx,https://vodostaji.voda.ba/data/internet/stations/4/4070/H/H_1Y.xlsx,2026-09-07T08:45:19.568613Z,200,126782,application/vnd.openxmlformats-officedocument.spreadsheetml.sheet,"Sun, 06 Sep 2026 10:57:24 GMT",
4070,4,HS Maglaj,water_temperature_reported,WT,Tvode_1Y.xlsx,https://vodostaji.voda.ba/data/internet/stations/4/4070/WT/Tvode_1Y.xlsx,2026-09-07T08:45:19.941809Z,200,117433,application/vnd.openxmlformats-officedocument.spreadsheetml.sheet,"Sun, 06 Sep 2026 10:57:39 GMT",
4110,4,HS Ilidža,discharge_reported,Q,Q_1Y.xlsx,https://vodostaji.voda.ba/data/internet/stations/4/4110/Q/Q_1Y.xlsx,2026-09-07T08:45:20.314891Z,200,76202,application/vnd.openxmlformats-officedocument.spreadsheetml.sheet,"Sun, 06 Sep 2026 11:04:58 GMT",
4110,4,HS Ilidža,stage_reported,H,H_1Y.xlsx,https://vodostaji.voda.ba/data/internet/stations/4/4110/H/H_1Y.xlsx,2026-09-07T08:45:20.686467Z,200,74560,application/vnd.openxmlformats-officedocument.spreadsheetml.sheet,"Sun, 06 Sep 2026 11:05:00 GMT",
4110,4,HS Ilidža,water_temperature_reported,WT,Tvode_1Y.xlsx,https://vodostaji.voda.ba/data/internet/stations/4/4110/WT/Tvode_1Y.xlsx,2026-09-07T08:45:21.070677Z,200,29228,application/vnd.openxmlformats-officedocument.spreadsheetml.sheet,"Sun, 06 Sep 2026 11:04:24 GMT",
4111,4,HS Podteljig,discharge_reported,Q,Q_1Y.xlsx,https://vodostaji.voda.ba/data/internet/stations/4/4111/Q/Q_1Y.xlsx,2026-09-07T08:45:21.442608Z,200,118738,application/vnd.openxmlformats-officedocument.spreadsheetml.sheet,"Sun, 06 Sep 2026 10:58:12 GMT",
4111,4,HS Podteljig,stage_reported,H,H_1Y.xlsx,https://vodostaji.voda.ba/data/internet/stations/4/4111/H/H_1Y.xlsx,2026-09-07T08:45:21.824175Z,200,117141,application/vnd.openxmlformats-officedocument.spreadsheetml.sheet,"Sun, 06 Sep 2026 10:57:40 GMT",
4111,4,HS Podteljig,water_temperature_reported,WT,Tvode_1Y.xlsx,https://vodostaji.voda.ba/data/internet/stations/4/4111/WT/Tvode_1Y.xlsx,2026-09-07T08:45:22.198476Z,200,3629,application/vnd.openxmlformats-officedocument.spreadsheetml.sheet,"Sun, 06 Sep 2026 10:53:16 GMT",
4121,4,HS Blažuj,discharge_reported,Q,Q_1Y.xlsx,https://vodostaji.voda.ba/data/internet/stations/4/4121/Q/Q_1Y.xlsx,2026-09-07T08:45:22.582538Z,200,108584,application/vnd.openxmlformats-officedocument.spreadsheetml.sheet,"Sun, 06 Sep 2026 11:05:49 GMT",
4121,4,HS Blažuj,stage_reported,H,H_1Y.xlsx,https://vodostaji.voda.ba/data/internet/stations/4/4121/H/H_1Y.xlsx,2026-09-07T08:45:22.957931Z,200,111941,application/vnd.openxmlformats-officedocument.spreadsheetml.sheet,"Sun, 06 Sep 2026 11:05:50 GMT",
4121,4,HS Blažuj,water_temperature_reported,WT,Tvode_1Y.xlsx,https://vodostaji.voda.ba/data/internet/stations/4/4121/WT/Tvode_1Y.xlsx,2026-09-07T08:45:23.328434Z,200,3630,application/vnd.openxmlformats-officedocument.spreadsheetml.sheet,"Sun, 06 Sep 2026 11:03:00 GMT",
4130,4,HS Doglodi,discharge_reported,Q,Q_1Y.xlsx,https://vodostaji.voda.ba/data/internet/stations/4/4130/Q/Q_1Y.xlsx,2026-09-07T08:45:23.707372Z,200,113648,application/vnd.openxmlformats-officedocument.spreadsheetml.sheet,"Sun, 06 Sep 2026 10:58:27 GMT",
4130,4,HS Doglodi,stage_reported,H,H_1Y.xlsx,https://vodostaji.voda.ba/data/internet/stations/4/4130/H/H_1Y.xlsx,2026-09-07T08:45:24.079249Z,200,115804,application/vnd.openxmlformats-officedocument.spreadsheetml.sheet,"Sun, 06 Sep 2026 10:59:20 GMT",
4130,4,HS Doglodi,water_temperature_reported,WT,Tvode_1Y.xlsx,https://vodostaji.voda.ba/data/internet/stations/4/4130/WT/Tvode_1Y.xlsx,2026-09-07T08:45:24.471589Z,200,3629,application/vnd.openxmlformats-officedocument.spreadsheetml.sheet,"Sun, 06 Sep 2026 10:54:27 GMT",
4142,4,HS Vodoprivreda,discharge_reported,Q,Q_1Y.xlsx,https://vodostaji.voda.ba/data/internet/stations/4/4142/Q/Q_1Y.xlsx,2026-09-07T08:45:24.852835Z,200,115442,application/vnd.openxmlformats-officedocument.spreadsheetml.sheet,"Sun, 06 Sep 2026 11:08:33 GMT",
4142,4,HS Vodoprivreda,stage_reported,H,H_1Y.xlsx,https://vodostaji.voda.ba/data/internet/stations/4/4142/H/H_1Y.xlsx,2026-09-07T08:45:25.226723Z,200,113012,application/vnd.openxmlformats-officedocument.spreadsheetml.sheet,"Sun, 06 Sep 2026 11:08:19 GMT",
4142,4,HS Vodoprivreda,water_temperature_reported,WT,Tvode_1Y.xlsx,https://vodostaji.voda.ba/data/internet/stations/4/4142/WT/Tvode_1Y.xlsx,2026-09-07T08:45:25.605042Z,200,3632,application/vnd.openxmlformats-officedocument.spreadsheetml.sheet,"Sun, 06 Sep 2026 11:04:58 GMT",
4150,4,HS Semizovac,discharge_reported,Q,Q_1Y.xlsx,https://vodostaji.voda.ba/data/internet/stations/4/4150/Q/Q_1Y.xlsx,2026-09-07T08:45:25.985297Z,200,122444,application/vnd.openxmlformats-officedocument.spreadsheetml.sheet,"Sun, 06 Sep 2026 11:08:06 GMT",
4150,4,HS Semizovac,stage_reported,H,H_1Y.xlsx,https://vodostaji.voda.ba/data/internet/stations/4/4150/H/H_1Y.xlsx,2026-09-07T08:45:26.365687Z,200,120993,application/vnd.openxmlformats-officedocument.spreadsheetml.sheet,"Sun, 06 Sep 2026 11:08:02 GMT",
4150,4,HS Semizovac,water_temperature_reported,WT,Tvode_1Y.xlsx,https://vodostaji.voda.ba/data/internet/stations/4/4150/WT/Tvode_1Y.xlsx,2026-09-07T08:45:26.742287Z,200,3630,application/vnd.openxmlformats-officedocument.spreadsheetml.sheet,"Sun, 06 Sep 2026 11:04:25 GMT",
4170,4,HS Podlugovi,discharge_reported,Q,Q_1Y.xlsx,https://vodostaji.voda.ba/data/internet/stations/4/4170/Q/Q_1Y.xlsx,2026-09-07T08:45:27.129565Z,200,119380,application/vnd.openxmlformats-officedocument.spreadsheetml.sheet,"Sun, 06 Sep 2026 11:08:35 GMT",
4170,4,HS Podlugovi,stage_reported,H,H_1Y.xlsx,https://vodostaji.voda.ba/data/internet/stations/4/4170/H/H_1Y.xlsx,2026-09-07T08:45:27.509657Z,200,117145,application/vnd.openxmlformats-officedocument.spreadsheetml.sheet,"Sun, 06 Sep 2026 11:08:26 GMT",
4170,4,HS Podlugovi,water_temperature_reported,WT,Tvode_1Y.xlsx,https://vodostaji.voda.ba/data/internet/stations/4/4170/WT/Tvode_1Y.xlsx,2026-09-07T08:45:27.886156Z,200,3630,application/vnd.openxmlformats-officedocument.spreadsheetml.sheet,"Sun, 06 Sep 2026 11:05:25 GMT",
4220,4,HS Visoko n/F,discharge_reported,Q,Q_1Y.xlsx,https://vodostaji.voda.ba/data/internet/stations/4/4220/Q/Q_1Y.xlsx,2026-09-07T08:45:28.263436Z,200,122578,application/vnd.openxmlformats-officedocument.spreadsheetml.sheet,"Sun, 06 Sep 2026 10:59:20 GMT",
4220,4,HS Visoko n/F,stage_reported,H,H_1Y.xlsx,https://vodostaji.voda.ba/data/internet/stations/4/4220/H/H_1Y.xlsx,2026-09-07T08:45:28.638894Z,200,120884,application/vnd.openxmlformats-officedocument.spreadsheetml.sheet,"Sun, 06 Sep 2026 10:59:03 GMT",
4220,4,HS Visoko n/F,water_temperature_reported,WT,Tvode_1Y.xlsx,https://vodostaji.voda.ba/data/internet/stations/4/4220/WT/Tvode_1Y.xlsx,2026-09-07T08:45:29.020401Z,200,3631,application/vnd.openxmlformats-officedocument.spreadsheetml.sheet,"Sun, 06 Sep 2026 10:53:53 GMT",
4240,4,HS Kakanj n/Zg,discharge_reported,Q,Q_1Y.xlsx,https://vodostaji.voda.ba/data/internet/stations/4/4240/Q/Q_1Y.xlsx,2026-09-07T08:45:29.400289Z,200,119108,application/vnd.openxmlformats-officedocument.spreadsheetml.sheet,"Sun, 06 Sep 2026 11:06:05 GMT",
4240,4,HS Kakanj n/Zg,stage_reported,H,H_1Y.xlsx,https://vodostaji.voda.ba/data/internet/stations/4/4240/H/H_1Y.xlsx,2026-09-07T08:45:29.779765Z,200,119073,application/vnd.openxmlformats-officedocument.spreadsheetml.sheet,"Sun, 06 Sep 2026 11:05:50 GMT",
4240,4,HS Kakanj n/Zg,water_temperature_reported,WT,Tvode_1Y.xlsx,https://vodostaji.voda.ba/data/internet/stations/4/4240/WT/Tvode_1Y.xlsx,2026-09-07T08:45:30.150280Z,200,3632,application/vnd.openxmlformats-officedocument.spreadsheetml.sheet,"Sun, 06 Sep 2026 11:02:58 GMT",
4310,4,HS Travnik,discharge_reported,Q,Q_1Y.xlsx,https://vodostaji.voda.ba/data/internet/stations/4/4310/Q/Q_1Y.xlsx,2026-09-07T08:45:30.545076Z,200,116858,application/vnd.openxmlformats-officedocument.spreadsheetml.sheet,"Sun, 06 Sep 2026 11:07:39 GMT",
4310,4,HS Travnik,stage_reported,H,H_1Y.xlsx,https://vodostaji.voda.ba/data/internet/stations/4/4310/H/H_1Y.xlsx,2026-09-07T08:45:30.924372Z,200,116183,application/vnd.openxmlformats-officedocument.spreadsheetml.sheet,"Sun, 06 Sep 2026 11:06:41 GMT",
4310,4,HS Travnik,water_temperature_reported,WT,Tvode_1Y.xlsx,https://vodostaji.voda.ba/data/internet/stations/4/4310/WT/Tvode_1Y.xlsx,2026-09-07T08:45:31.300491Z,200,3628,application/vnd.openxmlformats-officedocument.spreadsheetml.sheet,"Sun, 06 Sep 2026 11:04:23 GMT",
4340,4,HS Stipovići,discharge_reported,Q,Q_1Y.xlsx,https://vodostaji.voda.ba/data/internet/stations/4/4340/Q/Q_1Y.xlsx,2026-09-07T08:45:31.727460Z,200,127003,application/vnd.openxmlformats-officedocument.spreadsheetml.sheet,"Sun, 06 Sep 2026 11:06:45 GMT",
4340,4,HS Stipovići,stage_reported,H,H_1Y.xlsx,https://vodostaji.voda.ba/data/internet/stations/4/4340/H/H_1Y.xlsx,2026-09-07T08:45:32.115966Z,200,123193,application/vnd.openxmlformats-officedocument.spreadsheetml.sheet,"Sun, 06 Sep 2026 11:06:22 GMT",
4340,4,HS Stipovići,water_temperature_reported,WT,Tvode_1Y.xlsx,https://vodostaji.voda.ba/data/internet/stations/4/4340/WT/Tvode_1Y.xlsx,2026-09-07T08:45:32.492229Z,200,3632,application/vnd.openxmlformats-officedocument.spreadsheetml.sheet,"Sun, 06 Sep 2026 11:03:36 GMT",
4410,4,HS Olovo,discharge_reported,Q,Q_1Y.xlsx,https://vodostaji.voda.ba/data/internet/stations/4/4410/Q/Q_1Y.xlsx,2026-09-07T08:45:32.875120Z,200,127345,application/vnd.openxmlformats-officedocument.spreadsheetml.sheet,"Sun, 06 Sep 2026 11:06:41 GMT",
4410,4,HS Olovo,stage_reported,H,H_1Y.xlsx,https://vodostaji.voda.ba/data/internet/stations/4/4410/H/H_1Y.xlsx,2026-09-07T08:45:33.262803Z,200,123587,application/vnd.openxmlformats-officedocument.spreadsheetml.sheet,"Sun, 06 Sep 2026 11:06:41 GMT",
4410,4,HS Olovo,water_temperature_reported,WT,Tvode_1Y.xlsx,https://vodostaji.voda.ba/data/internet/stations/4/4410/WT/Tvode_1Y.xlsx,2026-09-07T08:45:33.643573Z,200,3627,application/vnd.openxmlformats-officedocument.spreadsheetml.sheet,"Sun, 06 Sep 2026 11:03:46 GMT",
4411,4,HS Bioštica,discharge_reported,Q,Q_1Y.xlsx,https://vodostaji.voda.ba/data/internet/stations/4/4411/Q/Q_1Y.xlsx,2026-09-07T08:45:34.023005Z,200,123522,application/vnd.openxmlformats-officedocument.spreadsheetml.sheet,"Sun, 06 Sep 2026 11:00:09 GMT",
4411,4,HS Bioštica,stage_reported,H,H_1Y.xlsx,https://vodostaji.voda.ba/data/internet/stations/4/4411/H/H_1Y.xlsx,2026-09-07T08:45:34.396719Z,200,121256,application/vnd.openxmlformats-officedocument.spreadsheetml.sheet,"Sun, 06 Sep 2026 11:00:08 GMT",
4411,4,HS Bioštica,water_temperature_reported,WT,Tvode_1Y.xlsx,https://vodostaji.voda.ba/data/internet/stations/4/4411/WT/Tvode_1Y.xlsx,2026-09-07T08:45:34.770065Z,200,3631,application/vnd.openxmlformats-officedocument.spreadsheetml.sheet,"Sun, 06 Sep 2026 10:55:22 GMT",
4412,4,HS Olovske Luke,discharge_reported,Q,Q_1Y.xlsx,https://vodostaji.voda.ba/data/internet/stations/4/4412/Q/Q_1Y.xlsx,2026-09-07T08:45:35.163857Z,200,122911,application/vnd.openxmlformats-officedocument.spreadsheetml.sheet,"Sun, 06 Sep 2026 11:08:41 GMT",
4412,4,HS Olovske Luke,stage_reported,H,H_1Y.xlsx,https://vodostaji.voda.ba/data/internet/stations/4/4412/H/H_1Y.xlsx,2026-09-07T08:45:35.541753Z,200,121004,application/vnd.openxmlformats-officedocument.spreadsheetml.sheet,"Sun, 06 Sep 2026 11:08:35 GMT",
4412,4,HS Olovske Luke,water_temperature_reported,WT,Tvode_1Y.xlsx,https://vodostaji.voda.ba/data/internet/stations/4/4412/WT/Tvode_1Y.xlsx,2026-09-07T08:45:35.917502Z,200,3633,application/vnd.openxmlformats-officedocument.spreadsheetml.sheet,"Sun, 06 Sep 2026 11:05:45 GMT",
4420,4,HS Maoča,discharge_reported,Q,Q_1Y.xlsx,https://vodostaji.voda.ba/data/internet/stations/4/4420/Q/Q_1Y.xlsx,2026-09-07T08:45:36.291506Z,200,126010,application/vnd.openxmlformats-officedocument.spreadsheetml.sheet,"Sun, 06 Sep 2026 11:06:22 GMT",
4420,4,HS Maoča,stage_reported,H,H_1Y.xlsx,https://vodostaji.voda.ba/data/internet/stations/4/4420/H/H_1Y.xlsx,2026-09-07T08:45:36.662681Z,200,121297,application/vnd.openxmlformats-officedocument.spreadsheetml.sheet,"Sun, 06 Sep 2026 11:06:41 GMT",
4420,4,HS Maoča,water_temperature_reported,WT,Tvode_1Y.xlsx,https://vodostaji.voda.ba/data/internet/stations/4/4420/WT/Tvode_1Y.xlsx,2026-09-07T08:45:37.034477Z,200,3631,application/vnd.openxmlformats-officedocument.spreadsheetml.sheet,"Sun, 06 Sep 2026 11:04:23 GMT",
4430,4,HS Zavidovići n/K,discharge_reported,Q,Q_1Y.xlsx,https://vodostaji.voda.ba/data/internet/stations/4/4430/Q/Q_1Y.xlsx,2026-09-07T08:45:37.414717Z,200,129290,application/vnd.openxmlformats-officedocument.spreadsheetml.sheet,"Sun, 06 Sep 2026 11:07:39 GMT",
4430,4,HS Zavidovići n/K,stage_reported,H,H_1Y.xlsx,https://vodostaji.voda.ba/data/internet/stations/4/4430/H/H_1Y.xlsx,2026-09-07T08:45:37.808313Z,200,124256,application/vnd.openxmlformats-officedocument.spreadsheetml.sheet,"Sun, 06 Sep 2026 11:07:19 GMT",
4430,4,HS Zavidovići n/K,water_temperature_reported,WT,Tvode_1Y.xlsx,https://vodostaji.voda.ba/data/internet/stations/4/4430/WT/Tvode_1Y.xlsx,2026-09-07T08:45:38.191292Z,200,117984,application/vnd.openxmlformats-officedocument.spreadsheetml.sheet,"Sun, 06 Sep 2026 11:07:38 GMT",
4450,4,HS Liješnica,discharge_reported,Q,Q_1Y.xlsx,https://vodostaji.voda.ba/data/internet/stations/4/4450/Q/Q_1Y.xlsx,2026-09-07T08:45:38.572134Z,200,121173,application/vnd.openxmlformats-officedocument.spreadsheetml.sheet,"Sun, 06 Sep 2026 11:08:27 GMT",
4450,4,HS Liješnica,stage_reported,H,H_1Y.xlsx,https://vodostaji.voda.ba/data/internet/stations/4/4450/H/H_1Y.xlsx,2026-09-07T08:45:38.957147Z,200,119768,application/vnd.openxmlformats-officedocument.spreadsheetml.sheet,"Sun, 06 Sep 2026 11:08:05 GMT",
4450,4,HS Liješnica,water_temperature_reported,WT,Tvode_1Y.xlsx,https://vodostaji.voda.ba/data/internet/stations/4/4450/WT/Tvode_1Y.xlsx,2026-09-07T08:45:39.334716Z,200,3634,application/vnd.openxmlformats-officedocument.spreadsheetml.sheet,"Sun, 06 Sep 2026 11:04:41 GMT",
4510,4,HS Kaloševići,discharge_reported,Q,Q_1Y.xlsx,https://vodostaji.voda.ba/data/internet/stations/4/4510/Q/Q_1Y.xlsx,2026-09-07T08:45:39.714780Z,200,123838,application/vnd.openxmlformats-officedocument.spreadsheetml.sheet,"Sun, 06 Sep 2026 11:06:06 GMT",
4510,4,HS Kaloševići,stage_reported,H,H_1Y.xlsx,https://vodostaji.voda.ba/data/internet/stations/4/4510/H/H_1Y.xlsx,2026-09-07T08:45:40.087421Z,200,120600,application/vnd.openxmlformats-officedocument.spreadsheetml.sheet,"Sun, 06 Sep 2026 11:06:06 GMT",
4510,4,HS Kaloševići,water_temperature_reported,WT,Tvode_1Y.xlsx,https://vodostaji.voda.ba/data/internet/stations/4/4510/WT/Tvode_1Y.xlsx,2026-09-07T08:45:40.459238Z,200,3638,application/vnd.openxmlformats-officedocument.spreadsheetml.sheet,"Sun, 06 Sep 2026 11:02:58 GMT",
4610,4,HS Strašanj,discharge_reported,Q,Q_1Y.xlsx,https://vodostaji.voda.ba/data/internet/stations/4/4610/Q/Q_1Y.xlsx,2026-09-07T08:45:40.833138Z,200,105171,application/vnd.openxmlformats-officedocument.spreadsheetml.sheet,"Sun, 06 Sep 2026 11:08:19 GMT",
4610,4,HS Strašanj,stage_reported,H,H_1Y.xlsx,https://vodostaji.voda.ba/data/internet/stations/4/4610/H/H_1Y.xlsx,2026-09-07T08:45:41.213984Z,200,123640,application/vnd.openxmlformats-officedocument.spreadsheetml.sheet,"Sun, 06 Sep 2026 11:08:31 GMT",
4610,4,HS Strašanj,water_temperature_reported,WT,Tvode_1Y.xlsx,https://vodostaji.voda.ba/data/internet/stations/4/4610/WT/Tvode_1Y.xlsx,2026-09-07T08:45:41.591712Z,200,3633,application/vnd.openxmlformats-officedocument.spreadsheetml.sheet,"Sun, 06 Sep 2026 11:05:25 GMT",
4620,4,HS Modrac,discharge_reported,Q,Q_1Y.xlsx,https://vodostaji.voda.ba/data/internet/stations/4/4620/Q/Q_1Y.xlsx,2026-09-07T08:45:41.972935Z,200,109679,application/vnd.openxmlformats-officedocument.spreadsheetml.sheet,"Sun, 06 Sep 2026 11:08:28 GMT",
4620,4,HS Modrac,stage_reported,H,H_1Y.xlsx,https://vodostaji.voda.ba/data/internet/stations/4/4620/H/H_1Y.xlsx,2026-09-07T08:45:42.357639Z,200,115878,application/vnd.openxmlformats-officedocument.spreadsheetml.sheet,"Sun, 06 Sep 2026 11:08:41 GMT",
4620,4,HS Modrac,water_temperature_reported,WT,Tvode_1Y.xlsx,https://vodostaji.voda.ba/data/internet/stations/4/4620/WT/Tvode_1Y.xlsx,2026-09-07T08:45:42.728549Z,200,3628,application/vnd.openxmlformats-officedocument.spreadsheetml.sheet,"Sun, 06 Sep 2026 11:05:26 GMT",
4630,4,HS Karanovac,discharge_reported,Q,Q_1Y.xlsx,https://vodostaji.voda.ba/data/internet/stations/4/4630/Q/Q_1Y.xlsx,2026-09-07T08:45:43.116655Z,200,128495,application/vnd.openxmlformats-officedocument.spreadsheetml.sheet,"Sun, 06 Sep 2026 11:08:37 GMT",
4630,4,HS Karanovac,stage_reported,H,H_1Y.xlsx,https://vodostaji.voda.ba/data/internet/stations/4/4630/H/H_1Y.xlsx,2026-09-07T08:45:43.499093Z,200,124591,application/vnd.openxmlformats-officedocument.spreadsheetml.sheet,"Sun, 06 Sep 2026 11:08:37 GMT",
4630,4,HS Karanovac,water_temperature_reported,WT,Tvode_1Y.xlsx,https://vodostaji.voda.ba/data/internet/stations/4/4630/WT/Tvode_1Y.xlsx,2026-09-07T08:45:43.873923Z,200,3630,application/vnd.openxmlformats-officedocument.spreadsheetml.sheet,"Sun, 06 Sep 2026 11:05:28 GMT",
5010,5,HS Goražde,discharge_reported,Q,Q_1Y.xlsx,https://vodostaji.voda.ba/data/internet/stations/5/5010/Q/Q_1Y.xlsx,2026-09-07T08:45:44.246286Z,200,277099,application/vnd.openxmlformats-officedocument.spreadsheetml.sheet,"Sun, 06 Sep 2026 11:08:52 GMT",
5010,5,HS Goražde,stage_reported,H,H_1Y.xlsx,https://vodostaji.voda.ba/data/internet/stations/5/5010/H/H_1Y.xlsx,2026-09-07T08:45:44.618459Z,200,248983,application/vnd.openxmlformats-officedocument.spreadsheetml.sheet,"Sun, 06 Sep 2026 11:08:52 GMT",
5010,5,HS Goražde,water_temperature_reported,WT,Tvode_1Y.xlsx,https://vodostaji.voda.ba/data/internet/stations/5/5010/WT/Tvode_1Y.xlsx,2026-09-07T08:45:44.994295Z,200,227703,application/vnd.openxmlformats-officedocument.spreadsheetml.sheet,"Sun, 06 Sep 2026 11:08:42 GMT",
5101,5,HS Prača,discharge_reported,Q,Q_1Y.xlsx,https://vodostaji.voda.ba/data/internet/stations/5/5101/Q/Q_1Y.xlsx,2026-09-07T08:45:45.378884Z,200,124422,application/vnd.openxmlformats-officedocument.spreadsheetml.sheet,"Sun, 06 Sep 2026 11:05:33 GMT",
5101,5,HS Prača,stage_reported,H,H_1Y.xlsx,https://vodostaji.voda.ba/data/internet/stations/5/5101/H/H_1Y.xlsx,2026-09-07T08:45:45.761513Z,200,122170,application/vnd.openxmlformats-officedocument.spreadsheetml.sheet,"Sun, 06 Sep 2026 11:04:59 GMT",
5101,5,HS Prača,water_temperature_reported,WT,Tvode_1Y.xlsx,https://vodostaji.voda.ba/data/internet/stations/5/5101/WT/Tvode_1Y.xlsx,2026-09-07T08:45:46.141551Z,200,120470,application/vnd.openxmlformats-officedocument.spreadsheetml.sheet,"Sun, 06 Sep 2026 11:05:15 GMT",
9017,2,HS Hrustovo,discharge_reported,Q,Q_1Y.xlsx,https://vodostaji.voda.ba/data/internet/stations/2/9017/Q/Q_1Y.xlsx,2026-09-07T08:45:46.513819Z,200,112596,application/vnd.openxmlformats-officedocument.spreadsheetml.sheet,"Sun, 06 Sep 2026 11:03:18 GMT",
9017,2,HS Hrustovo,stage_reported,H,H_1Y.xlsx,https://vodostaji.voda.ba/data/internet/stations/2/9017/H/H_1Y.xlsx,2026-09-07T08:45:46.889801Z,200,109480,application/vnd.openxmlformats-officedocument.spreadsheetml.sheet,"Sun, 06 Sep 2026 11:03:00 GMT",
9017,2,HS Hrustovo,water_temperature_reported,WT,Tvode_1Y.xlsx,https://vodostaji.voda.ba/data/internet/stations/2/9017/WT/Tvode_1Y.xlsx,2026-09-07T08:45:47.268577Z,200,114576,application/vnd.openxmlformats-officedocument.spreadsheetml.sheet,"Sun, 06 Sep 2026 11:02:58 GMT",
9018,2,HS Sanica,discharge_reported,Q,Q_1Y.xlsx,https://vodostaji.voda.ba/data/internet/stations/2/9018/Q/Q_1Y.xlsx,2026-09-07T08:45:47.654403Z,200,129264,application/vnd.openxmlformats-officedocument.spreadsheetml.sheet,"Sun, 06 Sep 2026 11:03:18 GMT",
9018,2,HS Sanica,stage_reported,H,H_1Y.xlsx,https://vodostaji.voda.ba/data/internet/stations/2/9018/H/H_1Y.xlsx,2026-09-07T08:45:48.030452Z,200,121489,application/vnd.openxmlformats-officedocument.spreadsheetml.sheet,"Sun, 06 Sep 2026 11:02:59 GMT",
9018,2,HS Sanica,water_temperature_reported,WT,Tvode_1Y.xlsx,https://vodostaji.voda.ba/data/internet/stations/2/9018/WT/Tvode_1Y.xlsx,2026-09-07T08:45:48.423186Z,200,111084,application/vnd.openxmlformats-officedocument.spreadsheetml.sheet,"Sun, 06 Sep 2026 11:02:45 GMT",
9019,2,HS Bliha,discharge_reported,Q,Q_1Y.xlsx,https://vodostaji.voda.ba/data/internet/stations/2/9019/Q/Q_1Y.xlsx,2026-09-07T08:45:48.799636Z,200,120300,application/vnd.openxmlformats-officedocument.spreadsheetml.sheet,"Sun, 06 Sep 2026 11:00:08 GMT",
9019,2,HS Bliha,stage_reported,H,H_1Y.xlsx,https://vodostaji.voda.ba/data/internet/stations/2/9019/H/H_1Y.xlsx,2026-09-07T08:45:49.176933Z,200,119230,application/vnd.openxmlformats-officedocument.spreadsheetml.sheet,"Sun, 06 Sep 2026 11:00:08 GMT",
9019,2,HS Bliha,water_temperature_reported,WT,Tvode_1Y.xlsx,https://vodostaji.voda.ba/data/internet/stations/2/9019/WT/Tvode_1Y.xlsx,2026-09-07T08:45:49.548367Z,200,119582,application/vnd.openxmlformats-officedocument.spreadsheetml.sheet,"Sun, 06 Sep 2026 10:59:20 GMT",
9030,4,HS Fojnica,discharge_reported,Q,Q_1Y.xlsx,https://vodostaji.voda.ba/data/internet/stations/4/9030/Q/Q_1Y.xlsx,2026-09-07T08:45:49.919726Z,200,120589,application/vnd.openxmlformats-officedocument.spreadsheetml.sheet,"Sun, 06 Sep 2026 10:59:01 GMT",
9030,4,HS Fojnica,stage_reported,H,H_1Y.xlsx,https://vodostaji.voda.ba/data/internet/stations/4/9030/H/H_1Y.xlsx,2026-09-07T08:45:50.301729Z,200,118999,application/vnd.openxmlformats-officedocument.spreadsheetml.sheet,"Sun, 06 Sep 2026 10:59:02 GMT",
9030,4,HS Fojnica,water_temperature_reported,WT,Tvode_1Y.xlsx,https://vodostaji.voda.ba/data/internet/stations/4/9030/WT/Tvode_1Y.xlsx,2026-09-07T08:45:50.686292Z,200,3628,application/vnd.openxmlformats-officedocument.spreadsheetml.sheet,"Sun, 06 Sep 2026 10:53:53 GMT",
9044,4,HS Živinice,discharge_reported,Q,Q_1Y.xlsx,https://vodostaji.voda.ba/data/internet/stations/4/9044/Q/Q_1Y.xlsx,2026-09-07T08:45:51.062901Z,200,122354,application/vnd.openxmlformats-officedocument.spreadsheetml.sheet,"Sun, 06 Sep 2026 10:59:54 GMT",
9044,4,HS Živinice,stage_reported,H,H_1Y.xlsx,https://vodostaji.voda.ba/data/internet/stations/4/9044/H/H_1Y.xlsx,2026-09-07T08:45:51.443633Z,200,120894,application/vnd.openxmlformats-officedocument.spreadsheetml.sheet,"Sun, 06 Sep 2026 10:59:20 GMT",
9044,4,HS Živinice,water_temperature_reported,WT,Tvode_1Y.xlsx,https://vodostaji.voda.ba/data/internet/stations/4/9044/WT/Tvode_1Y.xlsx,2026-09-07T08:45:51.824063Z,200,3632,application/vnd.openxmlformats-officedocument.spreadsheetml.sheet,"Sun, 06 Sep 2026 10:54:38 GMT",
9045,4,HS Donja Višća,discharge_reported,Q,Q_1Y.xlsx,https://vodostaji.voda.ba/data/internet/stations/4/9045/Q/Q_1Y.xlsx,2026-09-07T08:45:52.216484Z,200,125042,application/vnd.openxmlformats-officedocument.spreadsheetml.sheet,"Sun, 06 Sep 2026 11:08:19 GMT",
9045,4,HS Donja Višća,stage_reported,H,H_1Y.xlsx,https://vodostaji.voda.ba/data/internet/stations/4/9045/H/H_1Y.xlsx,2026-09-07T08:45:52.588980Z,200,122686,application/vnd.openxmlformats-officedocument.spreadsheetml.sheet,"Sun, 06 Sep 2026 11:08:19 GMT",
9045,4,HS Donja Višća,water_temperature_reported,WT,Tvode_1Y.xlsx,https://vodostaji.voda.ba/data/internet/stations/4/9045/WT/Tvode_1Y.xlsx,2026-09-07T08:45:52.965974Z,200,3639,application/vnd.openxmlformats-officedocument.spreadsheetml.sheet,"Sun, 06 Sep 2026 11:04:58 GMT",
